path,status,n_samples,duration_s,dt_s,n_channels,rpot_ohm,residual_pct,resistance_status,n_maxima,period_samples,f0_hz,quantum_V,clip_pct,peak_status,sha256
chua/chaos - 716.9 ohm.csv,ok,499999,0.499998,1.000000000001e-06,3,709.0307266657205,3.4276649383358198,ok,1411,346,2890.1734104017337,0.20100490000000004,0.0416000832001664,ok,30d7f7fe7d8640c27b55b63c43943242d64f5566344365371742838a565c9a4a
chua/comparisons/trace1.csv,ok,500000,0.19999963999999998,3.999999999976245e-07,3,,,non-physical divider coefficients; check channels/clipping,0,0,0.0,0.04341699999999982,0.4904,no periodicity found (not oscillating?),00030676591c53da55d5cbdc1242e251f830cb643467508fce6aa7ff6e725e7f
chua/comparisons/trace2.csv,ok,500000,0.19999963999999998,3.999999999976245e-07,3,,,non-physical divider coefficients; check channels/clipping,0,0,0.0,0.04341699999999982,1.1472,no periodicity found (not oscillating?),57a9e28ab2bc08f54d0c8be8b185e0211877c7e40e959092e7b133536cba6ed5
chua/comparisons/trace3.csv,ok,500000,0.19999963999999998,3.999999999976245e-07,3,,,non-physical divider coefficients; check channels/clipping,0,0,0.0,0.04341699999999982,6.6502,no periodicity found (not oscillating?),acb040cc77d6ddaa50e74d85feb9fe7f0077056d31a3d35330bb0fdd95615840
chua/comparisons/trace4.csv,ok,500000,0.19999963999999998,3.999999999976245e-07,3,,,non-physical divider coefficients; check channels/clipping,0,0,0.0,0.04341699999999982,10.9774,no periodicity found (not oscillating?),6c009b8afc2afb6045ad9524d22589b7e1177ebaf2b4c2a5d988993b9016b683
chua/comparisons/trace5.csv,ok,500000,0.19999963999999998,3.999999999976245e-07,3,,,non-physical divider coefficients; check channels/clipping,0,0,0.0,0.04341699999999982,0.0602,no periodicity found (not oscillating?),71454e8c53e9e6f89310b71528355cc164f0775c9ef864a09e44ce960f1481c7
chua/comparisons/trace6.csv,ok,500000,0.19999963999999998,3.999999999976245e-07,3,,,non-physical divider coefficients; check channels/clipping,0,0,0.0,0.04341699999999982,0.3516,no periodicity found (not oscillating?),d99ae9a69cd394aa19600e3851101ad947da4027c8fa27a9a7ede08460092671
chua/comparisons/trace7.csv,ok,500000,0.19999963999999998,3.999999999976245e-07,3,,,non-physical divider coefficients; check channels/clipping,0,0,0.0,0.04341699999999982,0.5096,no periodicity found (not oscillating?),372c3ed5a37e03ce8f15499ff8a380da2b0c83788d9423ae228173be3a4dba8f
chua/comparisons/trace8.csv,ok,500000,0.19999963999999998,3.999999999976245e-07,3,,,non-physical divider coefficients; check channels/clipping,0,0,0.0,0.04341699999999982,0.4712,no periodicity found (not oscillating?),13b383a9e5302f4ca3daa08be884612d67a876db668b74571f054a2b7f49813c
chua/comparisons/trace9.csv,ok,500000,0.19999963999999998,3.999999999976245e-07,3,250.7616532784458,13.23817739658835,CHECK,0,0,0.0,0.04341699999999982,6.0576,no periodicity found (not oscillating?),64bbab0bdfd6d247b98980ac0659f8a719b2285703973f22c191c1ac920ca06d
chua/comparisons/trace10.csv,ok,500000,0.19999963999999998,3.999999999976245e-07,3,397.87537055570596,11.364952403327237,CHECK,0,0,0.0,0.04341699999999982,0.1086,no periodicity found (not oscillating?),657003daab97fdb01659873e6ae53307ca43aa1ece7405529f42af41780ea77b
chua/comparisons/trace11.csv,ok,500000,0.19999963999999998,3.999999999976245e-07,3,450.2344172311691,11.155437395784944,CHECK,0,0,0.0,0.04341699999999982,0.0148,no periodicity found (not oscillating?),18a648bd9961017a5a517d091280b08dd9fd90911f20bfda6a4801569e4b8085
chua/comparisons/trace12.csv,ok,500000,0.19999963999999998,3.999999999976245e-07,3,544.2101178678555,5.296266823851192,CHECK,0,0,0.0,0.04341699999999982,0.0042,no periodicity found (not oscillating?),dff46068c56ecb2a408b4748a1e4636f436d85a1bc518c9ae5b1e0cffd3118e4
chua/comparisons/trace13.csv,ok,500000,0.19999963999999998,3.999999999976245e-07,3,708.1801657695179,8.25197879557213,CHECK,0,0,0.0,0.04341699999999982,0.0668,no periodicity found (not oscillating?),e3d4fab9c2be24b50739f9d45815813b095ccfd384c17d427f8fa4b11ce404b4
chua/comparisons/trace14.csv,ok,500000,0.19999963999999998,3.999999999976245e-07,3,776.2350601878001,8.207713464513262,CHECK,0,0,0.0,0.04341699999999982,0.165,no periodicity found (not oscillating?),03df768c8136b0eac3d6e643302fb673bcb698c8421f98b4a8513f0911fa74a2
chua/comparisons/trace15.csv,ok,500000,0.19999963999999998,3.999999999976245e-07,3,851.9377174367779,5.757873931954638,CHECK,600,823,3037.667071706983,0.04341699999999982,0.0246,ok,001bc850e30bfbbdbbdf689b1d316087709b093523b755d6c23ebfbe64f4a9c1
chua/comparisons/trace16.csv,ok,500000,0.19999963999999998,3.999999999976245e-07,3,868.9075302335834,5.236860670606001,CHECK,600,815,3067.4846625949044,0.04341699999999982,0.0276,ok,629cbaf2e3282567885ac5d1d308f99b337dffdc07afcf3a94b236657b00de9b
chua/comparisons/trace17.csv,ok,500000,0.19999963999999998,3.999999999976245e-07,3,871.0085346090449,4.298681688120275,ok,599,819,3052.5030525211805,0.04341699999999982,2.0372,ok,1d56f675b8a0737efcfeebe086f3e5807014daf868879f924b10502d06f60420
chua/comparisons/trace18.csv,ok,500000,0.19999963999999998,3.999999999976245e-07,3,870.3736464907772,3.4826224915804436,ok,597,832,3004.807692325537,0.04341699999999982,0.0174,ok,1174300977d5b3a4d59218660751c8bbdb6d554bce70c4bf27fe4ae81e77b286
chua/comparisons/trace19.csv,ok,500000,0.19999963999999998,3.999999999976245e-07,3,867.2662250330186,2.9009391272114553,ok,597,834,2997.60191848303,0.04341699999999982,0.4792,ok,1794cdc1024238d3c385a24d773111546eb54e871ea34f281e5b071b8b8b3d0e
chua/comparisons/trace20.csv,ok,500000,0.19999963999999998,3.999999999976245e-07,3,872.4593606913438,2.482311470195038,ok,595,833,3001.2004802099004,0.04341699999999982,0.4052,ok,ffc83883bfba9551cc9c19936163df502ae37517f972f6bc82fda005b1a1837e
chua/comparisons/trace21.csv,ok,500000,0.19999963999999998,3.999999999976245e-07,3,868.9780739779644,2.268052232636616,ok,595,837,2986.8578255852412,0.04341699999999982,0.5532,ok,6378c52aac584a1627b3e8f997f684ce29bc3011f70a0186e7fbc1f57bed288f
chua/comparisons/trace22.csv,ok,500000,0.19999963999999998,3.999999999976245e-07,3,867.0912426943624,2.0509545594368013,ok,594,834,2997.60191848303,0.04341699999999982,0.765,ok,b935bbabac88f66e617925c5f53baedfb9e5e7eebc4690cfceea9e9e75bedcdc
chua/comparisons/trace23.csv,ok,500000,0.19999963999999998,3.999999999976245e-07,3,866.6762815240562,1.671020994348389,ok,592,841,2972.651605249521,0.04341699999999982,0.304,ok,976cf80b34d6fd64fea770f7b3627024bf0c038ea51152e6a4c6cfc3bffabf8f
chua/comparisons/trace24.csv,ok,500000,0.19999963999999998,3.999999999976245e-07,3,861.5375204631808,1.4860576369062608,ok,590,843,2965.5990510259157,0.04341699999999982,0.0464,ok,50a8f742d56a89e935d8a90a80f8c1237f24a811fd50b2e59ce1bc0fceae3a33
chua/comparisons/trace25.csv,ok,500000,0.19999963999999998,3.999999999976245e-07,3,858.4230927493095,1.2916258201166284,ok,588,848,2948.1132075646783,0.04341699999999982,0.1246,ok,f227334d7e0f8a51216c4e2459ce0fa2e0cb463b1a7ee92f764bb2dd8f779e2a
chua/doublescroll 2 - 656.7ohm.csv,ok,499999,0.499998,1.000000000001e-06,3,642.8742046910239,2.3438260267661866,ok,1332,341,2932.551319645161,0.20100479999999998,0.0068000136000272,ok,ce836374cacd2a273d5fd04d098cdcf323ebff65336858e5d96f622da52a9f97
chua/doublescroll end - 316.1ohm.csv,ok,499999,0.499998,1.000000000001e-06,3,315.6318450984347,0.7141826584203667,ok,1402,342,2923.9766081842104,0.20100479999999998,0.006000012000024,ok,8c6c074fa1f119dd6db355d6143eda2c19a63f840381080d27b21c04340a6d8f
chua/doublescroll start - 666.0 ohm.csv,ok,499999,0.499998,1.000000000001e-06,3,654.7657173459495,2.226063768677471,ok,1376,341,2932.551319645161,0.20100479999999998,0.111000222000444,ok,f0586166479019f44bca3a38a8cc6a0ff089bcd211c0aba83a06137dde9a122c
chua/limitcycle1 - 773.0 ohm.csv,ok,499999,0.499998,1.000000000001e-06,3,760.1239843741406,3.4898993996623697,ok,1427,336,2976.1904761875,0.20100490000000004,0.9544019088038176,ok,20050caa3724c92e994d426347f15fc1002e7ed375c3d90b87e4698c9c3d6f7b
chua/limitcycle2 - 764.6 ohm.csv,ok,499999,0.499998,1.000000000001e-06,3,752.13650283721,4.101977231074718,ok,1428,333,3003.003003,0.20100479999999998,1.9202038404076809,ok,f721b0f323a47e7a8798fe6be6456c6163f5b205fcff02d9cf138a52d8c99fed
chua/set 2/sweep back/trace1.csv,ok,500000,0.19999963999999998,3.999999999976245e-07,3,2.56695561997243,0.29795839050729184,ok,563,857,2917.1528588271262,0.075577,0.1376,ok,98e8c083c4adfe21265c65799983939614cc22d1dd368e20478d34ccaf36f63f
chua/set 2/sweep back/trace2.csv,ok,500000,0.19999963999999998,3.999999999976245e-07,3,29.605932921733206,0.29731676676469104,ok,562,871,2870.264064310961,0.075577,0.0698,ok,42b48e12e0908e8daeff46460c1ff0aa4b8a2b6656cb8b462f821c23c312a063
chua/set 2/sweep back/trace3.csv,ok,500000,0.19999963999999998,3.999999999976245e-07,3,58.157821583701576,0.2965292435660618,ok,561,884,2828.054298659329,0.075577,0.0308,ok,55f97faeae93715d5e3b41ab0b247f8583bef2458d663e083bd38722d9ac5c86
chua/set 2/sweep back/trace4.csv,ok,500000,0.19999963999999998,3.999999999976245e-07,3,90.91523949266475,0.2959237310541826,ok,561,891,2805.836139186136,0.075577,3.0296,ok,c7888184986f7322b9f446174fe8d14703194f7ddac351ee98bafbe75f14b1a3
chua/set 2/sweep back/trace5.csv,ok,500000,0.19999963999999998,3.999999999976245e-07,3,129.40733164407823,0.29510027350498097,ok,559,891,2805.836139186136,0.075577,1.2286,ok,667ebd842205726b02c986c01d24d7e30d53567504cdf6337221fc3e932b8577
chua/set 2/sweep back/trace6.csv,ok,500000,0.19999963999999998,3.999999999976245e-07,3,165.78781610965385,0.29403965252430364,ok,558,888,2815.315315332035,0.075577,0.4522,ok,409d7b358b30568feb2b26a8aec7ff4714aa7d67c25099fdbf49065272f6745d
chua/set 2/sweep back/trace7.csv,ok,500000,0.19999963999999998,3.999999999976245e-07,3,202.74113889512626,0.293773702981056,ok,557,882,2834.467120198239,0.075577,2.7056,ok,00c2b3bbdce9454e628122459c1bccaae749f029e4b4cd1f43e105ab379ebf55
chua/set 2/sweep back/trace8.csv,ok,500000,0.19999963999999998,3.999999999976245e-07,3,239.60321941192015,0.29515916251291235,ok,556,871,2870.264064310961,0.075577,1.5368,ok,19b3fce0685e4aa0cea04a812e2703f943fbf50f44ae13b9fd0c95ff51ddda51
chua/set 2/sweep back/trace9.csv,ok,500000,0.19999963999999998,3.999999999976245e-07,3,279.9682686256059,0.29569338695399017,ok,555,890,2808.9887640616257,0.075577,0.5362,ok,e2039c1d9d8eb21abfa1316bd9dc16e49a4d20ac41cb30686ab2b1d623d6cf39
chua/set 2/sweep back/trace10.csv,ok,500000,0.19999963999999998,3.999999999976245e-07,3,317.8336602208998,0.2987229251452733,ok,554,902,2771.618625293622,0.075577,2.352,ok,0a599da48f63726e7b39ff26d5d11d5280bfcbde92ed9799683e28cee5124628
chua/set 2/sweep back/trace11.csv,ok,500000,0.19999963999999998,3.999999999976245e-07,3,352.53641637295914,0.2992353219571554,ok,552,903,2768.549280193629,0.075577,1.0444,ok,3253bdd062156cd16f2619e954d8c2e66bdfbfd83870ad4bd793ec0c4f7ce390
chua/set 2/sweep back/trace12.csv,ok,500000,0.19999963999999998,3.999999999976245e-07,3,385.74706802806236,0.3002110638814101,ok,551,897,2787.0680044758606,0.075577,0.1904,ok,c7fc861cc018bf18a17bd065320df49052d9316d0f024bd9de19b1aed1583354
chua/set 2/sweep back/trace13.csv,ok,500000,0.19999963999999998,3.999999999976245e-07,3,416.6166594472742,0.30473837571218115,ok,549,875,2857.1428571598253,0.075577,0.027,ok,c7ddffe9f682cb088f994ae9180325ff1e1f9f237f5f4fbe293f52b8765b2e78
chua/set 2/sweep back/trace14.csv,ok,500000,0.19999963999999998,3.999999999976245e-07,3,449.8728793038667,0.30919188729131186,ok,548,882,2834.467120198239,0.075577,2.6308,ok,a700c3cc002ac5c868e4855fd8cfffd0a241b1689c6ddd4b67d45cc9569f39cb
chua/set 2/sweep back/trace15.csv,ok,500000,0.19999963999999998,3.999999999976245e-07,3,481.3082593040656,0.3144573245742269,ok,546,913,2738.2256298081566,0.075577,3.1716,ok,537e4e0f1cc9734793a537c724cabebcbeba325e31dbdb195ea8d179a2ba1626
chua/set 2/sweep back/trace16.csv,ok,500000,0.19999963999999998,3.999999999976245e-07,3,514.5408784401752,0.3179401666900069,ok,544,918,2723.311546857132,0.075577,1.2442,ok,72b944e4466425cdf079e2616c1c977f44c828bee32870e446e52881386cdfb0
chua/set 2/sweep back/trace17.csv,ok,500000,0.19999963999999998,3.999999999976245e-07,3,538.644284810084,0.31949730175145163,ok,542,913,2738.2256298081566,0.075577,0.2776,ok,c407507bf4e067b5b62c2b0d610848eeb5307713187d202195bb9f59bce90a96
chua/set 2/sweep back/trace18.csv,ok,500000,0.19999963999999998,3.999999999976245e-07,3,554.7834049939464,0.32339422786083255,ok,540,901,2774.694783590285,0.075577,0.0742,ok,b27f21eaa57157538167c12b4718879efadfd0bf43479fd4692568d6bd9a0fc4
chua/set 2/sweep back/trace19.csv,ok,500000,0.19999963999999998,3.999999999976245e-07,3,570.2937527929528,0.3256804342410234,ok,539,884,2828.054298659329,0.075577,0.023,ok,ce1581d04c4dad6dd79afa03ea39cee5d0ddac35dd649c16a909f5d39e7bc5c1
chua/set 2/sweep back/trace20.csv,ok,500000,0.19999963999999998,3.999999999976245e-07,3,588.9925692914542,0.33147564335786267,ok,537,900,2777.7777777942742,0.075577,2.472,ok,2f80f10810a04498a6414ceb6b2633db4e4c7049ce33bac48784a9e778df8796
chua/set 2/sweep back/trace21.csv,ok,500000,0.19999963999999998,3.999999999976245e-07,3,607.6069426634971,0.3374131483658093,ok,535,929,2691.0656620181344,0.075577,3.51,ok,2a190c5248bdc0e6f5ea6a7febb42c944e00aa577481fe4f3facdcbf23fecae7
chua/set 2/sweep back/trace22.csv,ok,500000,0.19999963999999998,3.999999999976245e-07,3,627.5699495273367,0.34325088686428357,ok,532,938,2665.2452025744637,0.075577,1.285,ok,a236e07b0b7894f72c59cbd5b1ffc280a9ebfb683ccbd621feee2811b873ac3e
chua/set 2/sweep back/trace23.csv,ok,500000,0.19999963999999998,3.999999999976245e-07,3,639.4449597940348,0.3474704546871125,ok,530,941,2656.74814029208,0.075577,0.4696,ok,1272e7a3b859c6ff3e429e8236cb594c7472e6a90fa01e3fbd3b82a26b2e9fd8
chua/set 2/sweep back/trace24.csv,ok,500000,0.19999963999999998,3.999999999976245e-07,3,651.6205299588547,0.3519025083396404,ok,527,923,2708.5590466033013,0.075577,0.0498,ok,98ee3bdca0dd0d5674400f821e8251a0036674266d51a4f00360c2204d8be810
chua/set 2/sweep back/trace25.csv,ok,500000,0.19999963999999998,3.999999999976245e-07,3,665.0027031973603,0.36254743580353904,ok,524,939,2662.40681577726,0.075577,0.9956,ok,950130c2e779bf969bf2d8700531a6ed7766e6429b2201d2eb850cfb6bdefd79
chua/set 2/sweep back/trace26.csv,ok,500000,0.19999963999999998,3.999999999976245e-07,3,678.9674105540101,0.36724548199738927,ok,519,961,2601.456815832307,0.075577,1.0354,ok,a5dc47d31a5d0ca8cf9148a73fa1eb7a937e38d22cea5a0a5e9cebda3cd44e41
chua/set 2/sweep back/trace27.csv,ok,500000,0.19999963999999998,3.999999999976245e-07,3,689.7451758283394,0.3772179757429793,ok,514,950,2631.5789473840496,0.075577,2.4826,ok,9945b352ef69cd68db7bcc62190f1269a3ba07057ca866a7b8a8736e056f82de
chua/set 2/sweep back/trace28.csv,ok,500000,0.19999963999999998,3.999999999976245e-07,3,693.4208322710846,0.480455866684279,ok,558,871,2870.264064310961,0.02170799999999984,0.0662,ok,f8fdc9edc47c4e99a97c4dd4f7280e1b15c2746b73abd0cb72bc0b15d7142878
chua/set 2/sweep back/trace29.csv,ok,500000,0.19999963999999998,3.999999999976245e-07,3,709.0880858382865,0.47576642752791093,ok,558,882,2834.467120198239,0.02090399999999981,0.0092,ok,96fc6179ae7257694485c0096ad3570b01cd0352e3529475af6e5773456cb185
chua/set 2/sweep back/trace30.csv,ok,500000,0.19999963999999998,3.999999999976245e-07,3,720.6484152121728,0.47716953099534454,ok,558,894,2796.4205816720882,0.02090399999999981,0.0152,ok,01ef775a584f93ca64386c813c5c34fac63f4420ddde05c97fde2b9182dd6568
chua/set 2/sweep back/trace31.csv,ok,500000,0.19999963999999998,3.999999999976245e-07,3,731.5999629721642,0.48083710679967084,ok,561,888,2815.315315332035,0.02090399999999981,0.0244,ok,e33be7ea637b534fc250b1168351a9dd0580bcc266836fa4acef2acc74b4b796
chua/set 2/sweep back/trace32.csv,ok,500000,0.19999963999999998,3.999999999976245e-07,3,734.1689865177241,0.4688216540378573,ok,561,888,2815.315315332035,0.02090399999999981,0.0086,ok,adb5b739c9fe0f463cdd53994cfcc6cc4f417f395c21c7736950d8c9fa84317c
chua/set 2/sweep back/trace33.csv,ok,500000,0.19999963999999998,3.999999999976245e-07,3,734.1689865177241,0.4688216540378573,ok,561,888,2815.315315332035,0.02090399999999981,0.0086,ok,adb5b739c9fe0f463cdd53994cfcc6cc4f417f395c21c7736950d8c9fa84317c
chua/set 2/sweep back/trace34.csv,ok,500000,0.19999963999999998,3.999999999976245e-07,3,734.7930842845669,0.4739145972863396,ok,558,902,2771.618625293622,0.02090399999999981,0.0008,ok,09ba2213375293ca402421b75bdffccf608d44bce411ef3f24aa5cc403869517
chua/set 2/sweep back/trace35.csv,ok,500000,0.19999963999999998,3.999999999976245e-07,3,742.9225521054256,0.4706336151256131,ok,558,899,2780.8676307172937,0.02090399999999981,0.095,ok,7d21634390f0da55116848bb3217941d15e9f43660f834a522366c88153f2e97
chua/set 2/sweep back/trace36.csv,ok,500000,0.19999963999999998,3.999999999976245e-07,3,748.9005305447014,0.4683957788942955,ok,560,896,2790.1785714451416,0.02090399999999981,0.0668,ok,bfdf5bf965538e9c1a38da9397be42730e8596bc18cb149c044d26195cdc793a
chua/set 2/sweep back/trace37.csv,ok,500000,0.19999963999999998,3.999999999976245e-07,3,751.7100442927045,0.4662835878400111,ok,560,897,2787.0680044758606,0.02090399999999981,0.0052,ok,15445c0adeff41955797e62f32f7cb99e270b63e48944b5ee2bafba133e16957
chua/set 2/sweep back/trace38.csv,ok,500000,0.19999963999999998,3.999999999976245e-07,3,754.1484898455229,0.4693068934099218,ok,560,893,2799.552071685159,0.02090399999999981,0.0092,ok,ef94f5b63ade6f0f055b59faa5068cf1641d8b93222469aeb2b3d34fbdd86655
chua/set 2/sweep back/trace39.csv,ok,500000,0.19999963999999998,3.999999999976245e-07,3,756.3485781231309,0.46677216581318454,ok,561,892,2802.690582976286,0.02090399999999981,0.0396,ok,ccae488c4989805c3aa7464202fba874e2f67e14b09de83260920e49e0190c22
chua/set 2/sweep back/trace40.csv,ok,500000,0.19999963999999998,3.999999999976245e-07,3,757.7559544782532,0.467720635812338,ok,562,892,2802.690582976286,0.02090399999999981,0.1036,ok,fee7f359fff34076cca0ac120949f2678bfc97cff297b0b87d35f87ddf57fdd8
chua/set 2/sweep back/trace41.csv,ok,500000,0.49999899999999997,1.000000000001e-06,3,754.6788969350778,0.4782475303549024,ok,1406,358,2793.296089382681,0.02090399999999981,0.014,ok,25d754b732c7854d686058673ff78ab986d6596fe178087455da33fa5abed3e2
chua/set 2/sweep back/trace42.csv,ok,500000,0.49999899999999997,1.000000000001e-06,3,755.506533378917,0.47306328805147463,ok,1408,354,2824.8587570593218,0.02090399999999981,0.177,ok,6791d7e4cadcb0fbf54d86267c607c84130e5987187e75bd394f215882ab62b1
chua/set 2/sweep back/trace43.csv,ok,500000,0.49999899999999997,1.000000000001e-06,3,757.1041990799449,0.470194397608629,ok,1408,356,2808.988764042135,0.02090399999999981,0.007,ok,afc3d3ecd9f9fe058da0ba04ef91877092aa56a9861759e33f87e7cba483c5dd
chua/set 2/sweep back/trace44.csv,ok,500000,0.49999899999999997,1.000000000001e-06,3,759.073091837893,0.4723733044258883,ok,1409,354,2824.8587570593218,0.02090399999999981,0.0354,ok,7baceae00652eb80d7af2e2ae0d785a571f075218fbffc7d2dc3af7c07722d71
chua/set 2/sweep back/trace45.csv,ok,500000,0.49999899999999997,1.000000000001e-06,3,760.5640439647319,0.47305836477615554,ok,1410,353,2832.8611897988667,0.02090399999999981,0.0928,ok,671fa98ab6db060c389e06b32df6cac900604c13ada5b118bd2e7beae0a3d3da
chua/set 2/sweep back/trace46.csv,ok,500000,0.49999899999999997,1.000000000001e-06,3,762.4480557503501,0.46874448511596756,ok,1410,356,2808.988764042135,0.02090399999999981,0.4552,ok,4120468aaf522b44a61aafe35c47225a4b87229088dacaac12245af1b5b94644
chua/set 2/sweep back/trace47.csv,ok,500000,0.49999899999999997,1.000000000001e-06,3,764.5742000196032,0.46850314159905443,ok,1410,354,2824.8587570593218,0.02090399999999981,0.2084,ok,6f3228777b9413d34745fc1bd24c80d46d960876195a4358d99c97e40bbd526d
chua/set 2/sweep back/trace48.csv,ok,500000,0.49999899999999997,1.000000000001e-06,3,768.6153658196663,0.46896206574198374,ok,1412,354,2824.8587570593218,0.02090399999999981,0.0514,ok,202a9bc9683c42ca7fb82426d689f4684fffb78e8004d78f2e14d0c5db4bc168
chua/set 2/sweep back/trace49.csv,ok,500000,0.49999899999999997,1.000000000001e-06,3,770.8200764735811,0.46422594736947287,ok,1412,353,2832.8611897988667,0.02090399999999981,0.0178,ok,a6de2748a41cb979c6ceddb0ecfbcbf1ddddea20d3060a1e318ec42fc4cb719d
chua/set 2/sweep back/trace50.csv,ok,500000,0.49999899999999997,1.000000000001e-06,3,772.8066658910242,0.46507492354247043,ok,1412,354,2824.8587570593218,0.02090399999999981,0.7192,ok,a7e550771e6bdadd40947119248f7fe7ffd39ffb5b4323db4962da5a1d019205
chua/set 2/sweep back/trace51.csv,ok,500000,0.49999899999999997,1.000000000001e-06,3,775.0133751095178,0.47047719196369725,ok,1413,353,2832.8611897988667,0.02090399999999981,0.001,ok,db5300a2da92ec9dfc306005b00184eb0e93af7d8185ea8faf9eac6b9532065d
chua/set 2/sweep back/trace52.csv,ok,500000,0.49999899999999997,1.000000000001e-06,3,779.5307168524366,0.4732964505068259,ok,1414,353,2832.8611897988667,0.02090399999999981,0.009,ok,2230852ca35c9cd5860623192f469a974eee4a93a46e2ba3dc156011f9faf9b5
chua/set 2/sweep back/trace53.csv,ok,500000,0.49999899999999997,1.000000000001e-06,3,779.5439736412139,0.47560150873504814,ok,1414,353,2832.8611897988667,0.02090399999999981,0.1754,ok,1e5e7d6b7642c58791abb91f53d8585675a52b839d2fea3d3c98f5d747f8a3b2
chua/set 2/sweep back/trace54.csv,ok,500000,0.49999899999999997,1.000000000001e-06,3,780.9044508893224,0.48181703868000564,ok,1415,352,2840.9090909062497,0.02090399999999981,0.5482,ok,c52a90e6dc4639929be4c23f0ab4c3799f4631ee98a93b301ebd4665f7f7809c
chua/set 2/sweep back/trace55.csv,ok,500000,0.49999899999999997,1.000000000001e-06,3,791.2604030750387,0.4650652291290233,ok,1421,350,2857.1428571399997,0.02090399999999981,0.0272,ok,a7f221c96ec4b1e58e41c3ae4ba13bf8c1875873c7c07d60054235ffe4ec4432
chua/set 2/sweep back/trace56.csv,ok,500000,0.49999899999999997,1.000000000001e-06,3,796.7715429936878,0.464390910951905,ok,1424,351,2849.002849,0.02090399999999981,0.0456,ok,f952865a95ee0c4c93f414dd712b46c85cafd49a13b6ef4ee5ce7d896822b965
chua/set 2/sweep back/trace57.csv,ok,500000,0.49999899999999997,1.000000000001e-06,3,802.2080642733148,0.45872971230278453,ok,1426,349,2865.3295128911172,0.02090399999999981,0.457,ok,0f6464da2ece504cab4b2c17302cedbe072cd5fed97f146301fb65b99797cb13
chua/set 2/sweep back/trace58.csv,ok,500000,0.49999899999999997,1.000000000001e-06,3,813.6374227445249,0.45504775717245816,ok,1432,349,2865.3295128911172,0.02090399999999981,0.0038,ok,104bf7cd88d607816bebf9a3625b6f2b2366327dc5f3e30379090901db109b47
chua/set 2/sweep back/trace59.csv,ok,500000,0.49999899999999997,1.000000000001e-06,3,829.3891587328756,0.44474858251205407,ok,1441,347,2881.844380400576,0.02090399999999981,0.0046,ok,c083b91922557c1df3e75ee743d4ba77fbe0fa7e67db2ecb9eca9af1bc6fe74d
chua/set 2/sweep back/trace60.csv,ok,500000,0.49999899999999997,1.000000000001e-06,3,843.957258881076,0.43773838224060657,ok,1450,344,2906.976744183139,0.02090399999999981,0.0326,ok,c0dd060ea49f87309eae86bca9a8c5fe4c5996a6cb841a7a54ab8f9bdfc7a707
chua/set 2/sweep back/trace61.csv,ok,500000,0.49999899999999997,1.000000000001e-06,3,849.8313425907158,0.4776241323996064,ok,1458,342,2923.9766081842104,0.02090399999999981,0.0008,ok,57ba85b058251df69f6f7fddade0b4c0c93f8e4481545ec3cd856335ac898e3b
chua/set 2/sweep back/trace62.csv,ok,500000,0.49999899999999997,1.000000000001e-06,3,852.398010543609,0.5144648649517741,ok,1463,341,2932.551319645161,0.02090399999999981,0.0204,ok,f38992c3ff6209fd29f2dc99e3507e9d7928bc5371c973f956310e4e9c3f1c54
chua/set 2/sweep back/trace63.csv,ok,500000,0.49999899999999997,1.000000000001e-06,3,855.8844622898207,0.4703553294613764,ok,1470,339,2949.852507371681,0.01607999999999965,0.0006,ok,aa80e753a6681a3747cca3bb83b7c6d21a289d93c2e7dc67d23d85b481481426
chua/set 2/sweep back/trace64.csv,ok,500000,0.49999899999999997,1.000000000001e-06,3,868.2455110277965,0.615996482994213,ok,1483,336,2976.1904761875,0.01366799999999957,0.0082,ok,8761869540858ca0fdc6eb5d70cb07db1a5a0a89e888a5e624f7a8d8c833b6a9
chua/set 2/sweep back/trace65.csv,ok,500000,0.49999899999999997,1.000000000001e-06,3,871.1736393783019,0.7238972310803288,ok,1493,334,2994.0119760449097,0.01004999999999967,0.0172,ok,d3fa7a27c2fbc6cd85964cc26cca861e2aa3b4f67ad5711dca0cd4cde6a991f4
chua/set 2/sweep back/trace66.csv,ok,500000,0.49999899999999997,1.000000000001e-06,3,885.9162258912845,0.9487988676263721,ok,1501,333,3003.003003,0.008441999999999616,0.0014,ok,915ce6212b39c6b0b3c05c1a76758bbdebdb942fc9c6c4e56fa69963920622c6
chua/set 2/sweep back/trace67.csv,ok,500000,0.49999899999999997,1.000000000001e-06,3,892.5937734447054,1.311586216369054,ok,1507,331,3021.148036250755,0.008441999999999616,0.0016,ok,a6abd2fd995973eca8ffc0fe6c779d9d4b50eb19eb25e681a7c1ea1b62f9b474
chua/set 2/sweep back/trace68.csv,ok,500000,0.49999899999999997,1.000000000001e-06,3,905.6210266556386,2.0538563266311343,ok,1513,330,3030.3030302999996,0.008441999999999616,0.0034,ok,7b32703d02cfff179945d9a2167918776a7a95d6070947bf2b4d24349f6ed4c7
chua/set 2/sweep back/trace69.csv,ok,500000,0.49999899999999997,1.000000000001e-06,3,914.9450797598148,2.624080516133711,ok,1515,329,3039.5136778085102,0.008441999999999616,0.0068,ok,aae8852849088804456e907b992b4095b59b556f722ce563bfcc189cec504d33
chua/set 2/sweep back/trace70.csv,ok,500000,0.49999899999999997,1.000000000001e-06,3,912.6281640948846,4.404381892151665,ok,1518,328,3048.780487801829,0.008441999999999616,0.0018,ok,fef613b98362cd2b42c09f0dce296ab4decca79152f6c62ba6a60f869106909c
chua/set 2/sweep back/trace71.csv,ok,500000,0.49999899999999997,1.000000000001e-06,3,2574.631771449227,10.552777663287335,CHECK,0,0,0.0,0.008441999999999616,0.0068,no periodicity found (not oscillating?),31c131b5de7bb71a2892a3ac680e33f06db7ed162f04af23451584a2dc90f307
chua/set 2/sweep back/trace72.csv,ok,500000,0.49999899999999997,1.000000000001e-06,3,,,non-physical divider coefficients; check channels/clipping,0,0,0.0,0.008441999999999616,0.0008,no periodicity found (not oscillating?),18c1a1e97c2279fb26a0dcea265038b4f6175f78e3f2422e704ca55b8c96cd65
chua/set 2/sweep back/trace73.csv,ok,500000,0.49999899999999997,1.000000000001e-06,3,,,non-physical divider coefficients; check channels/clipping,0,0,0.0,0.008441999999999616,0.0002,no periodicity found (not oscillating?),c3621cd4a933f22b3d84ed7187007e9006905af643d566bdf168f76d073e2f87
chua/set 2/sweep back/trace74.csv,ok,500000,0.49999899999999997,1.000000000001e-06,3,,,non-physical divider coefficients; check channels/clipping,0,0,0.0,0.008441999999999616,0.0124,no periodicity found (not oscillating?),1fe960c74609b0380bff7009109aab3b2904d063a808a7975f6f9fb827e70cf1
chua/set 2/sweep back/trace75.csv,ok,500000,0.49999899999999997,1.000000000001e-06,3,,,non-physical divider coefficients; check channels/clipping,0,0,0.0,0.00844200000000006,0.0006,no periodicity found (not oscillating?),bf19859bd04ee3fc764e7ead96d51af4037941d1bc76fd6b2dd5bdef7441703b
chua/set 2/sweep back/trace76.csv,ok,500000,0.49999899999999997,1.000000000001e-06,3,,,non-physical divider coefficients; check channels/clipping,0,0,0.0,0.008441999999999616,0.0096,no periodicity found (not oscillating?),117dd3f334e83167b18e7e39e9576688e303755ecf8ebd5767aac2aa4e7fa836
chua/set 2/sweep forward/trace1.csv,ok,500000,0.19999963999999998,3.999999999976245e-07,3,,,non-physical divider coefficients; check channels/clipping,0,0,0.0,0.008441999999999616,0.0018,no periodicity found (not oscillating?),e134b603457c7bc9aba440cc0a1663788bc5291e9a1c03b2186fbe218fc6ee80
chua/set 2/sweep forward/trace2.csv,ok,500000,0.19999963999999998,3.999999999976245e-07,3,,,non-physical divider coefficients; check channels/clipping,0,0,0.0,0.00844200000000006,0.041,no periodicity found (not oscillating?),e3fa36946f39fe650fbd5af59212a95bdd486a6f1fb59f617f5fd1c1ad8c8175
chua/set 2/sweep forward/trace3.csv,ok,500000,0.19999963999999998,3.999999999976245e-07,3,,,non-physical divider coefficients; check channels/clipping,0,0,0.0,0.008441999999999616,0.0906,no periodicity found (not oscillating?),cf57569a6be7d074c6dc026bc261343e15cbe9b056e5f2384a0b60c9c143d123
chua/set 2/sweep forward/trace4.csv,ok,500000,0.19999963999999998,3.999999999976245e-07,3,,,non-physical divider coefficients; check channels/clipping,0,0,0.0,0.008441999999999616,0.0214,no periodicity found (not oscillating?),591fa0da00dea57a652b065f10bce3dabc033adb374a70e83b04570749190be3
chua/set 2/sweep forward/trace5.csv,ok,500000,0.19999963999999998,3.999999999976245e-07,3,2611.0463321986304,10.776347757678687,CHECK,0,0,0.0,0.00844200000000006,0.0002,no periodicity found (not oscillating?),9aa7c08382cf237bcdb30a4052d9c47b505a1bc13f4ae761334ba0c9a7992b3a
chua/set 2/sweep forward/trace6.csv,ok,500000,0.19999963999999998,3.999999999976245e-07,3,780.1790113931338,8.421035897569764,CHECK,0,0,0.0,0.008441999999999616,0.0868,no periodicity found (not oscillating?),29a04b33659466bc0d70a93542f476d35d95e9a5f6bfe836ba011291639035dd
chua/set 2/sweep forward/trace7.csv,ok,500000,0.19999963999999998,3.999999999976245e-07,3,837.998614226601,7.093575274070204,CHECK,0,0,0.0,0.008441999999999616,0.0004,no periodicity found (not oscillating?),542260f155395fc45e88a6e9b5b90ba41845f20cb74389a393f6181033ce2520
chua/set 2/sweep forward/trace8.csv,ok,500000,0.19999963999999998,3.999999999976245e-07,3,863.2347129225975,6.204856830454646,CHECK,0,0,0.0,0.008441999999999616,0.0014,no periodicity found (not oscillating?),5f95ff9fe285d5a3049f9e916bfcaa534661fe7c6d797384001c5cef3c298c0e
chua/set 2/sweep forward/trace9.csv,ok,500000,0.19999963999999998,3.999999999976245e-07,3,879.6193165004714,4.924805408088572,ok,605,824,3033.98058254229,0.008441999999999616,0.0108,ok,71b4f0385070e059b764628f947e9045514119ee449ece124be97d09533b66b6
chua/set 2/sweep forward/trace10.csv,ok,500000,0.19999963999999998,3.999999999976245e-07,3,883.3281512085933,4.4987614518589725,ok,605,824,3033.98058254229,0.008441999999999616,0.0038,ok,1c36d1e4c981fac286b3929297790e5d04aa1d9cdd5729023da68889514d36c6
chua/set 2/sweep forward/trace11.csv,ok,500000,0.19999963999999998,3.999999999976245e-07,3,886.7980183747366,3.931039825669649,ok,604,825,3030.3030303210267,0.008441999999999616,0.0154,ok,eaae0009743f1d47b0e225f12142fcf9ba0c2b513cc6d1cabb525ba9e0f89457
chua/set 2/sweep forward/trace12.csv,ok,500000,0.19999963999999998,3.999999999976245e-07,3,889.2566568222177,3.7388761706483935,ok,605,822,3041.3625304316874,0.008441999999999616,0.003,ok,68fe9a7c83897d5f5dfcc08b5e77e425de9e329a0a938eafe945a63eaf1c42ef
chua/set 2/sweep forward/trace13.csv,ok,500000,0.19999963999999998,3.999999999976245e-07,3,893.6560946162716,3.268437901703468,ok,605,828,3019.323671515516,0.008441999999999616,0.0554,ok,9a755c73d032c721a92811a39b845af616adfa0bba28867eb6e5fcb91a73850e
chua/set 2/sweep forward/trace14.csv,ok,500000,0.19999963999999998,3.999999999976245e-07,3,894.514468563192,2.963850862959625,ok,604,826,3026.6343825845606,0.008441999999999616,0.1538,ok,85c5df56ad973524fa5bf394e194dc51a49e4833d97d4e8c43e07f3275d46546
chua/set 2/sweep forward/trace15.csv,ok,500000,0.19999963999999998,3.999999999976245e-07,3,894.4693139893806,2.664418384078405,ok,604,826,3026.6343825845606,0.008441999999999616,0.0306,ok,1ebeeb9ba53440ed9308f1b00804359f512c6055a98cfd79464f9f3d75fe3263
chua/set 2/sweep forward/trace16.csv,ok,500000,0.19999963999999998,3.999999999976245e-07,3,895.9753016254274,2.6005473713699585,ok,604,827,3022.974607031254,0.008441999999999616,0.013,ok,cc1cd5d2fd3861c4472b6a90da94ffa863381d85973031737036834abba00f37
chua/set 2/sweep forward/trace17.csv,ok,500000,0.19999963999999998,3.999999999976245e-07,3,899.6084077572398,2.314404133466139,ok,604,826,3026.6343825845606,0.008441999999999616,0.004,ok,e7c1b83c532ebe9bda492b81e091b3415d17677b0e0c61452b2dc2c51dc2519d
chua/set 2/sweep forward/trace18.csv,ok,500000,0.19999963999999998,3.999999999976245e-07,3,898.7820966134096,2.1418811595546887,ok,603,828,3019.323671515516,0.008441999999999616,0.0068,ok,7564b4db6ad4df03c8361f5fbed21448960ea44870fd57be7c1718eca0fc60f0
chua/set 2/sweep forward/trace19.csv,ok,500000,0.19999963999999998,3.999999999976245e-07,3,901.5459873579305,1.8680153653180303,ok,604,829,3015.68154404686,0.008441999999999616,0.0048,ok,7a87371742906626652adeabe04d8e11897bb5307308b7b16ebe701da7ca1d7d
chua/set 2/sweep forward/trace20.csv,ok,500000,0.19999963999999998,3.999999999976245e-07,3,900.8828744432577,1.8221629774939334,ok,603,828,3019.323671515516,0.008441999999999616,0.0238,ok,3d0f6079004bd1f5218fb5d6e14f48cd1e53bc35c9080edcac1285545f4c4920
chua/set 2/sweep forward/trace21.csv,ok,500000,0.19999963999999998,3.999999999976245e-07,3,898.7125641315674,1.6419232714288825,ok,603,829,3015.68154404686,0.008441999999999616,0.015,ok,ce47092b73f8fd1d92190505ba4e27a42e8e78d65b19cc6da756932178e8a278
chua/set 2/sweep forward/trace22.csv,ok,500000,0.19999963999999998,3.999999999976245e-07,3,895.7097381870387,1.5597820789123034,ok,603,829,3015.68154404686,0.008441999999999616,0.0178,ok,9c1bb483bbea70e9ed13fb11440529a5b08de28d8e2496ccce6497ed37409732
chua/set 2/sweep forward/trace23.csv,ok,500000,0.19999963999999998,3.999999999976245e-07,3,895.4830031852717,1.3879668091190491,ok,602,829,3015.68154404686,0.008441999999999616,0.0012,ok,3be7f5024d810c65cd6350126d3e47616d923b021c91cfaec105b943e1300ba8
chua/set 2/sweep forward/trace24.csv,ok,500000,0.19999963999999998,3.999999999976245e-07,3,893.9932779334683,1.2958725605604053,ok,601,830,3012.0481927889723,0.008441999999999616,0.0024,ok,332fab14a699379c1363f840d0f98842561e6369c16a7ebd8513fbcca8d40cb1
chua/set 2/sweep forward/trace25.csv,ok,500000,0.19999963999999998,3.999999999976245e-07,3,891.2008130769133,1.1862865881243079,ok,601,832,3004.807692325537,0.008441999999999616,0.001,ok,fb5c06c041026eae91235dd88bb3051e93c268449698c5effc817ab07fa71264
chua/set 2/sweep forward/trace26.csv,ok,500000,0.19999963999999998,3.999999999976245e-07,3,887.9825624999049,0.9880155111168689,ok,600,832,3004.807692325537,0.008441999999999616,0.0704,ok,9dd90910bfb1f38c52654fd93d371b2c6d329eabeea2253ca0bc7e8e01e3956b
chua/set 2/sweep forward/trace27.csv,ok,500000,0.19999963999999998,3.999999999976245e-07,3,885.6984258925899,0.9410359797360004,ok,599,833,3001.2004802099004,0.008441999999999616,0.005,ok,ac799a4cf9c5c0b96c7820b5992a54eee7993c6b573b6a02c18c309eefd0556b
chua/set 2/sweep forward/trace28.csv,ok,500000,0.19999963999999998,3.999999999976245e-07,3,883.7117647570983,0.8719902941298426,ok,599,835,2994.011976065685,0.008441999999999616,0.0346,ok,414d56dc550e14028653d8a9ba9e18e708f9a1b7e9467fc52ed512527ccbaba3
chua/set 2/sweep forward/trace29.csv,ok,500000,0.19999963999999998,3.999999999976245e-07,3,879.4992171832175,0.7361864549328674,ok,597,838,2983.293556103636,0.008441999999999616,0.0008,ok,79d7aadd579a3b7fe394c18c6f05189b7d37a4392025136eca67b6a894c552ef
chua/set 2/sweep forward/trace30.csv,ok,500000,0.19999963999999998,3.999999999976245e-07,3,876.9446003154684,0.6454011258190804,ok,596,838,2983.293556103636,0.008441999999999616,0.0106,ok,daecf1674b2d0e7e2b7f9c1b02849fee57366afb62d77268e431d0dac08df04c
chua/set 2/sweep forward/trace31.csv,ok,500000,0.19999963999999998,3.999999999976245e-07,3,871.8476671200438,0.5865457500813859,ok,594,839,2979.7377830927853,0.01004999999999967,0.0112,ok,a3a5ba2e080ec1c0b9760110299f575b5de5c606ff14fa0e7ad4dfdfd2c33044
chua/set 2/sweep forward/trace32.csv,ok,500000,0.19999963999999998,3.999999999976245e-07,3,867.9773743744669,0.5581641113257994,ok,593,842,2969.121140160151,0.011255999999999933,0.0208,ok,91d35326abdddbf35340d7a7a813e9c2f7dd192977c5442774b7893df07f90f3
chua/set 2/sweep forward/trace33.csv,ok,500000,0.19999963999999998,3.999999999976245e-07,3,864.2784203665905,0.5118561895070591,ok,592,842,2969.121140160151,0.011255999999999489,0.0446,ok,55a55c6b1b6f6dfc5a2a7c6e4d6025e7c63bd395577e8ac0412c09facec79c2b
chua/set 2/sweep forward/trace34.csv,ok,500000,0.19999963999999998,3.999999999976245e-07,3,866.4780879936478,0.5172512890715633,ok,591,844,2962.0853080744632,0.012863999999999542,0.0246,ok,e103192fcdc109e7ff20569690fca1ff810f971b188aae68b1f45b0409610f10
chua/set 2/sweep forward/trace35.csv,ok,500000,0.19999963999999998,3.999999999976245e-07,3,863.2493636609437,0.49667952923042136,ok,590,846,2955.0827423343344,0.01406999999999936,0.0212,ok,9404f0c2ab073a025434c4d900e193add023095bb18769c7da5962bc1361dbdb
chua/set 2/sweep forward/trace36.csv,ok,500000,0.19999963999999998,3.999999999976245e-07,3,855.2768218278698,0.45552178895087675,ok,586,851,2937.7203290421235,0.01808999999999994,0.105,ok,4b351a7ada5a4d3649c8e7ef5507befde01d075ec6e2be45dc75b47c70983b09
chua/set 2/sweep forward/trace37.csv,ok,500000,0.19999963999999998,3.999999999976245e-07,3,851.5962516443625,0.42353744042458097,ok,583,849,2944.6407538455205,0.019295999999999758,0.0058,ok,cb33e8e59df9d0345a046cb8d43789b759b79b90eda8e59a545953791fab8f59
chua/set 2/sweep forward/trace38.csv,ok,500000,0.19999963999999998,3.999999999976245e-07,3,849.4566277004169,0.43881076707632355,ok,580,859,2910.360884766993,0.02090399999999981,0.3494,ok,629fb088b1bf143a087a4291f0e4760e4d3adb89c2132db34df2501da3d77b54
chua/set 2/sweep forward/trace39.csv,ok,500000,0.19999963999999998,3.999999999976245e-07,3,842.6961987894716,0.4414578518079565,ok,578,864,2893.5185185357027,0.02090399999999981,0.2702,ok,30b249238aa9a7ad95a2b01c312b43aa2d9bcd722082093a6471ee0ee632d3b7
chua/set 2/sweep forward/trace40.csv,ok,500000,0.19999963999999998,3.999999999976245e-07,3,837.4745566373032,0.4375543799899211,ok,578,859,2910.360884766993,0.02090399999999981,0.1108,ok,27c3e45fbeaa2c1f6e3b944e3c1b55826d42faae8506d66965b38fd81fcdae1d
chua/set 2/sweep forward/trace41.csv,ok,500000,0.19999963999999998,3.999999999976245e-07,3,828.228818046513,0.4475324439888016,ok,576,868,2880.1843318143397,0.02090399999999981,0.0202,ok,5bf626679019caae44ca2c2ef2c3124c463fb642f148d3413e0d37e65241f74f
chua/set 2/sweep forward/trace42.csv,ok,500000,0.19999963999999998,3.999999999976245e-07,3,818.3473628428549,0.4519427687886786,ok,574,870,2873.56321840787,0.02090399999999981,0.0378,ok,8dbde474e4926ef3874c821bba9f2149dacf8b4bbc1b6d355197087fae6a4c79
chua/set 2/sweep forward/trace43.csv,ok,500000,0.19999963999999998,3.999999999976245e-07,3,808.5397319759728,0.4552189224488538,ok,572,873,2863.688430715747,0.02090399999999981,0.0748,ok,1ba807c56baf70c1f4ff4c087a4d2e10317380d8f6a2ea30387fd7fe16ee9b51
chua/set 2/sweep forward/trace44.csv,ok,500000,0.19999963999999998,3.999999999976245e-07,3,798.9772902982845,0.4662098872334023,ok,570,876,2853.8812785557616,0.02090399999999981,0.0208,ok,82c387603e90863a3c0f1275628d044972ffb144209e0259c4d0c51e548dc58b
chua/set 2/sweep forward/trace45.csv,ok,500000,0.19999963999999998,3.999999999976245e-07,3,788.2134626922048,0.47763569498745667,ok,568,877,2850.627137987283,0.02090399999999981,0.2228,ok,19cd6a28ce8852ac3ccb856ecdf889b784c64055f31eb285357c702a02216607
chua/set 2/sweep forward/trace46.csv,ok,500000,0.19999963999999998,3.999999999976245e-07,3,777.4450521541277,0.48307036210303944,ok,566,881,2837.684449506069,0.02090399999999981,0.066,ok,fee6849dae932ebf8ae9cda620c07bfd422b8e09948e5f39f8c7dd1a940b3b37
chua/set 2/sweep forward/trace47.csv,ok,500000,0.19999963999999998,3.999999999976245e-07,3,777.9062925200666,0.48475672872597436,ok,567,880,2840.9090909259626,0.02090399999999981,0.461,ok,dfee3c102de2798a0abe23ce5f2dafdd8ec96c04e9fcd65d35017a3d537d76ca
chua/set 2/sweep forward/trace48.csv,ok,500000,0.19999963999999998,3.999999999976245e-07,3,776.5097208392833,0.4836560837139238,ok,567,881,2837.684449506069,0.02090399999999981,0.0052,ok,71a3532446e2db898238b165bee4c578935a19a5cce0d60e576186f93b79c871
chua/set 2/sweep forward/trace49.csv,ok,500000,0.19999963999999998,3.999999999976245e-07,3,776.8015230382127,0.47833524710132164,ok,567,880,2840.9090909259626,0.02090399999999981,0.2086,ok,0f0aaf18753b91f29792014db818f8feeac6276583bb838bf04c7ed7549d6076
chua/set 2/sweep forward/trace50.csv,ok,500000,0.19999963999999998,3.999999999976245e-07,3,775.8827424579503,0.47947140794042714,ok,566,876,2853.8812785557616,0.02090399999999981,0.0064,ok,1b9145ae60d9bba6064c93ddd8eee3e3af75fe6ddb4237387574c463ea35e58e
chua/set 2/sweep forward/trace51.csv,ok,500000,0.19999963999999998,3.999999999976245e-07,3,775.0069710856562,0.4765675527731087,ok,566,880,2840.9090909259626,0.02090399999999981,0.2336,ok,4de99670c8157d601eb1f2986816fcc3decccd156feb14b7b17cef0a1827e275
chua/set 2/sweep forward/trace52.csv,ok,500000,0.19999963999999998,3.999999999976245e-07,3,774.434237137014,0.47890203469048553,ok,566,882,2834.467120198239,0.02090399999999981,0.2084,ok,550e70c699fc6b97638a9b599bf997bc33b7ce4556fe1d80cf89f3860f870d6f
chua/set 2/sweep forward/trace53.csv,ok,500000,0.19999963999999998,3.999999999976245e-07,3,773.8292523165005,0.4754826578139734,ok,566,879,2844.141069413933,0.02090399999999981,0.0382,ok,1a97e90de8a59e2c4b9bf346fb7e4f8491a7f4279ed8b88d3a9cf17d14d09f6a
chua/set 2/sweep forward/trace54.csv,ok,500000,0.19999963999999998,3.999999999976245e-07,3,772.2007521696861,0.47720290650353214,ok,566,883,2831.2570781595095,0.02090399999999981,0.0024,ok,dab3f43ede129fba266ae0a6515987562fd1a8deab8cee6bbf3d8fec0000067c
chua/set 2/sweep forward/trace55.csv,ok,500000,0.19999963999999998,3.999999999976245e-07,3,770.6999936472846,0.47751949205467453,ok,566,881,2837.684449506069,0.02090399999999981,0.0842,ok,3524b680e3c73bb79a48468069093b23fb2063ff40602d05c828feee1b783a22
chua/set 2/sweep forward/trace56.csv,ok,500000,0.19999963999999998,3.999999999976245e-07,3,769.2463129755504,0.47709828041111646,ok,566,878,2847.380410039689,0.02090399999999981,0.0828,ok,d5a5e1829d36e846819864d7afa046407bae351ad2b20c24989ddeca8c253428
chua/set 2/sweep forward/trace57.csv,ok,500000,0.19999963999999998,3.999999999976245e-07,3,767.5747107189293,0.47683942049698547,ok,566,881,2837.684449506069,0.02090399999999981,0.1244,ok,0f2f199be202a1fbcc05187ab6209cd4dae40a7ab24157bbb2ff293ee60876c3
chua/set 2/sweep forward/trace58.csv,ok,500000,0.19999963999999998,3.999999999976245e-07,3,766.6126708708524,0.4760903923645122,ok,566,883,2831.2570781595095,0.02090399999999981,0.3874,ok,33fce795f682b9276715e83a4bf1881b2af37c7e2c1ea573f135f2fcfc2f542b
chua/set 2/sweep forward/trace59.csv,ok,500000,0.19999963999999998,3.999999999976245e-07,3,766.1197881328774,0.4761209181932661,ok,566,883,2831.2570781595095,0.02090399999999981,0.0036,ok,aac56990e3b1ed0eaac0b132815b7ad6724ab3470737dcf29a4612a13abe0086
chua/set 2/sweep forward/trace60.csv,ok,500000,0.19999963999999998,3.999999999976245e-07,3,764.7231087455082,0.47234832753699096,ok,566,880,2840.9090909259626,0.02090399999999981,0.0764,ok,e255a746e1799526d53878e53061ab894f2cd7821cfa856c24dce214823839c7
chua/set 2/sweep forward/trace61.csv,ok,500000,0.19999963999999998,3.999999999976245e-07,3,761.9355645171778,0.4776474759302628,ok,566,883,2831.2570781595095,0.02090399999999981,0.0586,ok,977153847eeda46e1af46de855ebb034f80ddeb5a4914a8390698e6c443cb97b
chua/set 2/sweep forward/trace62.csv,ok,500000,0.19999963999999998,3.999999999976245e-07,3,758.9562295435203,0.47827375407320644,ok,566,888,2815.315315332035,0.02090399999999981,0.0344,ok,886cfb499ff7ec0ebfa4e00634cf88397534de6c0bff370ddab984c2a20e07d6
chua/set 2/sweep forward/trace63.csv,ok,500000,0.19999963999999998,3.999999999976245e-07,3,755.9859269252466,0.48115509685538876,ok,566,881,2837.684449506069,0.02090399999999981,0.3342,ok,4362a79c1f56a187f91526b97169fe27e30a66d4934cac9bda0c9e81ef1873ca
chua/set 2/sweep forward/trace64.csv,ok,500000,0.49999899999999997,1.000000000001e-06,3,755.2063794556162,0.4803545716586161,ok,1415,355,2816.901408447887,0.02090399999999981,0.0858,ok,6bef6ea741fb8455ccdab908400f1778b2a8e11cf3c4848bfd4a95c596435b7c
chua/set 2/sweep forward/trace65.csv,ok,500000,0.49999899999999997,1.000000000001e-06,3,754.9941839196899,0.4786868919393632,ok,1415,353,2832.8611897988667,0.02090399999999981,0.3276,ok,3d5d324dc7d32631454cc863aec0e8fb57e22019bef9655593bcfaac6297db47
chua/set 2/sweep forward/trace66.csv,ok,500000,0.49999899999999997,1.000000000001e-06,3,754.7463841323475,0.48089184844760724,ok,1415,349,2865.3295128911172,0.02090399999999981,0.0068,ok,f46589747883297e0fe6be7a2e49386119aa8fe10560b956300ffd1378602d70
chua/set 2/sweep forward/trace67.csv,ok,500000,0.49999899999999997,1.000000000001e-06,3,754.3266732003063,0.48129977308793714,ok,1415,355,2816.901408447887,0.02090399999999981,0.0304,ok,32dd69c7be7cbde3842b21b2957626973284066da75159382e99538e7a4e01bd
chua/set 2/sweep forward/trace68.csv,ok,500000,0.49999899999999997,1.000000000001e-06,3,754.0652905059386,0.47885133097684995,ok,1415,353,2832.8611897988667,0.02090399999999981,0.5648,ok,ffd07508290fe267feb95ff71f77ef2e65f09941dbf98454f5cc0f6c1d066a45
chua/set 2/sweep forward/trace69.csv,ok,500000,0.49999899999999997,1.000000000001e-06,3,753.7181018482403,0.47815586616862005,ok,1415,352,2840.9090909062497,0.02090399999999981,0.2726,ok,04c27130edabadc5bea53aebf530cbb183a2b619a60ebd890632a337281c7995
chua/set 2/sweep forward/trace70.csv,ok,500000,0.49999899999999997,1.000000000001e-06,3,753.2329560250149,0.47963281093776483,ok,1415,356,2808.988764042135,0.02090399999999981,0.0598,ok,68d82a778fceab6f29c97bc55ddacb0c30b39890608dfd2516dbda95d305c5ed
chua/set 2/sweep forward/trace71.csv,ok,500000,0.49999899999999997,1.000000000001e-06,3,752.9745032459955,0.4802212115064316,ok,1415,355,2816.901408447887,0.02090399999999981,0.0314,ok,40ca064f057a8c62caed2743fbdb27afc1f5a3fb73e25c094151c4a1ed7d97c5
chua/set 2/sweep forward/trace72.csv,ok,500000,0.49999899999999997,1.000000000001e-06,3,752.4325956791105,0.4777518477515412,ok,1416,354,2824.8587570593218,0.02090399999999981,0.0058,ok,2b02432ef2e6ffbe187cc72aba9a7a9c2296d84b61a208e6e1ea229f8d23cce1
chua/set 2/sweep forward/trace73.csv,ok,500000,0.49999899999999997,1.000000000001e-06,3,751.7259198055144,0.48629179093076697,ok,1415,354,2824.8587570593218,0.02090399999999981,0.4182,ok,8606916506356079e165616ef4706f2c423597d6aaf920b334e5ca23b91912de
chua/set 2/sweep forward/trace74.csv,ok,500000,0.49999899999999997,1.000000000001e-06,3,750.8897116360874,0.4851279232645071,ok,1414,355,2816.901408447887,0.02090399999999981,0.0352,ok,2fa0e7ef7fbe9352e4f1cef43804c1b92c33829c5e634f3febd70c71b2fec71a
chua/set 2/sweep forward/trace75.csv,ok,500000,0.49999899999999997,1.000000000001e-06,3,750.4448903696829,0.4835964760148908,ok,1414,354,2824.8587570593218,0.02090399999999981,0.0192,ok,c6b768906c57f45a3ca5cd1214ff610f131284d0d8842fdb91fb7fa2c6a811d6
chua/set 2/sweep forward/trace76.csv,ok,500000,0.49999899999999997,1.000000000001e-06,3,749.5247115673351,0.488352664086062,ok,1414,354,2824.8587570593218,0.02090399999999981,0.3944,ok,ec4c027c3d41c1c223b475a64b9cc638e029cd9a4cbec484b21e19fcbe00605a
chua/set 2/sweep forward/trace77.csv,ok,500000,0.49999899999999997,1.000000000001e-06,3,748.929386088809,0.49073417106150763,ok,1414,355,2816.901408447887,0.02090399999999981,0.1606,ok,551d9568b297a0dff0e446a0691cb653093148bd0d6bb0ec3d16d99828a9bd5d
chua/set 2/sweep forward/trace78.csv,ok,500000,0.49999899999999997,1.000000000001e-06,3,748.5869295686523,0.4819058733189894,ok,1412,354,2824.8587570593218,0.02090399999999981,0.0876,ok,27f2e444b516e55bb3a874bda98d6d1e1ecd09badc25c0b50d3e5468e31801ff
chua/set 2/sweep forward/trace79.csv,ok,500000,0.49999899999999997,1.000000000001e-06,3,748.6576321782906,0.48293592954113734,ok,1412,356,2808.988764042135,0.02090399999999981,0.0786,ok,4cd04b23048f0d26d9cfa03b18c18518ae9aacb839c51ceefd98356f90f39e65
chua/set 2/sweep forward/trace80.csv,ok,500000,0.49999899999999997,1.000000000001e-06,3,748.4363809454353,0.4837724583839011,ok,1412,355,2816.901408447887,0.02090399999999981,0.0478,ok,77b828109ec210afb6df3f32d6a809c48e6b35ee907bf31b5c72bf5e74fe3901
chua/set 2/sweep forward/trace81.csv,ok,500000,0.49999899999999997,1.000000000001e-06,3,748.0831591403096,0.48478694340860373,ok,1412,356,2808.988764042135,0.02090399999999981,0.0268,ok,c3411e7500b49ae1ca5186b1422fa94ed5a989ac7d1df8b50dc302341ec47c89
chua/set 2/sweep forward/trace82.csv,ok,500000,0.49999899999999997,1.000000000001e-06,3,747.9526440509276,0.4812210968044179,ok,1412,355,2816.901408447887,0.02090399999999981,0.0264,ok,35f3aefdd65530ec040bef0c2e3f7777acba6e4fff879150a0e268fc66abf75c
chua/set 2/sweep forward/trace83.csv,ok,500000,0.49999899999999997,1.000000000001e-06,3,747.5020839729721,0.48101657737395126,ok,1412,356,2808.988764042135,0.02090399999999981,0.0666,ok,ca35f61c3d7bc7e32f1399631fac2cb83ba110ba8d5ccfd617787ea4af10ecbc
chua/set 2/sweep forward/trace84.csv,ok,500000,0.49999899999999997,1.000000000001e-06,3,747.1325314449307,0.4786447398712204,ok,1411,356,2808.988764042135,0.02090399999999981,0.0994,ok,b2a825d9451b3e815a18f3afef453a29e703b8db9b867a145101f8bc68f95426
chua/set 2/sweep forward/trace85.csv,ok,500000,0.49999899999999997,1.000000000001e-06,3,746.8306377512574,0.47509755885891325,ok,1410,356,2808.988764042135,0.02090399999999981,0.0004,ok,44946230029b8a53761a5f92fa33c045e502e6d842710ee669b500eaa06a3a1a
chua/set 2/sweep forward/trace86.csv,ok,500000,0.49999899999999997,1.000000000001e-06,3,746.4030068222173,0.4791651404491091,ok,1410,355,2816.901408447887,0.02090399999999981,0.1684,ok,b4116415cf65a057c9a5d1e32e19c7e462eb7a3d8893d3a6e47cc5a9bf1d2e84
chua/set 2/sweep forward/trace87.csv,ok,500000,0.49999899999999997,1.000000000001e-06,3,745.415629143178,0.47753045437588176,ok,1410,356,2808.988764042135,0.02090399999999981,0.037,ok,ad9fea101480e3b0b128fc4891699935a11236785eec64e2538013e1e232f2c4
chua/set 2/sweep forward/trace88.csv,ok,500000,0.49999899999999997,1.000000000001e-06,3,745.8530291773778,0.47899868764105713,ok,1410,356,2808.988764042135,0.02090399999999981,0.078,ok,23a5eb7308b6f330c02f46cc01c20d0affec0191549b298a9a039fdf4779e9e7
chua/set 2/sweep forward/trace89.csv,ok,500000,0.49999899999999997,1.000000000001e-06,3,745.5304762949701,0.47761292621801354,ok,1409,356,2808.988764042135,0.02090399999999981,0.0498,ok,68187a53093ac7356342844709fbeb1505ca4558406ac1cd3df12dd2aee707b9
chua/set 2/sweep forward/trace90.csv,ok,500000,0.49999899999999997,1.000000000001e-06,3,744.6908380196112,0.4735156109528218,ok,1408,357,2801.1204481764703,0.02090399999999981,0.1138,ok,f2eb297ddcffd6ce59d83227e78d31174b45c51428cc55dedf168f29a3f1ee62
chua/set 2/sweep forward/trace91.csv,ok,500000,0.49999899999999997,1.000000000001e-06,3,744.3139416007731,0.4825320084889631,ok,1408,357,2801.1204481764703,0.02090399999999981,0.0002,ok,4ad5f7b1b8bac5e1ceada413bf649b045e80913017ec7d6e77d393359a6906c7
chua/set 2/sweep forward/trace92.csv,ok,500000,0.49999899999999997,1.000000000001e-06,3,743.9225397246515,0.47681860054643277,ok,1407,357,2801.1204481764703,0.02090399999999981,0.1728,ok,bd28c96267c62872241afb0ee3a51dbc48ec128881708dc92df1e832120c01fd
chua/set 2/sweep forward/trace93.csv,ok,500000,0.49999899999999997,1.000000000001e-06,3,742.7022183526228,0.48169375146584725,ok,1406,357,2801.1204481764703,0.02090399999999981,0.0246,ok,20d7c88cdc7090f3f49c91209e79ff2bc56d6b9867b154d2b1a831b879e1a319
chua/set 2/sweep forward/trace94.csv,ok,500000,0.49999899999999997,1.000000000001e-06,3,741.7416972384715,0.47733005079194446,ok,1406,357,2801.1204481764703,0.02090399999999981,0.0004,ok,0bc8dd517834ec83c168e321fa892d42d3930f06f98fc6d7cccc75fac440c052
chua/set 2/sweep forward/trace95.csv,ok,500000,0.49999899999999997,1.000000000001e-06,3,740.9824210111068,0.4753814860580238,ok,1404,357,2801.1204481764703,0.02090399999999981,0.042,ok,060b636434471a567987c2b39c866deb6d882d22c233b6d7f27b1e2274bb5c3a
chua/set 2/sweep forward/trace96.csv,ok,500000,0.49999899999999997,1.000000000001e-06,3,740.0881452168721,0.4802173247937592,ok,1403,358,2793.296089382681,0.02090399999999981,0.003,ok,baa8a22e0de541c6b89946b65578bf8141969d8644e06b821c078ed728bced44
chua/set 2/sweep forward/trace97.csv,ok,500000,0.49999899999999997,1.000000000001e-06,3,738.9954086273991,0.4813045769662569,ok,1403,358,2793.296089382681,0.02090399999999981,0.063,ok,b8fa02ee43376052b2ad8a31a283f3bb727331f47a7f3d2ceff9ca577a5aabe5
chua/set 2/sweep forward/trace98.csv,ok,500000,0.49999899999999997,1.000000000001e-06,3,736.6323615744083,0.4758240076235109,ok,1402,358,2793.296089382681,0.02090399999999981,0.1454,ok,d1d7c05bc48efb0342ae119338c4a77ee3c6608ba65095d1779bb664af3483ee
chua/set 2/sweep forward/trace99.csv,ok,500000,0.49999899999999997,1.000000000001e-06,3,734.8887969170378,0.4824850232620917,ok,1402,358,2793.296089382681,0.02090399999999981,0.0046,ok,51b912a64848482fc6bceddae216d33e7168ee996fca22fd2c7a220a1fd8ee93
chua/set 2/sweep forward/trace100.csv,ok,500000,0.49999899999999997,1.000000000001e-06,3,732.8751143088623,0.4816437480900185,ok,1402,358,2793.296089382681,0.02090399999999981,0.0206,ok,09715c334bb292b3c114acf6803199876884f51b5792f887777e7a32031de387
chua/set 2/sweep forward/trace101.csv,ok,500000,0.49999899999999997,1.000000000001e-06,3,730.4810308159533,0.4822849979029783,ok,1402,358,2793.296089382681,0.02090399999999981,0.0894,ok,1bc6d0d08e6fee508a822f4495713734b581fed43e796a694c12cc627511ccb4
chua/set 2/sweep forward/trace102.csv,ok,500000,0.49999899999999997,1.000000000001e-06,3,728.717032204494,0.48305671695986274,ok,1402,359,2785.5153203314762,0.02090399999999981,0.0066,ok,8b2be6a9df213403f1ad9ae08f0487095f435758e8b6a476d449dcea400a831e
chua/set 2/sweep forward/trace103.csv,ok,500000,0.49999899999999997,1.000000000001e-06,3,726.9716250848471,0.4821350123003825,ok,1401,359,2785.5153203314762,0.02090399999999981,0.0622,ok,c7196064278ffd5fa29d3e7e650851cfc2d01638c2425f49a658fadc154ee29d
chua/set 2/sweep forward/trace104.csv,ok,500000,0.49999899999999997,1.000000000001e-06,3,726.6050677351075,0.477357221002798,ok,1410,354,2824.8587570593218,0.02090399999999981,0.2212,ok,7f6358252c521b0e892cac3f92663ec6ec9a54f962fc59b5ff98742d36a2810f
chua/set 2/sweep forward/trace105.csv,ok,500000,0.49999899999999997,1.000000000001e-06,3,724.7906360547126,0.48265654333070246,ok,1411,353,2832.8611897988667,0.02090399999999981,0.1146,ok,fcb7b6cd3e2b8ce5aa75d7f993146ee8f6573bc8ff1eed652bb8b8e5c7156744
chua/set 2/sweep forward/trace106.csv,ok,500000,0.49999899999999997,1.000000000001e-06,3,724.7895697541314,0.47829769689033763,ok,1410,352,2840.9090909062497,0.02090399999999981,0.223,ok,84cfab17c8aa4462187940ecef23f42205d2b0b3bd43679c00982e8ba021ee61
chua/set 2/sweep forward/trace107.csv,ok,500000,0.49999899999999997,1.000000000001e-06,3,724.4458576043982,0.483846993312386,ok,1410,353,2832.8611897988667,0.02090399999999981,0.0008,ok,6bd79eafc49cb7ee7d09a00423c2659eaceb96b1991f3f13535b40935cff749c
chua/set 2/sweep forward/trace108.csv,ok,500000,0.49999899999999997,1.000000000001e-06,3,723.3499849973416,0.4812270899167666,ok,1410,353,2832.8611897988667,0.02090399999999981,0.1074,ok,06f4fb98da1d943c2b414d6e37c13dcfc8b7d446648d916a33c82293de31c160
chua/set 2/sweep forward/trace109.csv,ok,500000,0.49999899999999997,1.000000000001e-06,3,722.9900064494954,0.48408344596385505,ok,1406,356,2808.988764042135,0.02090399999999981,0.0374,ok,80db1d271b8ab5c8d979d37808a317e8f3117c7cb428e535392ce12d2c4753e6
chua/set 2/sweep forward/trace110.csv,ok,500000,0.49999899999999997,1.000000000001e-06,3,722.3408719903971,0.48359541800298245,ok,1405,356,2808.988764042135,0.02090399999999981,0.0772,ok,7deecbfd7d45a7a1cb6029df8497a90798de1f4775a51a539046950b0155ed19
chua/set 2/sweep forward/trace111.csv,ok,500000,0.49999899999999997,1.000000000001e-06,3,722.1855337462581,0.487919030222397,ok,1404,356,2808.988764042135,0.02090399999999981,0.1006,ok,1779158ec438e09b588442d34aeddc4f5c3511ac3a39cbf7b6eea502c4788613
chua/set 2/sweep forward/trace112.csv,ok,500000,0.49999899999999997,1.000000000001e-06,3,719.9632164666878,0.48270700101131325,ok,1404,356,2808.988764042135,0.02090399999999981,0.0014,ok,a1825a8be3f5786207bf200340ae308ccf7db43a6ea46969335fe39b79d8f39e
chua/set 2/sweep forward/trace113.csv,ok,500000,0.49999899999999997,1.000000000001e-06,3,718.3552770599782,0.482779547754308,ok,1402,356,2808.988764042135,0.02090399999999981,0.01,ok,654aeced84bcd278640b1abd360c4aa6b4f9677dfd340227ac5cc5fce9e77baa
chua/set 2/sweep forward/trace114.csv,ok,500000,0.49999899999999997,1.000000000001e-06,3,715.9794730178156,0.48358268012227257,ok,1402,355,2816.901408447887,0.02090399999999981,0.0366,ok,010fec644d04678d8ac0fecbb503e0f8598e5d67906c215a43b456f4a01e42a9
chua/set 2/sweep forward/trace115.csv,ok,500000,0.49999899999999997,1.000000000001e-06,3,711.9671448141108,0.4882180187233428,ok,1401,355,2816.901408447887,0.02090399999999981,0.0162,ok,8e5b947559a44a93b5373fa16077ebe970f9d43172a2ce0996489a1f48693ff6
chua/set 2/sweep forward/trace116.csv,ok,500000,0.49999899999999997,1.000000000001e-06,3,705.6144030920307,0.48995293812187596,ok,1404,352,2840.9090909062497,0.02090399999999981,0.0986,ok,2a207f6250683ca652df1d3cfde5f92bade97d68e7abe2ade7349fb2d1d26f6f
chua/set 2/sweep forward/trace117.csv,ok,500000,0.49999899999999997,1.000000000001e-06,3,696.9732755343191,0.4902396836029195,ok,1406,351,2849.002849,0.02090399999999981,0.0528,ok,415b583a045eba66b9c759cd3f283dae19d3af57ae47efa3e96020a266ea94ad
chua/set 2/sweep forward/trace118.csv,ok,500000,0.49999899999999997,1.000000000001e-06,3,691.2697840098662,0.4868185971425813,ok,1411,350,2857.1428571399997,0.02090399999999981,0.0266,ok,8e8c3ac97c83d245bc2972a88897fb0b614a3ae2779dfed27866768ef8fcc5a0
chua/set 2/sweep forward/trace119.csv,ok,500000,0.49999899999999997,1.000000000001e-06,3,677.5842985491756,0.5094883603812679,ok,1367,351,2849.002849,0.02090399999999981,0.2314,ok,8843f9a464b8b8f087fcf7f340d4c15df7ad6e5a1fa9472fb62cfef91a82a649
chua/set 2/sweep forward/trace120.csv,ok,500000,0.49999899999999997,1.000000000001e-06,3,689.5946194919986,0.5328799368415149,ok,1363,348,2873.5632183879306,0.04020070000000009,0.0148,ok,8ae7aafd5401dea6874c2e4a105461df51d8ae98756559b7906be553aed8f5f8
chua/set 2/sweep forward/trace121.csv,ok,500000,0.49999899999999997,1.000000000001e-06,3,688.5071195277101,0.5319412066000434,ok,1370,349,2865.3295128911172,0.04020070000000009,0.003,ok,f82340fd7cc764151821caa9b1263a68563fb7714a39c711a8bc80ab1676540b
chua/set 2/sweep forward/trace122.csv,ok,500000,0.49999899999999997,1.000000000001e-06,3,687.5293223583246,0.5319563491072657,ok,1363,346,2890.1734104017337,0.04020070000000009,0.079,ok,f74de5055b376387c799f68e9d489384d45aec0ebb14cc7768199a84fb3eb193
chua/set 2/sweep forward/trace123.csv,ok,500000,0.49999899999999997,1.000000000001e-06,3,684.4464439446629,0.5320932391020481,ok,1365,346,2890.1734104017337,0.04020070000000009,0.0444,ok,fb2aae7e07a973e4c9c27a9696caa8c170396292c19c93b2d3572897bab1258f
chua/set 2/sweep forward/trace124.csv,ok,500000,0.49999899999999997,1.000000000001e-06,3,681.1817812884096,0.5380044165349633,ok,1353,348,2873.5632183879306,0.04020070000000009,0.2724,ok,cd11043bc7b8384cfb3ecf726ce91a2509881bbaa6ecf1834105e51fadb48dc3
chua/set 2/sweep forward/trace125.csv,ok,500000,0.49999899999999997,1.000000000001e-06,3,679.4632848441535,0.5399468794718748,ok,1336,348,2873.5632183879306,0.04020070000000009,0.0882,ok,ea1f8bf5d773621dd76bcbc4494bb30d105464622ba486553fe31d73be41645e
chua/set 2/sweep forward/trace126.csv,ok,500000,0.49999899999999997,1.000000000001e-06,3,678.1969892979621,0.542376050891494,ok,1329,349,2865.3295128911172,0.04020070000000009,0.043,ok,6ffd97944661f71cdf3886176d43ed9a32cc4b6fb27d3099d4363ad54ca81774
chua/set 2/sweep forward/trace127.csv,ok,500000,0.49999899999999997,1.000000000001e-06,3,673.6793391329021,0.5434532114670821,ok,1300,352,2840.9090909062497,0.04020070000000009,0.1462,ok,9bbde5df743de924e7515f9100d11a064091405ace826221c30bb31bcc3615d9
chua/set 2/sweep forward/trace128.csv,ok,500000,0.49999899999999997,1.000000000001e-06,3,671.7921553580173,0.5429614729946927,ok,1299,347,2881.844380400576,0.04020070000000009,0.047,ok,5a78d74590a16094ee57c67dd8b047bca043fbadbb037830a05033831d292b81
chua/set 2/sweep forward/trace129.csv,ok,500000,0.49999899999999997,1.000000000001e-06,3,668.7150335010388,0.5485504432972363,ok,1289,343,2915.451895040816,0.04020070000000009,0.1412,ok,289f01a2d81996b14eaa340d02a87eb2aba298ab3469d79681a39a1ec8a99697
chua/set 2/sweep forward/trace130.csv,ok,500000,0.49999899999999997,1.000000000001e-06,3,665.3948557229892,0.5532598515159995,ok,1282,345,2898.5507246347825,0.04020070000000009,0.0846,ok,2b7b95dc59c4517ed7312b9f483f648f040160088869ab746dd17eb60390cf7b
chua/set 2/sweep forward/trace131.csv,ok,500000,0.49999899999999997,1.000000000001e-06,3,662.1022989733725,0.5530331248272119,ok,1286,344,2906.976744183139,0.04020070000000009,0.1138,ok,ce508c791f7db0873d7e6c047c8439d4f2808fbd506e09198ba9f76612c30fec
chua/set 2/sweep forward/trace132.csv,ok,500000,0.49999899999999997,1.000000000001e-06,3,656.2507922652709,0.5540350875127797,ok,1277,342,2923.9766081842104,0.04020070000000009,0.1142,ok,7973e7f5c5f9451f778c01fc9bf6abfe2a1ff87d7fa4a6889e6ab3c8b13fc55f
chua/set 2/sweep forward/trace133.csv,ok,500000,0.49999899999999997,1.000000000001e-06,3,648.3308865237841,0.5659009244405511,ok,1270,339,2949.852507371681,0.04020070000000009,0.0062,ok,d967ec37ab41fc704116e951e6c5320285473379a2444d2cb0178cd754f41068
chua/set 2/sweep forward/trace134.csv,ok,500000,0.49999899999999997,1.000000000001e-06,3,643.1664729422856,0.5718268748651801,ok,1280,338,2958.579881653846,0.04020070000000009,0.0344,ok,5aa95d95683e50aaa3305469490e5f5f74952d8f0d107f8ac5eb5f50ea5787a0
chua/set 2/sweep forward/trace135.csv,ok,500000,0.49999899999999997,1.000000000001e-06,3,640.2278813122352,0.5783035380202205,ok,1289,337,2967.3590504421363,0.04020070000000009,0.2116,ok,6cf206b8e83d9182d593f514d4afdbb037db5c17337cbb016927fa0d461fb0a0
chua/set 2/sweep forward/trace136.csv,ok,500000,0.49999899999999997,1.000000000001e-06,3,634.7197849211601,0.5786298116230183,ok,1284,335,2985.0746268626863,0.04020070000000009,0.0016,ok,11323cf7cc2c2ff7764f42612c0cc1724dfd7cf105764d3bf2fc5fe4d4e27985
chua/set 2/sweep forward/trace137.csv,ok,500000,0.49999899999999997,1.000000000001e-06,3,629.2770212495163,0.5924084606636025,ok,1279,335,2985.0746268626863,0.04020070000000009,0.0254,ok,e14cb6508995f0d003bb124e80c26ce8bebb1fc842def8201503d9c7db85ab1f
chua/set 2/sweep forward/trace138.csv,ok,500000,0.49999899999999997,1.000000000001e-06,3,624.1870421278635,0.5901235902349024,ok,1281,336,2976.1904761875,0.04020070000000009,0.0424,ok,6215d8b6ecc8f1ce6bb2dcdf3c020c37ddbdb8333143e98ce5a5db7635d2a476
chua/set 2/sweep forward/trace139.csv,ok,500000,0.49999899999999997,1.000000000001e-06,3,615.3416154818007,0.5979349661314689,ok,1321,328,3048.780487801829,0.04020070000000009,0.0704,ok,aa5931842004822a4d88ea6fb5d55cab8e48840fbaa277cf0c0c3dd480cb9a45
chua/set 2/sweep forward/trace140.csv,ok,500000,0.49999899999999997,1.000000000001e-06,3,608.9393743994572,0.6043881245851294,ok,1303,332,3012.048192768072,0.04020070000000009,0.1052,ok,b8ef616dfd928f6a754cd092416792dc7f2acb855c9ccb8c0b740ecde41d2b0e
chua/set 2/sweep forward/trace141.csv,ok,500000,0.49999899999999997,1.000000000001e-06,3,604.8721941684961,0.6111202210773871,ok,1299,329,3039.5136778085102,0.04020070000000009,0.0498,ok,f32810625b6338177e0da01b756c4789b9d67d24213886ce26af80522bf75b6c
chua/set 2/sweep forward/trace142.csv,ok,500000,0.49999899999999997,1.000000000001e-06,3,603.0172627891532,0.619274494871936,ok,1295,332,3012.048192768072,0.04020070000000009,0.0884,ok,b15f2618dc9bd7a45b6e1321d54c1fdce660f6ec8517ff004cdfdcd91bf48b5f
chua/set 2/sweep forward/trace143.csv,ok,500000,0.49999899999999997,1.000000000001e-06,3,597.5775568873298,0.6193079940536087,ok,1281,331,3021.148036250755,0.04020070000000009,0.0242,ok,f3b8efdd50eaeeea2a96c7785a2ecc0badb45e85b3b01fc06bd776580c820754
chua/set 2/sweep forward/trace144.csv,ok,500000,0.49999899999999997,1.000000000001e-06,3,594.4374999783565,0.6265289988728351,ok,1291,327,3058.10397553211,0.04020070000000009,0.063,ok,db9b46935acb77062a9911e3d77e7da3f4cc23cd39c4b3bc2e2a479fdebd29e6
chua/set 2/sweep forward/trace145.csv,ok,500000,0.49999899999999997,1.000000000001e-06,3,591.9250603575828,0.6272567729481996,ok,1291,329,3039.5136778085102,0.04020070000000009,0.026,ok,c48401d76913a0f2819e1efe3559dfef410a43a36709c1ad6fb7ce02e6fe4c8b
chua/set 2/sweep forward/trace146.csv,ok,500000,0.49999899999999997,1.000000000001e-06,3,589.0883798350143,0.6278556653869479,ok,1299,330,3030.3030302999996,0.04020070000000009,0.0006,ok,f887344e0eb33dc08b2e4d5959c232a5417249582bb973e7eab11ba8462b5e3a
chua/set 2/sweep forward/trace147.csv,ok,500000,0.49999899999999997,1.000000000001e-06,3,582.9005235361623,0.6342385344152347,ok,1294,329,3039.5136778085102,0.04020070000000009,0.008,ok,b100f91bd424cfb7f66632c2397a81aab23b9700f0e6f1a8c9f6ff6b0ac23f4b
chua/set 2/sweep forward/trace148.csv,ok,500000,0.49999899999999997,1.000000000001e-06,3,578.6218222714897,0.6431193843564417,ok,1310,330,3030.3030302999996,0.04020070000000009,0.1202,ok,f14e7d32edbbff7cd4340840821d1e7573b69441792fa8320903fd14f72b39c3
chua/set 2/sweep forward/trace149.csv,ok,500000,0.49999899999999997,1.000000000001e-06,3,573.6088466215587,0.6421485854261519,ok,1317,329,3039.5136778085102,0.04020070000000009,0.2076,ok,e376e51ba88d448f5e3d94f790153aaf33553a6ba811e61e6f5347b7a926ceee
chua/set 2/sweep forward/trace150.csv,ok,500000,0.49999899999999997,1.000000000001e-06,3,565.555842684545,0.6575887904256397,ok,1318,326,3067.4846625736195,0.04020070000000009,0.098,ok,3040cf77b75af6bf3a02fa9703dd50989475f4c579cfae51cd1225cf9ded3221
chua/set 2/sweep forward/trace151.csv,ok,500000,0.49999899999999997,1.000000000001e-06,3,562.6032072004388,0.6588005079050007,ok,1300,326,3067.4846625736195,0.04020070000000009,0.0844,ok,6201f4fa97c6c262e53b824a1058fb08e58edf76eb24daee471bd1f99b75f913
chua/set 2/sweep forward/trace152.csv,ok,500000,0.49999899999999997,1.000000000001e-06,3,559.5492265878872,0.6583995095804586,ok,1304,326,3067.4846625736195,0.04020070000000009,0.1774,ok,90c048facebcec247ff46fc6115745735cb7451606f00e99ee35fcf2c6ae06b8
chua/set 2/sweep forward/trace153.csv,ok,500000,0.49999899999999997,1.000000000001e-06,3,554.8495079741748,0.6745836950073694,ok,1322,328,3048.780487801829,0.04020070000000009,0.004,ok,17d198ff0d4e5b672d1124bf9621a502a54b53833b64e5a796bd95d978191391
chua/set 2/sweep forward/trace154.csv,ok,500000,0.49999899999999997,1.000000000001e-06,3,553.1979996390893,0.6746592939872413,ok,1308,329,3039.5136778085102,0.04020070000000009,0.0308,ok,b16ef50eba2812fbd42c0646c9ed07fe90086887087c025261c4481f1b9dfb04
chua/set 2/sweep forward/trace155.csv,ok,500000,0.49999899999999997,1.000000000001e-06,3,549.9121955394523,0.6754453564968381,ok,1326,330,3030.3030302999996,0.04020070000000009,0.065,ok,80a868358e4ff0606f4081a2628cd8ae7ea507ddc49bafe1d40e03a40a0dbb53
chua/set 2/sweep forward/trace156.csv,ok,500000,0.49999899999999997,1.000000000001e-06,3,544.2786885739218,0.6752606051914708,ok,1337,322,3105.5900621086953,0.04020070000000009,0.1152,ok,54f60faf2e13cd29de964dae5d04afd5fa54b7ca68c9729dabdde8bb4d0efc6d
chua/set 2/sweep forward/trace157.csv,ok,500000,0.49999899999999997,1.000000000001e-06,3,538.3584788942459,0.421490928204061,ok,1321,328,3048.780487801829,0.02411999999999992,0.0816,ok,a8079f06c86357b6b1ead2ce381b152a9ec08c3661825df704ab308d0c95de05
chua/set 2/sweep forward/trace158.csv,ok,500000,0.49999899999999997,1.000000000001e-06,3,532.3868724801137,0.43070615383096666,ok,1302,330,3030.3030302999996,0.02411999999999992,0.0104,ok,d05924941499395f5a9377bff1bf6ac54aa10651c339197a00e14597ab1f0ea9
chua/set 2/sweep forward/trace159.csv,ok,500000,0.49999899999999997,1.000000000001e-06,3,526.4807625272406,0.42973389135730433,ok,1311,326,3067.4846625736195,0.02411999999999992,0.0034,ok,b9eed09a44bc97b41777dd407e70b53ded093239f4f6aee3e4f3afd2a3afa421
chua/set 2/sweep forward/trace160.csv,ok,500000,0.49999899999999997,1.000000000001e-06,3,521.3542449245049,0.43607267341802824,ok,1291,329,3039.5136778085102,0.02411999999999992,0.0568,ok,bca7cc154a4469554dce87c6352d9991a9a275b118126a2b3b0ab40a768caea1
chua/set 2/sweep forward/trace161.csv,ok,500000,0.49999899999999997,1.000000000001e-06,3,517.597028112748,0.4387254051260697,ok,1291,331,3021.148036250755,0.02411999999999992,0.0138,ok,e7f9acfee891f01139fa594c38525c781c570912e51fc8c63b28a305e792599c
chua/set 2/sweep forward/trace162.csv,ok,500000,0.49999899999999997,1.000000000001e-06,3,514.6394442252978,0.4381011229140692,ok,1287,327,3058.10397553211,0.02411999999999992,0.014,ok,50544864f85348ec2a2a119a81ae6e11f2ba67b0752e2651cbcd2f8f43736fb6
chua/set 2/sweep forward/trace163.csv,ok,500000,0.49999899999999997,1.000000000001e-06,3,511.2434647156564,0.4436403490387158,ok,1298,334,2994.0119760449097,0.02411999999999992,0.0716,ok,cbe890c11257a437f3250283e760324ba173ae64311e9116957903a77134ed91
chua/set 2/sweep forward/trace164.csv,ok,500000,0.49999899999999997,1.000000000001e-06,3,509.3643428483813,0.4488404988441363,ok,1302,332,3012.048192768072,0.02411999999999992,0.1192,ok,6ebce5ac334a4db54262cf7fc57f07150768ca676849baee80e9775aa505375e
chua/set 2/sweep forward/trace165.csv,ok,500000,0.49999899999999997,1.000000000001e-06,3,506.32698690897746,0.44997955675137974,ok,1278,343,2915.451895040816,0.02411999999999992,0.0218,ok,e84511e0d8ebe5c2a1d6e3d1d1ea73d120a1c169da0d3ca9e9ff62416271dbdb
chua/set 2/sweep forward/trace166.csv,ok,500000,0.49999899999999997,1.000000000001e-06,3,504.26881862050567,0.4562403890759446,ok,1264,341,2932.551319645161,0.02411999999999992,0.0454,ok,35e6abae08086ae85c37c3f273f9b3a12cf6dd78cccba3ad5c89f32c212a84e0
chua/set 2/sweep forward/trace167.csv,ok,500000,0.49999899999999997,1.000000000001e-06,3,501.71476315882916,0.4567751326002448,ok,1268,342,2923.9766081842104,0.02411999999999992,0.008,ok,c96db8821aa0c64f642f83559255bf32f28e0742aa659f0736b57978b5e4a211
chua/set 2/sweep forward/trace168.csv,ok,500000,0.49999899999999997,1.000000000001e-06,3,499.11997999656836,0.45567482602925863,ok,1262,339,2949.852507371681,0.02411999999999992,0.0608,ok,4db04ec1a27cbed07952aa1e724022a988fde2308f98d13e096c6ee2465253c0
chua/set 2/sweep forward/trace169.csv,ok,500000,0.49999899999999997,1.000000000001e-06,3,497.7015413230995,0.4613182214569837,ok,1258,342,2923.9766081842104,0.02411999999999992,0.0232,ok,05b8cf270eee6c5c0b0cfacd71c2c7f8b2c13230cd21962a454001a038e3c117
chua/set 2/sweep forward/trace170.csv,ok,500000,0.49999899999999997,1.000000000001e-06,3,495.3281491700065,0.4625364546849255,ok,1265,340,2941.176470585294,0.02411999999999992,0.083,ok,6c540039aed54c5e5b2931df48d1ad17dafe5932bbe626ddd652dc38f0883e35
chua/set 2/sweep forward/trace171.csv,ok,500000,0.49999899999999997,1.000000000001e-06,3,493.8353114526459,0.4665065099552419,ok,1268,346,2890.1734104017337,0.02411999999999992,0.0376,ok,1d353600cb9d952f3e1e0074835f72ab27f9f212c6413499d52937cf3b230644
chua/set 2/sweep forward/trace172.csv,ok,500000,0.49999899999999997,1.000000000001e-06,3,492.26209220686854,0.4673532042963915,ok,1276,341,2932.551319645161,0.02411999999999992,0.0066,ok,6636bac5b8ab1d6fcc90667dab2e6c38da172642df152f524ee0750d9b2f3edc
chua/set 2/sweep forward/trace173.csv,ok,500000,0.49999899999999997,1.000000000001e-06,3,489.5624176385783,0.46909920881639466,ok,1263,347,2881.844380400576,0.02411999999999992,0.087,ok,7ffa7cfdb6f43775b85cd26a6c3d393c0fa3b20c0cc7e37f44a40baf761e65f0
chua/set 2/sweep forward/trace174.csv,ok,500000,0.49999899999999997,1.000000000001e-06,3,486.2550317193016,0.47150785190966304,ok,1258,340,2941.176470585294,0.02411999999999992,0.0016,ok,7620ff535277e944624c16d8f30cf034db47f3757c518b6357b0fb69a73f41c6
chua/set 2/sweep forward/trace175.csv,ok,500000,0.49999899999999997,1.000000000001e-06,3,483.7477838653702,0.4783731625283713,ok,1287,338,2958.579881653846,0.02411999999999992,0.0442,ok,55279b67a333b9c5f0e850952c01b627a62b0b8fa1c026b4ea67f5d9ad5cc92d
chua/set 2/sweep forward/trace176.csv,ok,500000,0.49999899999999997,1.000000000001e-06,3,481.2262279213797,0.4760514120489589,ok,1301,341,2932.551319645161,0.02411999999999992,0.0066,ok,664066d406df0e3e1ba622d0475ef0916c94ed913e16024dc9e749d2e59f0504
chua/set 2/sweep forward/trace177.csv,ok,500000,0.49999899999999997,1.000000000001e-06,3,477.8627459616848,0.4835522837474094,ok,1285,350,2857.1428571399997,0.02411999999999992,0.0178,ok,887ad1828d03fd5bb082462adc1e4ec78bd5e0d3f6f2a7153cfa954cb5b9cdab
chua/set 2/sweep forward/trace178.csv,ok,500000,0.49999899999999997,1.000000000001e-06,3,476.7377713432895,0.4859648816572204,ok,1283,354,2824.8587570593218,0.02411999999999992,0.0068,ok,ed8838a1774f2d130bbe5fc39f7948b60e77f14d4dff1d7707f5fe65560c8a21
chua/set 2/sweep forward/trace179.csv,ok,500000,0.49999899999999997,1.000000000001e-06,3,474.2157594937866,0.4849461651517517,ok,1267,356,2808.988764042135,0.02411999999999992,0.096,ok,0f5646835006586a5722971f2a20eb417c9e5993385ff02ea90f7646aa0acb78
chua/set 2/sweep forward/trace180.csv,ok,500000,0.49999899999999997,1.000000000001e-06,3,472.47184164804094,0.4844810350712025,ok,1262,368,2717.3913043451084,0.02411999999999992,0.0152,ok,af86136fa02f5d59b45bc6e3ecf0ce7d589117ebe8e8ffa555cdf711adcb94fd
chua/set 2/sweep forward/trace181.csv,ok,500000,0.49999899999999997,1.000000000001e-06,3,470.9679075181633,0.48998445252853146,ok,1252,371,2695.4177897547165,0.02411999999999992,0.0746,ok,2ee320961424f285f4288e01e0d0b8353f4885819c51443b59a5889e6f45478c
chua/set 2/sweep forward/trace182.csv,ok,500000,0.49999899999999997,1.000000000001e-06,3,468.65733219241287,0.4946358484359698,ok,1247,381,2624.6719160078737,0.02411999999999992,0.1026,ok,a3ba6282ddf8231b0f4bf1bea2375f5ad22bcdd6b3db1fa39aecf8b47f392080
chua/set 2/sweep forward/trace183.csv,ok,500000,0.49999899999999997,1.000000000001e-06,3,466.0583981887171,0.4939659523064526,ok,1239,385,2597.4025973999996,0.02411999999999992,0.022,ok,b4ffed417b0d550d4ba6641cedc79eca1e7b891cf242fbcb63dc20e56961a76c
chua/set 2/sweep forward/trace184.csv,ok,500000,0.49999899999999997,1.000000000001e-06,3,463.8550249804437,0.4986492394277726,ok,1222,385,2597.4025973999996,0.02411999999999992,0.069,ok,8361ec3cdd6ce7053f52706352c6a923a427948edf75a645538dd5b9b8f05bbb
chua/set 2/sweep forward/trace185.csv,ok,500000,0.49999899999999997,1.000000000001e-06,3,460.98108108721595,0.5053207231497465,ok,1201,392,2551.020408160714,0.02411999999999992,0.0142,ok,5cc9c4218ba883641d52d62606f023535194f2dd4dfd5e87978497c742b942af
chua/set 2/sweep forward/trace186.csv,ok,500000,0.49999899999999997,1.000000000001e-06,3,455.9377751837496,0.49990371368257136,ok,1172,418,2392.344497605263,0.02411999999999992,0.0182,ok,91a477a62acf28d734611e1e9bd10675b2efce78a55d78ac448b093e4d1dd977
chua/set 2/sweep forward/trace187.csv,ok,500000,0.49999899999999997,1.000000000001e-06,3,451.75805321958256,0.5104115543111413,ok,1199,377,2652.5198938965514,0.02411999999999992,0.0192,ok,28bb46b99167ecabada1f90e0002172089b97efe50cbb496bbfc52e16ac991ef
chua/set 2/sweep forward/trace188.csv,ok,500000,0.49999899999999997,1.000000000001e-06,3,449.1543312210141,0.5113002613325103,ok,1186,377,2652.5198938965514,0.02411999999999992,0.0738,ok,5809ada39dbae560cddb16f7bc899b02a86e5bc3040937aa1867cc82036f4f32
chua/set 2/sweep forward/trace189.csv,ok,500000,0.49999899999999997,1.000000000001e-06,3,446.2896604430592,0.5159582664269186,ok,1159,412,2427.18446601699,0.02411999999999992,0.0132,ok,b06fea3ab4c862f5ec75e276ba3e54f872c90fb85cb7202b85d085dfa322037c
chua/set 2/sweep forward/trace190.csv,ok,500000,0.49999899999999997,1.000000000001e-06,3,443.6196465165735,0.5205085995084036,ok,1187,373,2680.965147450402,0.02411999999999992,0.0998,ok,f2ccc8d2353667c908c5be4947fdf6c7ffff4ddb46bbd3f6a98d89b7803944e0
chua/set 2/sweep forward/trace191.csv,ok,500000,0.49999899999999997,1.000000000001e-06,3,437.40369632650084,0.5264089409764056,ok,1197,377,2652.5198938965514,0.02411999999999992,0.0606,ok,ed43ab003a68b5446f70c116fa79999217c55b98fc2962d3f1322270c7351184
chua/set 2/sweep forward/trace192.csv,ok,500000,0.49999899999999997,1.000000000001e-06,3,431.4143060983903,0.5323739407186427,ok,1138,446,2242.1524663654704,0.02411999999999992,0.0254,ok,623a1aa3fde4784874f7dfbf310c2a0d1309de7487c6d917c68e3abfed3d1de3
chua/set 2/sweep forward/trace193.csv,ok,500000,0.49999899999999997,1.000000000001e-06,3,426.4065971089071,0.5414003471670027,ok,1136,445,2247.1910112337077,0.02411999999999992,0.0612,ok,c5b22bcd8121be322554dee4cf5c4e2a2ba7d117c09f493a13afb045bdf2910e
chua/set 2/sweep forward/trace194.csv,ok,500000,0.49999899999999997,1.000000000001e-06,3,425.37075590743524,0.5414348577994937,ok,1097,456,2192.982456138158,0.02411999999999992,0.2942,ok,e3244e9dae2043a30a4709f1793f035f0a472ed592b451b22d4da951ca0ef30d
chua/set 2/sweep forward/trace195.csv,ok,500000,0.49999899999999997,1.000000000001e-06,3,426.2607872799644,0.42744891077134783,ok,1178,421,2375.296912111639,0.01808999999999994,0.001,ok,bbecee365d5c75f0e43ec4377900ea720db5d9ca27eaab0b9417005efcdf63d4
chua/set 2/sweep forward/trace196.csv,ok,500000,0.49999899999999997,1.000000000001e-06,3,424.15442377873467,0.4285824651607606,ok,1155,413,2421.307506050847,0.01808999999999994,0.099,ok,72372db6a819a2fa2808f11a4c0b688724c1ce6a32b856b0bd1c705c7655565a
chua/set 2/sweep forward/trace197.csv,ok,500000,0.49999899999999997,1.000000000001e-06,3,422.689374340549,0.42685913789154617,ok,1148,448,2232.142857140625,0.01808999999999994,0.0016,ok,f4002c7d8bba9c0e46222eff91fd6ef772ab5b470a1367f6d40230c152cb8a0b
chua/set 2/sweep forward/trace198.csv,ok,500000,0.49999899999999997,1.000000000001e-06,3,421.89968411971563,0.4280698786691182,ok,1131,449,2227.171492202672,0.01808999999999994,0.207,ok,c88efd8dc41bc7923103d9f442096d62f508996963ca0c332a553b939ca891de
chua/set 2/sweep forward/trace199.csv,ok,500000,0.49999899999999997,1.000000000001e-06,3,420.87082144195904,0.4308674784466425,ok,1088,457,2188.1838074376365,0.01808999999999994,0.0752,ok,1b6bc7df58a3db945b542a0ac95782eab5e614cab402e77142aa9a1aa7a69f3f
chua/set 2/sweep forward/trace200.csv,ok,500000,0.49999899999999997,1.000000000001e-06,3,418.92027707896426,0.4290426459106347,ok,989,467,2141.3276231241966,0.01808999999999994,0.0032,ok,3b4ebd388682109e4f323c94455850551cd596eb6867822ad2b38dabe35cc439
chua/set 2/sweep forward/trace201.csv,ok,500000,0.49999899999999997,1.000000000001e-06,3,414.0554346866447,0.4305131727536811,ok,983,486,2057.613168722222,0.01808999999999994,0.1542,ok,4239cd38b414cf66bd4a8690cd3dc20d3f0e6598d79c732ca8be246d4fce80e8
chua/set 2/sweep forward/trace202.csv,ok,500000,0.49999899999999997,1.000000000001e-06,3,409.4629146688465,0.43799194020179455,ok,934,505,1980.1980197999999,0.01808999999999994,0.0728,ok,42f83f6f4c33afc3f0937e83eecda88131f7a435da8482a4130770e33654ce31
chua/set 2/sweep forward/trace203.csv,ok,500000,0.49999899999999997,1.000000000001e-06,3,405.50967822348144,0.44534805142764,ok,933,503,1988.0715705745524,0.01808999999999994,0.0888,ok,e14b28e40f31e4e48fa71057d111d7ccbee1b5acf7e37ae55d991b64e299d8c8
chua/set 2/sweep forward/trace204.csv,ok,500000,0.49999899999999997,1.000000000001e-06,3,397.67596759141975,0.4605903849197414,ok,953,524,1908.3969465629768,0.01808999999999994,0.1982,ok,f29bfbaa515672074054d0b02059ec3bc4ec6c3a0f491ce5160e2499f218a432
chua/set 2/sweep forward/trace205.csv,ok,500000,0.49999899999999997,1.000000000001e-06,3,395.7999573779696,0.45080756087058094,ok,899,524,1908.3969465629768,0.01808999999999994,0.0128,ok,a8caab21fd565885bb91ec88040a9821187fec13ba2eb29048be44f11987064f
chua/set 2/sweep forward/trace206.csv,ok,500000,0.49999899999999997,1.000000000001e-06,3,393.4488179827138,0.4528823986600304,ok,865,569,1757.4692442864673,0.01808999999999994,0.1128,ok,b408a078cff4294c3e94528c6ece6823a5d876286ac6ebcd41be24f0a7ac0436
chua/set 2/sweep forward/trace207.csv,ok,500000,0.49999899999999997,1.000000000001e-06,3,388.0822006281639,0.4612828048915721,ok,937,527,1897.5332068292219,0.01808999999999994,0.0632,ok,cf53d4d67368aa14597a641d7b04724ba570700da9e143c2fd63f08e3964097f
chua/set 2/sweep forward/trace208.csv,ok,500000,0.49999899999999997,1.000000000001e-06,3,384.3877731613664,0.47053163310410934,ok,931,534,1872.6591760280896,0.01808999999999994,0.1208,ok,2b2fec418f5c8348cc1777f36286707e2c9f2720b44fc249c4388ed34a2c58c3
chua/set 2/sweep forward/trace209.csv,ok,500000,0.49999899999999997,1.000000000001e-06,3,380.06954188039896,0.4776431308983662,ok,854,539,1855.2875695714283,0.01808999999999994,0.0308,ok,f4ccf536a7441b3c28e96067e2d46d31117caa6de0186c94762b025d53b00971
chua/set 2/sweep forward/trace210.csv,ok,500000,0.49999899999999997,1.000000000001e-06,3,375.7122030804131,0.48268190745254824,ok,820,562,1779.3594306032028,0.01808999999999994,0.039,ok,502c555e8324a769e2bb88e2a7f9fe97aadcd1cccc1249c6fe48bdab93ee5dea
chua/set 2/sweep forward/trace211.csv,ok,500000,0.49999899999999997,1.000000000001e-06,3,371.5200690297921,0.4865576001208104,ok,837,591,1692.047377324873,0.01808999999999994,0.1122,ok,7504dbc13710e89b871dbb823c1c79665fc3d8565be29a499b29ef24cfea5b45
chua/set 2/sweep forward/trace212.csv,ok,500000,0.49999899999999997,1.000000000001e-06,3,367.1245367753226,0.4887046402582952,ok,793,618,1618.12297734466,0.01808999999999994,0.0052,ok,511054e0b9f73e8af03cd413441f71c8b2302370d223b3be0111e2bee24cb7b9
chua/set 2/sweep forward/trace213.csv,ok,500000,0.49999899999999997,1.000000000001e-06,3,363.6871515352415,0.4939744820763115,ok,786,634,1577.2870662444793,0.01808999999999994,0.0634,ok,7ae65720e4b58ba345c01bf31347e26340e25f0e012f37831c4fa1a00d6dc27b
chua/set 2/sweep forward/trace214.csv,ok,500000,0.49999899999999997,1.000000000001e-06,3,361.1872958195414,0.49737142667369216,ok,770,651,1536.0983102903224,0.01808999999999994,0.1302,ok,161376c16b7118d96a7703f6e0ac4ab346fc32d78766f1651574b588e0b11420
chua/set 2/sweep forward/trace215.csv,ok,500000,0.49999899999999997,1.000000000001e-06,3,358.0573689632566,0.49663999707112033,ok,735,653,1531.3935681454823,0.01808999999999994,0.1492,ok,5fd845c81747cdbc90034f20d82606f90d6bf574958edbde9c6cc397b5a30612
chua/set 2/sweep forward/trace216.csv,ok,500000,0.49999899999999997,1.000000000001e-06,3,219.19925147166657,4.485678956786667,ok,1384,361,2770.0831024903046,0.01808999999999994,41.7966,ok,a48e85f4f111e47f8c3632b7a547070c49f30e5f8a25086d05b98ac0b415a22b
chua/set 2/sweep forward/trace217.csv,ok,500000,0.49999899999999997,1.000000000001e-06,3,359.32301480786026,0.2987715235728066,ok,1382,360,2777.777777775,0.075577,0.8948,ok,c915c7bcd2d71e915a389757b4a4868218f881c63711bb96a8fc825d3031ab75
chua/set 2/sweep forward/trace218.csv,ok,500000,0.49999899999999997,1.000000000001e-06,3,348.8524631524171,0.29918058313223406,ok,1383,360,2777.777777775,0.075577,1.0192,ok,2281d70030a7aae50ccb810ccccbcd4c4c9317da5f4c41996baecea094a949f2
chua/set 2/sweep forward/trace219.csv,ok,500000,0.19999963999999998,3.999999999976245e-07,3,333.0260442899652,0.2983544221071839,ok,554,903,2768.549280193629,0.075577,1.6728,ok,13a503555ad36aca84464655f2421b740f9c790a098a8e3fc304b70d9d1f7c3b
chua/set 2/sweep forward/trace220.csv,ok,500000,0.19999963999999998,3.999999999976245e-07,3,319.07554663723346,0.2979778507281595,ok,554,902,2771.618625293622,0.075577,2.5006,ok,00b7ff2a61b81511328bda4e1d2f83c4d0c607f38546bca74bc1077cbda5dc6b
chua/set 2/sweep forward/trace221.csv,ok,500000,0.19999963999999998,3.999999999976245e-07,3,298.59598326875096,0.29592247395890137,ok,555,897,2787.0680044758606,0.075577,0.535,ok,169b347275e79e33de3d6c4e5b3316a93fe765199acc11eb6a989337a127d2d3
chua/set 2/sweep forward/trace222.csv,ok,500000,0.19999963999999998,3.999999999976245e-07,3,273.5767959594527,0.2967780675552296,ok,556,889,2812.148481456521,0.075577,1.11,ok,c565dca41b3bb00da65f886ec7b59d9ec43beac80d7046bfbcc86095e4e7a355
chua/set 2/sweep forward/trace223.csv,ok,500000,0.19999963999999998,3.999999999976245e-07,3,230.04147326325435,0.29305993406622277,ok,557,868,2880.1843318143397,0.075577,2.445,ok,f223664baebb7bc5165570f5b8e782f2a00d36670ce147637b53cd6fe96171d9
chua/set 2/sweep forward/trace224.csv,ok,500000,0.19999963999999998,3.999999999976245e-07,3,187.41493300773195,0.2932893309150779,ok,558,884,2828.054298659329,0.075577,3.725,ok,0369c39984ca4f17c2517de4a0ab0e9fde9248f38d8a45dfd4a887d9847b32c5
chua/set 2/sweep forward/trace225.csv,ok,500000,0.19999963999999998,3.999999999976245e-07,3,144.6870128905541,0.29597438417853456,ok,560,891,2805.836139186136,0.075577,0.8678,ok,4285abe09962e6fe58be7ef6a988eac11f313d3265f6260b67c233cf468f5892
chua/set 2/sweep forward/trace226.csv,ok,500000,0.19999963999999998,3.999999999976245e-07,3,105.49164554135602,0.29584404150480836,ok,561,891,2805.836139186136,0.075577,2.1978,ok,21bce27d0c0cd0cffbf7e784c6ac76d8df88a1edf01f530106369c6f9561b753
chua/set 2/sweep forward/trace227.csv,ok,500000,0.19999963999999998,3.999999999976245e-07,3,72.00655738168068,0.29541617085651406,ok,561,888,2815.315315332035,0.075577,3.4878,ok,30377dec4c4c3e3e35f83377f283f17791f9e3ea6610d308ee21f775b6a7bb6b
chua/set 2/sweep forward/trace228.csv,ok,500000,0.19999963999999998,3.999999999976245e-07,3,20.951027167735262,0.29795854984187575,ok,563,868,2880.1843318143397,0.075577,0.1212,ok,9175c0ceb3ea03995d1042ccc5c49a1884b1546f9c2a5a684cf66ed9401f65ff
chua/set 2/sweep forward/trace229.csv,ok,500000,0.19999963999999998,3.999999999976245e-07,3,2.563210688909437,0.29841792841279063,ok,563,855,2923.9766082044994,0.075577,0.1674,ok,f1b37ff6cf38d772b854f4d5369e94d383fb5faabe15d7518a39e8d66cdd32af
chua/sweep back/trace1.csv,ok,500000,0.49999899999999997,1.000000000001e-06,3,2.3711255853981976,0.3571103700591696,ok,1412,346,2890.1734104017337,0.08844199999999969,1.7698,ok,2a6f8762beba40dce656d1237242ea189d32aa74f6640a4cc549e47ebb6f5599
chua/sweep back/trace2.csv,ok,500000,0.49999899999999997,1.000000000001e-06,3,26.44197281526433,0.352618048695878,ok,1411,346,2890.1734104017337,0.08844199999999969,0.0864,ok,eedeb37bcf05b8e42337220f40acfc07eb61d10a45d212187b93ef058c4b2a19
chua/sweep back/trace3.csv,ok,500000,0.49999899999999997,1.000000000001e-06,3,47.36599022900572,0.35228996834432913,ok,1411,348,2873.5632183879306,0.08844199999999969,1.4266,ok,606f45a643731e188e3ff8d3589daba10719be01014f00001b9e0107ad0a89e1
chua/sweep back/trace4.csv,ok,500000,0.49999899999999997,1.000000000001e-06,3,87.43942498672484,0.3468610739162664,ok,1408,353,2832.8611897988667,0.08844199999999969,0.7698,ok,94a3427650d61974deed48cdd063da76da963715395f9c3472dde6c00511fe15
chua/sweep back/trace5.csv,ok,500000,0.49999899999999997,1.000000000001e-06,3,131.76957232247582,0.3432640429022168,ok,1404,355,2816.901408447887,0.08844199999999969,0.3784,ok,3317b141918d0eeea11c450344a0326e4b921aa460d8931fc02628c37b19e4c1
chua/sweep back/trace6.csv,ok,500000,0.49999899999999997,1.000000000001e-06,3,175.25809358018512,0.3471570609916474,ok,1401,357,2801.1204481764703,0.08844199999999969,0.1362,ok,88a98e4df18184a8dbfc096f8d8764010931d84f4f393b8e239881ad529b4344
chua/sweep back/trace7.csv,ok,500000,0.49999899999999997,1.000000000001e-06,3,220.82913474674191,0.3465485345321314,ok,1398,356,2808.988764042135,0.08844199999999969,1.1634,ok,e88226cbd67de730e346fb5d7cb80f992ea274b66f43172a64e4a951cc572c31
chua/sweep back/trace8.csv,ok,500000,0.49999899999999997,1.000000000001e-06,3,266.3984542004485,0.34571816667911076,ok,1393,352,2840.9090909062497,0.08844199999999969,0.3772,ok,7076d68ac78fdac99f3d7bc469635401b447692d103e32f863307d859863b0f6
chua/sweep back/trace9.csv,ok,500000,0.49999899999999997,1.000000000001e-06,3,309.5718195733468,0.3473051734325477,ok,1390,345,2898.5507246347825,0.08844199999999969,0.07,ok,99b93040258bb923fb7c9c5dc6ed0d8fe3369757a05965b3f4a4b4fbe6931de2
chua/sweep back/trace10.csv,ok,500000,0.49999899999999997,1.000000000001e-06,3,331.1817621252154,0.3447155559497801,ok,1387,347,2881.844380400576,0.08844199999999969,0.0348,ok,d59cf4abc3be32f1f08be0cde081e4611dd1205907a21d09d1794736603297dd
chua/sweep back/trace11.csv,ok,500000,0.49999899999999997,1.000000000001e-06,3,351.80334602636844,0.34929145378706755,ok,1385,352,2840.9090909062497,0.08844199999999969,0.0134,ok,349ca5e07c710412629762a32a4e2bdebbdd1406deeeb39dfba6b781790c4d55
chua/sweep back/trace12.csv,ok,500000,0.49999899999999997,1.000000000001e-06,3,375.827001521527,0.3507988714048791,ok,1382,357,2801.1204481764703,0.08844199999999969,2.4928,ok,77bf1f6431ad0353def2d47a40fb2a7868e44f599d21c441116e240850b4a916
chua/sweep back/trace13.csv,ok,500000,0.49999899999999997,1.000000000001e-06,3,410.8542474114448,0.3518095666031383,ok,1378,361,2770.0831024903046,0.08844199999999969,1.081,ok,696f04b9cad27a456d24e0dd1cec701dbbb170916a6d641db48377d76ed483d5
chua/sweep back/trace14.csv,ok,500000,0.49999899999999997,1.000000000001e-06,3,446.8746890915451,0.3564950079705636,ok,1373,364,2747.2527472499996,0.08844199999999969,2.4384,ok,756f8557e4c874ab346e138309d7bd998c82b4fc1fa4878592dd909ced448b52
chua/sweep back/trace15.csv,ok,500000,0.49999899999999997,1.000000000001e-06,3,464.07333817489354,0.3578526239933533,ok,1370,364,2747.2527472499996,0.08844199999999969,1.6576,ok,2f1640f26f66043b0fc3769b002cc2d801a902f5a726dc5b2b4b711e7e11d5a2
chua/sweep back/trace16.csv,ok,500000,0.49999899999999997,1.000000000001e-06,3,485.8366912419373,0.3580916260577605,ok,1367,364,2747.2527472499996,0.08844199999999969,0.8672,ok,6ddabbc3d04886ff404e845a09867108d2d308121358441ed39f2ca00d2427bd
chua/sweep back/trace17.csv,ok,500000,0.49999899999999997,1.000000000001e-06,3,506.82741996457594,0.3633434007458344,ok,1363,364,2747.2527472499996,0.08844199999999969,0.4578,ok,20d59b936b99f2e5e94a1e50ec1ac1f6c12fa693cdd839eace22e4289b111906
chua/sweep back/trace18.csv,ok,500000,0.49999899999999997,1.000000000001e-06,3,528.9643200837581,0.3708728035097594,ok,1359,361,2770.0831024903046,0.08844199999999969,0.1332,ok,45fb079f07dfe3dfe25704d2a1a5470339e4592b086852f2f380b28a38201d7e
chua/sweep back/trace19.csv,ok,500000,0.49999899999999997,1.000000000001e-06,3,552.2050993989728,0.3735820201618086,ok,1353,364,2747.2527472499996,0.08844199999999969,0.0012,ok,1a942bf020cfd3cb40ac4aae43f5839c7e1e9b349c30ef6fe43db55d22ac650c
chua/sweep back/trace20.csv,ok,500000,0.19999963999999998,3.999999999976245e-07,3,577.0055943812526,0.3790096701334994,ok,538,925,2702.7027027187537,0.08844199999999969,0.0022,ok,c82841c80bb16591a1113290f6b85c3216821e9cfbfc1bc50ccbc5b789d5ea58
chua/sweep back/trace21.csv,ok,500000,0.19999963999999998,3.999999999976245e-07,3,596.1620075740473,0.38557039405981114,ok,536,932,2682.403433492325,0.08844199999999969,0.1832,ok,51a5121824b097a1c27c60a9d0f42360a370dcd09bf5480df728871f1f140110
chua/sweep back/trace22.csv,ok,500000,0.19999963999999998,3.999999999976245e-07,3,610.6011316598515,0.3905127956660526,ok,534,935,2673.7967914597293,0.08844199999999969,0.8672,ok,5ae65d10a130cea9e56325bb03aa9798df70768fc9ae3514101fcac259fa34b7
chua/sweep back/trace23.csv,ok,500000,0.19999963999999998,3.999999999976245e-07,3,625.942251682771,0.39773565891643886,ok,531,936,2670.940170956033,0.08844199999999969,0.2634,ok,8cf8c2702108fb60dbc3b374046783064baecb9d92526b6b3b38f37ae0bdd705
chua/sweep back/trace24.csv,ok,500000,0.19999963999999998,3.999999999976245e-07,3,645.7620640588498,0.40272777214341426,ok,526,940,2659.574468100901,0.08844199999999969,1.382,ok,260eca65925ca16ec06cd1f779cf2cbdcad35ea4463fc75ef1974278c131d62b
chua/sweep back/trace25.csv,ok,500000,0.19999963999999998,3.999999999976245e-07,3,666.976652346894,0.41773007535252066,ok,520,960,2604.1666666821325,0.08844199999999969,0.9324,ok,fb23db59d54ac7a1ce154a0be05691cba8aea064b37f325e37608036ced08fa2
chua/sweep back/trace26.csv,ok,500000,0.19999963999999998,3.999999999976245e-07,3,678.5165774713421,0.42967297185613534,ok,514,963,2596.0539979385744,0.08844199999999969,0.0992,ok,d36103b295d7f6ab72e5d62a14a5a99f039c69e04df03ba4b980210ee5d8e7db
chua/sweep back/trace27.csv,ok,500000,0.19999963999999998,3.999999999976245e-07,3,670.9120597784806,1.7600883423926614,ok,559,874,2860.4118993304887,0.08844199999999969,0.0002,ok,b71060d63fee41675f6df06013dfbed4c474cf8757f702ff918c1ac56d7ddc0d
chua/sweep back/trace28.csv,ok,500000,0.19999963999999998,3.999999999976245e-07,3,676.8580608495299,1.6940080540646503,ok,559,884,2828.054298659329,0.08844199999999969,0.021,ok,9036811225bd19fd56791fae1faadab055c7aebc12222dabc2c6a83bcfb6ed16
chua/sweep back/trace29.csv,ok,500000,0.19999963999999998,3.999999999976245e-07,3,684.2757391299693,1.692952673227301,ok,558,890,2808.9887640616257,0.08844199999999969,0.0234,ok,ba6d5a34369a64f39151843fc122af2957a23fdd77cc5180e2f0f1e70af38120
chua/sweep back/trace30.csv,ok,500000,0.19999963999999998,3.999999999976245e-07,3,691.7759331002925,1.690482318777221,ok,559,882,2834.467120198239,0.08844199999999969,0.1836,ok,1f86b017a8f06b8d8afac5f3a8377bcd44d6d3f6bbcab08fc925a0b2adf06917
chua/sweep back/trace31.csv,ok,500000,0.19999963999999998,3.999999999976245e-07,3,700.6662372545342,1.629517478052344,ok,558,891,2805.836139186136,0.08844199999999969,0.1962,ok,2365d39a5e49b484e03f0574b433ab3ddbe295998f2e740b036e95a4268e2fa4
chua/sweep back/trace32.csv,ok,500000,0.19999963999999998,3.999999999976245e-07,3,710.3997977278129,1.6827748899462012,ok,560,885,2824.858757078923,0.08844199999999969,0.003,ok,eb58a4f19f0cbc6ba1a2bea806f1a1a26d01a23f936805d7b2b087eb712008f3
chua/sweep back/trace33.csv,ok,500000,0.19999963999999998,3.999999999976245e-07,3,713.9224727172367,1.6760677073170835,ok,562,875,2857.1428571598253,0.08844199999999969,0.4098,ok,86af41db3f1fc7fc670db84cd7def62acdfbdbfce375a7ab7e962cc05fbfc91e
chua/sweep back/trace34.csv,ok,500000,0.19999963999999998,3.999999999976245e-07,3,716.6320350572155,1.6867380977747912,ok,558,893,2799.552071685159,0.08844199999999969,0.1326,ok,31e476cd3ed50162cc5195441b66fc4fbf2ff8444115ca5d43bb76ba3ffe486e
chua/sweep back/trace35.csv,ok,500000,0.19999963999999998,3.999999999976245e-07,3,720.559429922429,1.6899107403470142,ok,558,895,2793.296089402064,0.08844199999999969,0.3702,ok,6321f29848563e110ecce0d8d87f481ae7c46fe40f5e2e0852c35198a18ae93f
chua/sweep back/trace36.csv,ok,500000,0.19999963999999998,3.999999999976245e-07,3,723.3696820718143,1.693989811278891,ok,558,897,2787.0680044758606,0.08844199999999969,0.1844,ok,38e1a61fe1df4d88be3d1bfb38b417593ed1404755bb66b7f0c0fdca2c331344
chua/sweep back/trace37.csv,ok,500000,0.19999963999999998,3.999999999976245e-07,3,728.3129162653195,1.6907535506946643,ok,558,894,2796.4205816720882,0.08844199999999969,0.3332,ok,bab9c64c3dec4cb90fa944864027212c433c17474736f5142976452e2fffbcd6
chua/sweep back/trace38.csv,ok,500000,0.19999963999999998,3.999999999976245e-07,3,733.3937729389676,1.6880928945808453,ok,558,892,2802.690582976286,0.08844199999999969,0.0208,ok,1cbfa04a2738177ff1ceca0b3b31c8468e33c2b27cf7522f02af4b2a6fa2ea17
chua/sweep back/trace39.csv,ok,500000,0.19999963999999998,3.999999999976245e-07,3,738.0385672576234,1.6773388358696038,ok,559,895,2793.296089402064,0.08844199999999969,0.0026,ok,d5d43cd22fb0fffddb934b04bc7257595355be6de05baa8aae3c642f45721cb8
chua/sweep back/trace40.csv,ok,500000,0.19999963999999998,3.999999999976245e-07,3,740.9912808649736,1.6332050680291377,ok,560,884,2828.054298659329,0.08844199999999969,0.4178,ok,dae57c0eeae0e639f041c20b941be13bbdaf042b7b0b85c2b35c7ed4e4f53750
chua/sweep back/trace41.csv,ok,500000,0.19999963999999998,3.999999999976245e-07,3,742.4276724072067,1.6346258431485845,ok,560,887,2818.4892897574373,0.08844199999999969,0.2384,ok,a49b1cf3404a6e57ccf75e4460dc13239e69b39e7cd2cb26e8c29f0e960afb7b
chua/sweep back/trace42.csv,ok,500000,0.19999963999999998,3.999999999976245e-07,3,750.1366915529763,1.632764034937659,ok,561,882,2834.467120198239,0.08844199999999969,0.0038,ok,a227e38f357ae302d944c8861e32ab9099e12aaa4715a279e4d6352cb8d9f847
chua/sweep back/trace43.csv,ok,500000,0.19999963999999998,3.999999999976245e-07,3,755.5956051326548,1.5665754499685152,ok,562,887,2818.4892897574373,0.08844199999999969,0.35,ok,193a997b7c6de7833968a50ef5f38935b9b94293ec6c32ddbdafb8d0aab46853
chua/sweep back/trace44.csv,ok,500000,0.19999963999999998,3.999999999976245e-07,3,763.4615362454269,1.615708325245449,ok,562,879,2844.141069413933,0.08844199999999969,0.0098,ok,a461ab537eb7a60efd6451b9a06ed750e19c227e86e7d57569e620886399cca1
chua/sweep back/trace45.csv,ok,500000,0.19999963999999998,3.999999999976245e-07,3,769.5505099225745,1.6295303255656972,ok,562,877,2850.627137987283,0.08844199999999969,0.793,ok,22a11873f53420227cd113712afe771d01706f550e82f20d1bfb496f8a987e6a
chua/sweep back/trace46.csv,ok,500000,0.19999963999999998,3.999999999976245e-07,3,774.306067929964,1.637434397765663,ok,563,875,2857.1428571598253,0.08844199999999969,0.0854,ok,8798cecec62378b2d5705e18191a3771a34b485dcfb09f32d109d7663171d756
chua/sweep back/trace47.csv,ok,500000,0.19999963999999998,3.999999999976245e-07,3,777.8413242361127,1.6982399717200032,ok,563,886,2821.6704289106624,0.08844199999999969,0.8198,ok,935b7b5e30b6ae3e52934c9e4dd5f6c0223319f39aeab192ada4ba4324404d7b
chua/sweep back/trace48.csv,ok,500000,0.19999963999999998,3.999999999976245e-07,3,782.4018236237159,1.6702668959195084,ok,564,876,2853.8812785557616,0.08844199999999969,1.1642,ok,b891f4e65ed5800dfb501325fa5c6ca46ee6dbfd5b2173ba22ce9421c9713817
chua/sweep back/trace49.csv,ok,500000,0.19999963999999998,3.999999999976245e-07,3,786.2551347458485,1.683217953345807,ok,564,867,2883.506343731081,0.08844199999999969,0.0428,ok,9dbcf33c82c12a3561555352d564cecbe1952325b50c4c8d130f89e516690b00
chua/sweep back/trace50.csv,ok,500000,0.19999963999999998,3.999999999976245e-07,3,789.4047210551629,1.6379694891112562,ok,566,878,2847.380410039689,0.08844199999999969,1.0784,ok,f3acf427a3a0e4baf3c2ac240e8b3aa875ff06ddba15b42e2cef0f7e1951db22
chua/sweep back/trace51.csv,ok,500000,0.19999963999999998,3.999999999976245e-07,3,794.9927235633621,1.6005716207718383,ok,567,881,2837.684449506069,0.08844199999999969,0.9736,ok,d73439e7be644300a8d1937199cefe41c57a1adf2e5b3afef0f84e85e9fd22fe
chua/sweep back/trace52.csv,ok,500000,0.19999963999999998,3.999999999976245e-07,3,801.2770797535461,1.6095897579342,ok,568,869,2876.8699654946454,0.08844199999999969,0.094,ok,6d5057345508163226b763af01e9684900195672093c85e947cd9a14c505b9c9
chua/sweep back/trace53.csv,ok,500000,0.19999963999999998,3.999999999976245e-07,3,806.5709972889858,1.5838411929534908,ok,569,876,2853.8812785557616,0.08844199999999969,0.002,ok,08850489e0d5d29ea5b01bc5afef6ba9e7f29caa2330c1528cc24b6f7a9dfcf8
chua/sweep back/trace54.csv,ok,500000,0.19999963999999998,3.999999999976245e-07,3,819.5126764161727,1.5504475960606594,ok,571,872,2866.972477081247,0.08844199999999969,0.619,ok,f04582a611b3515b507ce681f21a6d27134c53766451ce0d1e00adf778c0ad3d
chua/sweep back/trace55.csv,ok,500000,0.19999963999999998,3.999999999976245e-07,3,828.1569323788523,1.5255730758283588,ok,573,857,2917.1528588271262,0.08844199999999969,0.7796,ok,eefa1b198ed314ba790d995f0917c697943a15ddb45ef9d2e25711f5c5ae4865
chua/sweep back/trace56.csv,ok,500000,0.19999963999999998,3.999999999976245e-07,3,842.6330323973953,1.5234890501150917,ok,576,864,2893.5185185357027,0.08844199999999969,0.93,ok,491108418ad097a222a56c9878d45ce53ed27aadfa167de46bd5df606c2c51f9
chua/sweep back/trace57.csv,ok,500000,0.19999963999999998,3.999999999976245e-07,3,854.506628878113,2.433297327085401,ok,586,844,2962.0853080744632,0.08844199999999969,0.3712,ok,1842e0d83b18452f00088635e98145d43bf22ffb64475b5a7880715075091488
chua/sweep back/trace58.csv,ok,500000,0.19999963999999998,3.999999999976245e-07,3,855.8446287574124,3.2364800668605422,ok,591,835,2994.011976065685,0.08844199999999969,0.43,ok,a3ab20a167b8332c72260eebc4b1a30b6121b15c3d9be51b39b84865a7141681
chua/sweep back/trace59.csv,ok,500000,0.19999963999999998,3.999999999976245e-07,3,843.264254948685,4.8135669299209605,ok,595,815,3067.4846625949044,0.08844199999999969,0.0932,ok,c5cb306be62606e0a70d2ffca6dd651e28ca121d4bd6879af4c20ec6a9e05d54
chua/sweep back/trace60.csv,ok,500000,0.19999963999999998,3.999999999976245e-07,3,822.3725777927766,6.0366934078072445,CHECK,597,834,2997.60191848303,0.08844199999999969,1.833,ok,b9d3f3464fd440a27e90b874492d64597cab8ca21c940aacf2984d86e8963f47
chua/sweep back/trace61.csv,ok,500000,0.19999963999999998,3.999999999976245e-07,3,688.3887851633847,9.512670253712487,CHECK,0,0,0.0,0.08844199999999969,1.622,no periodicity found (not oscillating?),0af4ca6928600c42ba43c20128fb5cfefae228b6740b4a9dfea01f0f0f2dae89
chua/sweep back/trace62.csv,ok,500000,0.19999963999999998,3.999999999976245e-07,3,481.2772817207926,11.597443555470791,CHECK,0,0,0.0,0.08844199999999969,0.69,no periodicity found (not oscillating?),fe675c8d3248dc408d4e507f57744e1c936eff619e3428d9d90766650b6f3971
chua/sweep back/trace63.csv,ok,500000,0.19999963999999998,3.999999999976245e-07,3,933.7129990413137,14.282270850699316,CHECK,0,0,0.0,0.08844199999999969,0.5,no periodicity found (not oscillating?),13af71eb78da2b393699dbb2c9566062d6ce63a00bcb76d8d043d06d2832a359
chua/sweep back/trace64.csv,ok,500000,0.19999963999999998,3.999999999976245e-07,3,8091.229718890787,15.222247807224603,CHECK,0,0,0.0,0.08844200000000013,4.646,no periodicity found (not oscillating?),df4cbbb91b572f35adf1b36a2a0d45e334a4ac7c40c2bcb6cb7b5fb7d1e60858
chua/sweep back/trace65.csv,ok,500000,0.19999963999999998,3.999999999976245e-07,3,1225.011561064052,17.47837561419587,CHECK,0,0,0.0,0.08844200000000013,0.2454,no periodicity found (not oscillating?),856660b262f1d2dca6aefcfff82f3e8cca4764ca83667b56cbf31f584e0e1dec
chua/sweep back/trace66.csv,ok,500000,0.19999963999999998,3.999999999976245e-07,3,,,non-physical divider coefficients; check channels/clipping,0,0,0.0,0.08844199999999969,5.0198,no periodicity found (not oscillating?),169867de85b9b3b73d05773284cb0853af0a4fcf7a48f28cf73f06490beaae7e
chua/sweep back/trace67.csv,ok,500000,0.19999963999999998,3.999999999976245e-07,3,1273.1038203616386,15.994033205476194,CHECK,0,0,0.0,0.08844199999999969,0.0502,no periodicity found (not oscillating?),4aa383309247946bdc7517b29292af0e16cbba3c875d8db95c14f0017e473c91
chua/sweep forward/trace1.csv,ok,500000,0.19999963999999998,3.999999999976245e-07,3,2993.4322349262266,16.712790874968935,CHECK,0,0,0.0,0.04341699999999982,0.3042,no periodicity found (not oscillating?),152896ad33271af01baddc0bd35ac7f8a39edceeab32f1b6c29131838e0445b6
chua/sweep forward/trace2.csv,ok,500000,0.19999963999999998,3.999999999976245e-07,3,3933.7743320066525,12.198539178217379,CHECK,0,0,0.0,0.04341699999999982,0.091,no periodicity found (not oscillating?),2f5d75198bfed3fbcdc89efe053ba69151e0ec6adadf540ec7845d86130049b5
chua/sweep forward/trace3.csv,ok,500000,0.19999963999999998,3.999999999976245e-07,3,2183.3343872173805,10.934215729144624,CHECK,0,0,0.0,0.04341699999999982,6.4778,no periodicity found (not oscillating?),0f052ef3a9a2b5f97676e7d1cc7f9d3cabc28a5370e6c6edc2700720e0a17c87
chua/sweep forward/trace4.csv,ok,500000,0.19999963999999998,3.999999999976245e-07,3,4423.026324189604,16.43714671701651,CHECK,0,0,0.0,0.04341699999999982,0.5008,no periodicity found (not oscillating?),7b74e76b6813d6729b79aa8746d072f2c83f690566999923d22c482c1dce3c6a
chua/sweep forward/trace5.csv,ok,500000,0.19999963999999998,3.999999999976245e-07,3,5814.632001611188,16.657041603708933,CHECK,0,0,0.0,0.04341699999999982,0.1954,no periodicity found (not oscillating?),63ee25c2d412623e1c7df268205f51bdb6fbd7a6d9fbce844ab6d3d06c684b46
chua/sweep forward/trace6.csv,ok,500000,0.19999963999999998,3.999999999976245e-07,3,2564.1047243083267,16.697317404305913,CHECK,0,0,0.0,0.04341699999999982,0.0792,no periodicity found (not oscillating?),fc3b6740895f7c2f721408e2d7a6e9e739717a887a531d0b1c8e281c2462b405
chua/sweep forward/trace7.csv,ok,500000,0.19999963999999998,3.999999999976245e-07,3,489.04175647762526,15.161641238653065,CHECK,0,0,0.0,0.04341699999999982,5.2648,no periodicity found (not oscillating?),7162e87d0a289e0222f8890b902765d8457ac3c716dfb640430fec9e9b1c3565
chua/sweep forward/trace8.csv,ok,500000,0.19999963999999998,3.999999999976245e-07,3,552.8405957691011,10.063320538495386,CHECK,0,0,0.0,0.04341699999999982,0.9382,no periodicity found (not oscillating?),a889c994615acdb0b8a9105feae93ba3851b21262e1e30b4f12709169f5cd1a3
chua/sweep forward/trace9.csv,ok,500000,0.19999963999999998,3.999999999976245e-07,3,681.827193992235,10.25863594575541,CHECK,0,0,0.0,0.04341699999999982,3.3388,no periodicity found (not oscillating?),e084a6d607abe175d577083e36918bc162f95f403c83208b81c7c7d90376725c
chua/sweep forward/trace10.csv,ok,500000,0.19999963999999998,3.999999999976245e-07,3,790.2519380605626,8.384777750040504,CHECK,606,822,3041.3625304316874,0.04341699999999982,0.0046,ok,df196524c0be59d6868e24bc86008aedbec000e0fb3c8834282388825c474ff1
chua/sweep forward/trace11.csv,ok,500000,0.19999963999999998,3.999999999976245e-07,3,801.5543139591961,6.191879108635419,CHECK,606,819,3052.5030525211805,0.04341699999999982,1.3856,ok,f737764e5724688b9a4467d87f111aca0ab269af9d9af191902cb518f1ba08fe
chua/sweep forward/trace12.csv,ok,500000,0.19999963999999998,3.999999999976245e-07,3,836.8792363389072,6.346404439183504,CHECK,605,820,3048.780487822984,0.04341699999999982,0.4122,ok,3e0b70c5d657fd7c65f58ec7c7303f22d8bd015bdf2345ea9b6b0ec516262b65
chua/sweep forward/trace13.csv,ok,500000,0.19999963999999998,3.999999999976245e-07,3,857.7665178758797,5.70347442101506,CHECK,604,814,3071.253071271311,0.04341699999999982,0.0454,ok,bdf9a0559f3ce96ac450b017158b03e5bafdf6e1e18a4e22f71dfbae6202d0c5
chua/sweep forward/trace14.csv,ok,500000,0.19999963999999998,3.999999999976245e-07,3,853.3177321322045,5.602668517365951,CHECK,604,813,3075.030750325765,0.04341699999999982,0.0734,ok,f10bfe7b26cb7619ed7c1fa7debb188e1d4fd197389b49a2e2d5da952d83a6e9
chua/sweep forward/trace15.csv,ok,500000,0.19999963999999998,3.999999999976245e-07,3,858.0356551671761,4.5738921655249145,ok,603,825,3030.3030303210267,0.04341699999999982,1.2222,ok,5f36e46571d84a4f1f4936dfe4f37b873b99853ed8f29432d8035cfaed6944f9
chua/sweep forward/trace16.csv,ok,500000,0.19999963999999998,3.999999999976245e-07,3,860.9095662902284,4.237887366840719,ok,603,820,3048.780487822984,0.04341699999999982,0.0148,ok,247e557f798a1a8caa5ae3f12470cc2c16ddaa015a503f3f4b8f6a4683453d74
chua/sweep forward/trace17.csv,ok,500000,0.19999963999999998,3.999999999976245e-07,3,861.0747812982048,3.6627553053526443,ok,603,827,3022.974607031254,0.04341699999999982,1.2588,ok,c8ad5f85bc32dc5782188103f503728ff7a107151c76ac488b2125497453f588
chua/sweep forward/trace18.csv,ok,500000,0.19999963999999998,3.999999999976245e-07,3,869.5209553123301,3.1712418131732756,ok,602,829,3015.68154404686,0.04341699999999982,0.3682,ok,e10fc20545184fa4609ef8a0446b7013510f0f27a563ac624d318a734ee1e341
chua/sweep forward/trace19.csv,ok,500000,0.19999963999999998,3.999999999976245e-07,3,875.951529206822,2.7976109443043797,ok,601,829,3015.68154404686,0.04341699999999982,0.8942,ok,a0f13395dc8b0bdf11afb3eb9fdc3943f55852445969ab9a3be7f801fc913daf
chua/sweep forward/trace20.csv,ok,500000,0.19999963999999998,3.999999999976245e-07,3,874.2556545220931,2.550960938017999,ok,600,825,3030.3030303210267,0.04341699999999982,0.5708,ok,d60bb1461387710f4b1a57dafbfd2e31807637153e0522b04ed9aab7fb054c7d
chua/sweep forward/trace21.csv,ok,500000,0.19999963999999998,3.999999999976245e-07,3,869.2197578468466,2.305636489454841,ok,599,831,3008.423586058781,0.04341699999999982,0.4354,ok,2103f97f6bc6a6972db9a427f784f414f0ba0d65158e6d6d24fc7823d8e9fc80
chua/sweep forward/trace22.csv,ok,500000,0.19999963999999998,3.999999999976245e-07,3,869.593925390706,2.1418248379647267,ok,597,832,3004.807692325537,0.04341699999999982,1.863,ok,148b72ecd0f0062495a759811319138e22003c22b4d823d42be0e58e26e96c89
chua/sweep forward/trace23.csv,ok,500000,0.19999963999999998,3.999999999976245e-07,3,868.6556486449374,1.8799616077148817,ok,596,827,3022.974607031254,0.04341699999999982,0.1284,ok,7c0ee954118377a4988ecd67c1243b0ce1634a5dec6eeaf719e80f928628838b
chua/sweep forward/trace24.csv,ok,500000,0.19999963999999998,3.999999999976245e-07,3,864.5110767072047,1.7179643389872747,ok,595,836,2990.430622027329,0.04341699999999982,0.3534,ok,b480f3ca7c47c7eb08c92e8efeb5e64da3f63f5f812942fecbbcbef3d4862687
chua/sweep forward/trace25.csv,ok,500000,0.19999963999999998,3.999999999976245e-07,3,862.5715320090321,1.5241228534410902,ok,594,829,3015.68154404686,0.04341699999999982,0.4378,ok,dc1273e08e2daf949d2e1c20181a5c66cce02623336fa66c1da84f373f8ced90
chua/sweep forward/trace26.csv,ok,500000,0.19999963999999998,3.999999999976245e-07,3,858.8740513496189,1.4325718007856856,ok,592,840,2976.1904762081513,0.04341699999999982,0.1406,ok,f880c620c7d796f04883a8141bc3ead1515349d98c5fe72b4d267da5c9389afa
chua/sweep forward/trace27.csv,ok,500000,0.19999963999999998,3.999999999976245e-07,3,856.2646378028911,1.1984259667541437,ok,590,841,2972.651605249521,0.04341699999999982,0.1086,ok,a9bdbf0a847f126cf0530ab1126bc5f8815e6a3788e75f611b08982b6cb0ca1c
chua/sweep forward/trace28.csv,ok,500000,0.19999963999999998,3.999999999976245e-07,3,851.96525843669,1.0923707514304541,ok,588,846,2955.0827423343344,0.04341699999999982,0.0338,ok,f5a17ab67e784e02b5f6bdcbc0c757f972f99c4caae27d85aa5487a9d921b2dc
chua/sweep forward/trace29.csv,ok,500000,0.19999963999999998,3.999999999976245e-07,3,849.9500322148122,0.9749442784372946,ok,585,851,2937.7203290421235,0.04341699999999982,0.0212,ok,094718e0815fa5e862f2dd23ed2b1d43cab894fefdcb4cb5601c4998f4e4de57
chua/sweep forward/trace30.csv,ok,500000,0.19999963999999998,3.999999999976245e-07,3,848.2928025568172,0.8919368321310175,ok,584,852,2934.2723004869094,0.04341699999999982,0.3566,ok,f39ddbe20d75d1f4121d4f04a4a8e36fee564e40f233c058989e0da21bceef6e
chua/sweep forward/trace31.csv,ok,500000,0.19999963999999998,3.999999999976245e-07,3,845.9443769888135,0.8354680951846077,ok,582,856,2920.560747680896,0.04341699999999982,0.0176,ok,bdc607280a77592d9891d0d0acd72052055b408a71ebe9f13160cc4ff62c2041
chua/sweep forward/trace32.csv,ok,500000,0.19999963999999998,3.999999999976245e-07,3,841.8434122031658,0.8262048278677964,ok,581,852,2934.2723004869094,0.04341699999999982,0.0244,ok,a53ef1f1d72b1027f903b0c8f85ea027d54e546f0f7a13efe41b171b706189cb
chua/sweep forward/trace33.csv,ok,500000,0.19999963999999998,3.999999999976245e-07,3,837.9894988007256,0.8196234564797006,ok,580,858,2913.752913770218,0.04341699999999982,0.1252,ok,cea14debe3e1cd92ec256828dc5df25a088b2cefefdc9c87f100578b226e7eee
chua/sweep forward/trace34.csv,ok,500000,0.19999963999999998,3.999999999976245e-07,3,832.4433082436584,0.8356870122353908,ok,578,858,2913.752913770218,0.04341699999999982,0.1458,ok,3f98ea5a95ed0788add3766d7863eb9da883731ec0cd80b894c9669349a14244
chua/sweep forward/trace35.csv,ok,500000,0.19999963999999998,3.999999999976245e-07,3,828.4159470057828,0.831340839346899,ok,578,859,2910.360884766993,0.04341699999999982,0.0644,ok,44a74a19a42710f646f096c6cebef8d9e364dd0c6369e303df54ff9bcd2e8331
chua/sweep forward/trace36.csv,ok,500000,0.19999963999999998,3.999999999976245e-07,3,820.8503930518267,0.8619771595166322,ok,576,864,2893.5185185357027,0.04341699999999982,0.2446,ok,a2827c966e68b2c4295cb72db12ae56599992c7c268ea6a682360dce5ecef8a2
chua/sweep forward/trace37.csv,ok,500000,0.19999963999999998,3.999999999976245e-07,3,812.8234751137066,0.8674303847534823,ok,574,870,2873.56321840787,0.04341699999999982,0.9198,ok,99637bd933637ceff271daa802353ad4c11e71f57503aeae2d2a85bcc3a9fd0c
chua/sweep forward/trace38.csv,ok,500000,0.19999963999999998,3.999999999976245e-07,3,804.0854787923512,0.876901115372454,ok,573,871,2870.264064310961,0.04341699999999982,0.0022,ok,e1c70f05994e41fa6f39a0bfac8c1ea9fff1b181ed6cdce019a8ff412f65fe4e
chua/sweep forward/trace39.csv,ok,500000,0.19999963999999998,3.999999999976245e-07,3,797.039789678518,0.8913082838906559,ok,572,874,2860.4118993304887,0.04341699999999982,0.0036,ok,72b33c3d82129934408fe782d6718deef9415b6e07d102c3a37e6e4cb02b0d3f
chua/sweep forward/trace40.csv,ok,500000,0.19999963999999998,3.999999999976245e-07,3,787.5249743144512,0.9036119054225564,ok,570,876,2853.8812785557616,0.04341699999999982,0.226,ok,4f8223c8164f77a61f87aee20a38cc6ab997e66c1a527aec468333d2adb20d38
chua/sweep forward/trace41.csv,ok,500000,0.19999963999999998,3.999999999976245e-07,3,777.046289496739,0.9204380812406883,ok,568,880,2840.9090909259626,0.04341699999999982,0.001,ok,fbaf00360691490449b34e80bb4bbe8c8a17b3572035b0ffdfc99ff30e741dee
chua/sweep forward/trace42.csv,ok,500000,0.19999963999999998,3.999999999976245e-07,3,773.6407943326432,0.9307074926860164,ok,568,873,2863.688430715747,0.04341699999999982,0.0248,ok,bd4f8435eb2ea1a0cf3b11a242d15e8460d288c8d98d9a339eeca69a2bcb80da
chua/sweep forward/trace43.csv,ok,500000,0.19999963999999998,3.999999999976245e-07,3,771.5043321838987,0.9048358190278294,ok,568,874,2860.4118993304887,0.04341699999999982,0.0508,ok,c1e5dd625b4b34cb972d5f386bccdc31a49c60ed1e7617d9cc67e6d44aedc580
chua/sweep forward/trace44.csv,ok,500000,0.19999963999999998,3.999999999976245e-07,3,770.3316507081672,0.9066327129973594,ok,567,879,2844.141069413933,0.04341699999999982,0.4966,ok,cb0069341c9a51058005da94e83dcfb76c824a556e73b086a9431c4423cbb4ac
chua/sweep forward/trace45.csv,ok,500000,0.19999963999999998,3.999999999976245e-07,3,769.2011220738518,0.9112535741969194,ok,567,879,2844.141069413933,0.04341699999999982,0.3484,ok,8ddb65a86c3045bc742878b5960509a1a32483bdfdb0a294555a53b9973d9bd4
chua/sweep forward/trace46.csv,ok,500000,0.19999963999999998,3.999999999976245e-07,3,767.9628463126454,0.9124656475630939,ok,567,878,2847.380410039689,0.04341699999999982,0.1312,ok,67c5d887209537d9636406075ed3fc3e47f98ce143b772390cfc24f536ff10e4
chua/sweep forward/trace47.csv,ok,500000,0.19999963999999998,3.999999999976245e-07,3,766.5306001502405,0.9082516390457164,ok,567,878,2847.380410039689,0.04341699999999982,0.1346,ok,7ee449b87e4263c1028ef32c92dad247cc1031ecf325e4d0a03ba5d282c80b46
chua/sweep forward/trace48.csv,ok,500000,0.19999963999999998,3.999999999976245e-07,3,764.596453393892,0.907374845485464,ok,567,881,2837.684449506069,0.04341699999999982,0.0016,ok,45eea69f83fb515780d3782194bca3d1050a28abe8bff01d1f84c153644ad2c7
chua/sweep forward/trace49.csv,ok,500000,0.19999963999999998,3.999999999976245e-07,3,763.1471753024571,0.9114147407785871,ok,567,878,2847.380410039689,0.04341699999999982,0.1324,ok,19703a94d8045ebe565f1e6c7421940e956e14ee5b363b3f362b5db414d81819
chua/sweep forward/trace50.csv,ok,500000,0.19999963999999998,3.999999999976245e-07,3,761.3165157773172,0.9000374749486886,ok,567,880,2840.9090909259626,0.04341699999999982,0.0686,ok,3fe27353040d93e9e6f7135d6789b04351e08f0fbf303ff367dd02c74478eae1
chua/sweep forward/trace51.csv,ok,500000,0.19999963999999998,3.999999999976245e-07,3,758.9587424417193,0.8984197168491215,ok,566,874,2860.4118993304887,0.04341699999999982,0.027,ok,a6af60cddcba3222672ad9ed585cb451d8dd2a5336e44940b50a4bdac1403ac4
chua/sweep forward/trace52.csv,ok,500000,0.19999963999999998,3.999999999976245e-07,3,756.3718347400571,0.9107268664869828,ok,566,881,2837.684449506069,0.04341699999999982,0.4312,ok,474f66bebb88465e171c5b334e7817711d2ee14abaf0e1dca1275aa29327aeb8
chua/sweep forward/trace53.csv,ok,500000,0.19999963999999998,3.999999999976245e-07,3,750.8811634776365,0.9126189546756134,ok,566,878,2847.380410039689,0.04341699999999982,0.1428,ok,59b9e1e2a1bb91f527818348f432544da9af02423be3838de5529969b50889c3
chua/sweep forward/trace54.csv,ok,500000,0.19999963999999998,3.999999999976245e-07,3,749.083281488769,0.9150827730664066,ok,566,882,2834.467120198239,0.04341699999999982,0.0064,ok,8eb10d5c41fb548eaa653ef622d366bf0119da86e0f875fb3cd8642c8b782a2e
chua/sweep forward/trace55.csv,ok,500000,0.19999963999999998,3.999999999976245e-07,3,746.2366153025913,0.9140351469212727,ok,566,885,2824.858757078923,0.04341699999999982,0.2384,ok,514944429a2ebce468e0102a26e866bf6999e25099fd4e3d5fe7c9ad5d85941a
chua/sweep forward/trace56.csv,ok,500000,0.19999963999999998,3.999999999976245e-07,3,744.7451791639072,0.9159781448062301,ok,566,883,2831.2570781595095,0.04341699999999982,0.0168,ok,a2d10d54cb4230bfacf98c04da2eedf2035187ab63c2381665b6fc16867a890e
chua/sweep forward/trace57.csv,ok,500000,0.19999963999999998,3.999999999976245e-07,3,742.975608662386,0.9163293038930499,ok,566,881,2837.684449506069,0.04341699999999982,0.022,ok,60e389f1506c70aa034e3230e4f4c6d8700a1bb66e4522a4d92503a53b410fec
chua/sweep forward/trace58.csv,ok,500000,0.19999963999999998,3.999999999976245e-07,3,742.0817801753241,0.9150614066492927,ok,566,886,2821.6704289106624,0.04341699999999982,0.2466,ok,6bebd2bf79471a8c7039bb89ccc3864d5207c132797efd4c6a359debfeeac7a2
chua/sweep forward/trace59.csv,ok,500000,0.19999963999999998,3.999999999976245e-07,3,740.8269627826216,0.9150426742185602,ok,565,885,2824.858757078923,0.04341699999999982,0.1094,ok,fe1bb399823c714cbdd167932e809b2981b8407b03ab7ad24c02a44649965417
chua/sweep forward/trace60.csv,ok,500000,0.19999963999999998,3.999999999976245e-07,3,740.0754840755728,0.9124946030912878,ok,565,883,2831.2570781595095,0.04341699999999982,0.1412,ok,8b3bd51c3fa921608c5af1b4d9a202d1df5a4e2bcbec20be688ee017f726f00b
chua/sweep forward/trace61.csv,ok,500000,0.19999963999999998,3.999999999976245e-07,3,738.85995877443,0.9097422307823424,ok,565,884,2828.054298659329,0.04341699999999982,0.0042,ok,06a1370dd543ed069be7ba338e3c3d4d0a90fb49d81c90f14eacae5db3fc7c25
chua/sweep forward/trace62.csv,ok,500000,0.19999963999999998,3.999999999976245e-07,3,737.8000003000855,0.9262152861946902,ok,564,887,2818.4892897574373,0.04341699999999982,0.4252,ok,d026863e55d984b61047f4d14d4cbd25a2d64d88859456748bc7d32418bc31f8
chua/sweep forward/trace63.csv,ok,500000,0.19999963999999998,3.999999999976245e-07,3,736.8588928165908,0.9121872307788752,ok,564,886,2821.6704289106624,0.04341699999999982,0.0218,ok,efc4578f79838decf2a368071777fe2988640ac658a4502f82dc03df443bff51
chua/sweep forward/trace64.csv,ok,500000,0.19999963999999998,3.999999999976245e-07,3,735.3005018487655,0.9112681500896016,ok,564,887,2818.4892897574373,0.04341699999999982,0.0586,ok,62a09652924ea6f6e780a8120e72bfeb6dfd2410a8c9e2d5e23a2383c4524813
chua/sweep forward/trace65.csv,ok,500000,0.19999963999999998,3.999999999976245e-07,3,733.6841535268549,0.9098584902116121,ok,564,890,2808.9887640616257,0.04341699999999982,0.071,ok,762527f25f0c4e02f5c2ae6e5886426069c6ddd460cbab681843890d6d0e26fa
chua/sweep forward/trace66.csv,ok,500000,0.19999963999999998,3.999999999976245e-07,3,732.2194403109917,0.9124854525730928,ok,564,886,2821.6704289106624,0.04341699999999982,0.1276,ok,f70008facfae94a7bcf81848f407fb26f7787594873b8d78ebfc5f04b4c16969
chua/sweep forward/trace67.csv,ok,500000,0.19999963999999998,3.999999999976245e-07,3,730.3638630920527,0.9107657443455499,ok,563,888,2815.315315332035,0.04341699999999982,0.035,ok,ddf5def3b141cde542b9a575aa783412c6ba65262859df7ce5b9aeb7885f5499
chua/sweep forward/trace68.csv,ok,500000,0.19999963999999998,3.999999999976245e-07,3,727.4848909612022,0.9292121863168407,ok,563,891,2805.836139186136,0.04341699999999982,0.2756,ok,fb1b8391a7f7cc55cd3e419f6693874a48e3e99c9fcb57fbe6587644cbcf98e9
chua/sweep forward/trace69.csv,ok,500000,0.19999963999999998,3.999999999976245e-07,3,722.5594387176393,0.911604244139461,ok,563,890,2808.9887640616257,0.04341699999999982,0.0292,ok,c3b38b2a72723ced25a6562b0815ea8433547907e96b6b3512a326a0a8c337d5
chua/sweep forward/trace70.csv,ok,500000,0.19999963999999998,3.999999999976245e-07,3,715.5275253667901,0.9289944848695256,ok,562,890,2808.9887640616257,0.04341699999999982,0.0648,ok,6e2bbd33cd7e39fd362e993b9df677ce1b9cb9a96e3ef5d2d409dd8a4b131d92
chua/sweep forward/trace71.csv,ok,500000,0.19999963999999998,3.999999999976245e-07,3,713.9082718004043,0.9268478698225594,ok,564,890,2808.9887640616257,0.04341699999999982,0.0436,ok,ce0415be5b9c7e8ed5f286445e92f85ad074250b79fc321338fff099ee90ab04
chua/sweep forward/trace72.csv,ok,500000,0.19999963999999998,3.999999999976245e-07,3,713.4368519703825,0.9250933985417235,ok,567,875,2857.1428571598253,0.04341699999999982,0.0216,ok,f7cffa738560b6b185450d6234affbc4ff0abd296b8b96f0001e477388cf6ab8
chua/sweep forward/trace73.csv,ok,500000,0.19999963999999998,3.999999999976245e-07,3,710.2355004963496,0.9241793738679492,ok,568,874,2860.4118993304887,0.04341699999999982,0.2856,ok,aeb2bc2d09968ffd667100260863ccb81199ceaef9fd05d24700ce0f0e0533dd
chua/sweep forward/trace74.csv,ok,500000,0.19999963999999998,3.999999999976245e-07,3,708.4156282386199,0.929091233319569,ok,567,871,2870.264064310961,0.04341699999999982,0.0402,ok,51b1f2b17042f44e42715faf65f95b243bbce2a25b71409fbd16c1c75d2c4816
chua/sweep forward/trace75.csv,ok,500000,0.19999963999999998,3.999999999976245e-07,3,706.3503422901323,0.9279865609984135,ok,565,886,2821.6704289106624,0.04341699999999982,0.3944,ok,8b3e02bcd1276fd6ce0b64586b5ff9fa420979294517a7b206bf0f942475eac0
chua/sweep forward/trace76.csv,ok,500000,0.19999963999999998,3.999999999976245e-07,3,704.5172564454659,0.9442474518344325,ok,564,886,2821.6704289106624,0.04341699999999982,0.0656,ok,5fd471b22ab3e0a0a11dbdccef6636ce15f9ef6f4675e16f8e7767487b383452
chua/sweep forward/trace77.csv,ok,500000,0.19999963999999998,3.999999999976245e-07,3,700.952333341713,0.9281806488039832,ok,564,880,2840.9090909259626,0.04341699999999982,0.3642,ok,90bf818c06eb9f150f682c87481d60e2a8dc2f74e69b78187d87b4e7c3155980
chua/sweep forward/trace78.csv,ok,500000,0.19999963999999998,3.999999999976245e-07,3,695.9720997096689,0.9285844975705879,ok,563,882,2834.467120198239,0.04341699999999982,0.0058,ok,64ba2488a9fd7eb9227e3e7cebac571d023ee2239c5e1ac3c103e1c8c877d687
chua/sweep forward/trace79.csv,ok,500000,0.19999963999999998,3.999999999976245e-07,3,690.0293347386535,0.9445799575653535,ok,564,880,2840.9090909259626,0.04341699999999982,0.0014,ok,3eda1894bdfab26e8f0f9f286d10a2ba6ff7f2df0f2aa6e24d65c953afa73289
chua/sweep forward/trace80.csv,ok,500000,0.19999963999999998,3.999999999976245e-07,3,680.2379508850711,0.9446205381618592,ok,565,878,2847.380410039689,0.04341699999999982,0.0112,ok,8b86dc9955fb5e68a28dec09895772824a07bad6e7938714ca6d6ca504c66a0f
chua/sweep forward/trace81.csv,ok,500000,0.19999963999999998,3.999999999976245e-07,3,674.2940768284604,0.9284679909971316,ok,567,871,2870.264064310961,0.04341699999999982,0.0274,ok,e40cf5733f722a0a27d2c82d90829b20c5cb832224d87934d077ffda89cf726a
chua/sweep forward/trace82.csv,ok,500000,0.19999963999999998,3.999999999976245e-07,3,671.0386118815165,0.9455016682462559,ok,566,874,2860.4118993304887,0.04341699999999982,0.1052,ok,85d546ac1b30d34172852b42770c6b35d488a1e0e3c050b1963db3cad460397c
chua/sweep forward/trace83.csv,ok,500000,0.19999963999999998,3.999999999976245e-07,3,668.7407718508398,0.9227705267811904,ok,566,834,2997.60191848303,0.04341699999999982,0.039,ok,e3df8b3c52d35186027be4ef07622d5762679b3126ad08cea7a197d63efbe4b5
chua/sweep forward/trace84.csv,ok,500000,0.19999963999999998,3.999999999976245e-07,3,668.1725635694625,0.926228909137191,ok,565,868,2880.1843318143397,0.04341699999999982,0.0046,ok,c83debda9ae2500359262010ac4478d9ec4a02be84530840b3fbcfd84dbb1c20
chua/sweep forward/trace85.csv,ok,500000,0.19999963999999998,3.999999999976245e-07,3,667.0560542016755,0.9268766933522252,ok,564,870,2873.56321840787,0.04341699999999982,0.0028,ok,514b467a2ff9f06ca6b5f3d6bf1bafab54435a4f3ce74a43567adebd76a9ed03
chua/sweep forward/trace86.csv,ok,500000,0.19999963999999998,3.999999999976245e-07,3,664.5396211650612,0.9274939421585459,ok,557,871,2870.264064310961,0.04341699999999982,0.0554,ok,48b47e48e88d669770411b6b03eb047662901f7bbdddbccbfdf1f37efae07096
chua/sweep forward/trace87.csv,ok,500000,0.19999963999999998,3.999999999976245e-07,3,664.2838844152532,0.9270869026095202,ok,556,877,2850.627137987283,0.04341699999999982,0.0304,ok,fdd561f2b4bfbd6a1b0626469c4d94df6ed16bf6f07b9c9aa05dbfb250a765f7
chua/sweep forward/trace88.csv,ok,500000,0.49999899999999997,1.000000000001e-06,3,660.4750845912598,0.5818485758850501,ok,1379,348,2873.5632183879306,0.04341699999999982,0.007,ok,4b15d7cf56c1fefd38c8fb76ddf469c696ca3668ecbaeaacc604bcd9f945aee6
chua/sweep forward/trace89.csv,ok,500000,0.49999899999999997,1.000000000001e-06,3,660.5594964506541,0.5755997470201059,ok,1379,352,2840.9090909062497,0.04341699999999982,0.0052,ok,63be4f73a49d6fc71279edab68b20e24d024ec24853c9bf258fa985198da1e3a
chua/sweep forward/trace90.csv,ok,500000,0.49999899999999997,1.000000000001e-06,3,659.9422969648245,0.5752357148042078,ok,1374,350,2857.1428571399997,0.04341699999999982,0.044,ok,3f79198422aa07435060faeb54d01b268135896fd7651a8da663d516edeef14c
chua/sweep forward/trace91.csv,ok,500000,0.49999899999999997,1.000000000001e-06,3,658.5632430553334,0.5827398982937863,ok,1365,349,2865.3295128911172,0.04341699999999982,0.0102,ok,cce6364f0c9f5e78877b6a78564ad38a9e6c8992c095babf75e1fb8be3a9c563
chua/sweep forward/trace92.csv,ok,500000,0.49999899999999997,1.000000000001e-06,3,656.5972532503147,0.5758046178421633,ok,1369,348,2873.5632183879306,0.04341699999999982,0.0674,ok,8d0560d1009645c16abe4715eef8e89bc86b67a01daec2fd3fd348e8f11e7418
chua/sweep forward/trace93.csv,ok,500000,0.49999899999999997,1.000000000001e-06,3,653.7690148562493,0.5900164237065603,ok,1340,348,2873.5632183879306,0.04341699999999982,0.0268,ok,3884e292e6c33feb307f45ddda7561cb65a459d46427640566dda495654d8664
chua/sweep forward/trace94.csv,ok,500000,0.49999899999999997,1.000000000001e-06,3,650.5846141345263,0.5975100106451416,ok,1320,351,2849.002849,0.04341699999999982,0.0008,ok,4ceeaf52b11f06df6cc9669327c5c50804da2d2b2de53924ee84a99ba64e2fd0
chua/sweep forward/trace95.csv,ok,500000,0.49999899999999997,1.000000000001e-06,3,642.5449069305142,0.5970026723066467,ok,1273,349,2865.3295128911172,0.04341699999999982,0.1092,ok,9139daf5b2834f82267741556bcf6b69fe4e91df0830417f3e1817feb90bab2c
chua/sweep forward/trace96.csv,ok,500000,0.49999899999999997,1.000000000001e-06,3,632.2807870068407,0.609241376534969,ok,1275,342,2923.9766081842104,0.04341699999999982,0.0092,ok,fc19b82ceaeea0f3658651f0a96b95c6b32341f1a98b34d4358eec026fe40574
chua/sweep forward/trace97.csv,ok,500000,0.49999899999999997,1.000000000001e-06,3,616.4802714102599,0.6266900480438151,ok,1278,337,2967.3590504421363,0.04341699999999982,0.0404,ok,e472132ebc5939f95d57afde587972a509b3ddfbbeb822d1cb181d4eb71ae619
chua/sweep forward/trace98.csv,ok,500000,0.49999899999999997,1.000000000001e-06,3,600.8785724160556,0.6495272265426769,ok,1284,336,2976.1904761875,0.04341699999999982,0.0032,ok,a966582c3c985fd9c749391940e04ec42f9aa759f7a51162350323471fbfe0cc
chua/sweep forward/trace99.csv,ok,500000,0.49999899999999997,1.000000000001e-06,3,584.1981994280814,0.6765331628164277,ok,1302,330,3030.3030302999996,0.04341699999999982,0.088,ok,cfc2c599149f627e6f8a88135fe460edf95128aa359fd19b444007aaebfdf288
chua/sweep forward/trace100.csv,ok,500000,0.49999899999999997,1.000000000001e-06,3,568.0387994635115,0.694289975449072,ok,1312,327,3058.10397553211,0.04341699999999982,0.1236,ok,ddf57ab69dfc0a8c0c576f3389904455bfef7dcef8c07ca4ccd5ae37af2eaebb
chua/sweep forward/trace101.csv,ok,500000,0.49999899999999997,1.000000000001e-06,3,546.4949045122188,0.7247688161011259,ok,1284,333,3003.003003,0.04341699999999982,0.0104,ok,b910cc796f91815efd455ecdb07770087676ba3fb79b9616876d47047b88d4be
chua/sweep forward/trace102.csv,ok,500000,0.49999899999999997,1.000000000001e-06,3,523.4133143186536,0.7561545219368988,ok,1297,330,3030.3030302999996,0.04341699999999982,0.055,ok,b1438b3d6d26ce9a8e27aa868d2b4977a18d0917992495294fde6730a04dfb08
chua/sweep forward/trace103.csv,ok,500000,0.49999899999999997,1.000000000001e-06,3,500.03207141470045,0.7941279116543043,ok,1281,336,2976.1904761875,0.04341699999999982,0.0642,ok,5425ed6ad62f16bb706430585bddfa09f82b323b1391bc2bb9be92092a4b285f
chua/sweep forward/trace104.csv,ok,500000,0.49999899999999997,1.000000000001e-06,3,470.8055471629305,0.850274886220889,ok,1264,340,2941.176470585294,0.04341699999999982,0.0242,ok,2f3da132dde7640616bcd7d7931b9e3a229d843f6db2f1496d578de678d9bdbf
chua/sweep forward/trace105.csv,ok,500000,0.49999899999999997,1.000000000001e-06,3,442.0406668961732,0.9136923667160987,ok,1171,410,2439.024390241463,0.04341699999999982,0.0082,ok,c9165635399ad361fcbe9a399d4e29af9db451c8868eb8a559a721bf7a29ae8f
chua/sweep forward/trace106.csv,ok,500000,0.49999899999999997,1.000000000001e-06,3,425.6959453852823,0.9275315119803378,ok,1176,385,2597.4025973999996,0.04341699999999982,0.1124,ok,618a2e997efc6dec466740d8ddde0d90ebea83dbe06b40d8b149657c9eab6adf
chua/sweep forward/trace107.csv,ok,500000,0.49999899999999997,1.000000000001e-06,3,413.59699987658513,0.9648150123271072,ok,1075,453,2207.5055187615894,0.04341699999999982,0.0232,ok,9584f2ae360326eed52e7e88637b8c1392e240a205de27e2cd43bf1cd2feb29f
chua/sweep forward/trace108.csv,ok,500000,0.49999899999999997,1.000000000001e-06,3,392.42434279318894,1.005231361159588,ok,996,482,2074.688796678423,0.04341699999999982,0.0768,ok,c33760890294d62bfd24402d45dceb9d49a7848df342adceb1f07c7772e9e182
chua/sweep forward/trace109.csv,ok,500000,0.49999899999999997,1.000000000001e-06,3,371.18111830331407,1.0663640776396526,ok,795,588,1700.6802721071426,0.04341699999999982,0.259,ok,7065b94b8f001d434dce132d5be0966ced808c3dfb4bbfd78b450a648dbf6cd3
chua/sweep forward/trace110.csv,ok,500000,0.49999899999999997,1.000000000001e-06,3,353.4378852054327,1.1147851616113373,ok,816,567,1763.6684303333332,0.04341699999999982,0.094,ok,6a5bf36460134633b8c991fb1f42ced2a919f90250c51ee0a02f918a3e6e5ea0
chua/sweep forward/trace111.csv,ok,500000,0.49999899999999997,1.000000000001e-06,3,332.502291980217,1.2280843714928673,ok,666,683,1464.1288433367495,0.04341699999999982,0.0378,ok,d5c94c9802e844c8713993abfa04b2fa223348d800fdd49d03257bea68573a44
chua/sweep forward/trace112.csv,ok,500000,0.49999899999999997,1.000000000001e-06,3,309.32314556679313,1.8467861271895414,ok,731,681,1468.428781202643,0.04341699999999982,0.0098,ok,bf6341fd7201e7c5c76d5e64e7600509d00767fc2e7a9183a47a99c1e1738035
chua/sweep forward/trace113.csv,ok,500000,0.49999899999999997,1.000000000001e-06,3,303.7141807391457,1.7455490608382818,ok,695,717,1394.7001394686192,0.04341699999999982,0.0318,ok,a24cdfe3d4c507e5dbdd1865f81ac68980889a7dbe5fd5dadf18b74de586e88b
chua/sweep forward/trace114.csv,ok,500000,0.49999899999999997,1.000000000001e-06,3,309.9263325604411,3.7860309324848864,ok,1402,357,2801.1204481764703,0.04341699999999982,31.1118,ok,0e5b3696d5fee4fbd812b1390a7c4f5f89abff1415ff7476d8ae874d33d1d768
chua/sweep forward/trace115.csv,ok,500000,0.49999899999999997,1.000000000001e-06,3,251.28827969928332,3.9148099287720552,ok,1407,355,2816.901408447887,0.04341699999999982,31.4874,ok,4ece407faba1a144d774c88baacc5f0a13d69150e5b359fe0fcbd040c1006116
chua/sweep forward/trace116.csv,ok,500000,0.49999899999999997,1.000000000001e-06,3,213.45904265064155,4.01045534527356,ok,1409,355,2816.901408447887,0.04341699999999982,31.6888,ok,cb61269c8b30654dffbc1c9575f33c5b6e833d1c2830d5c6a0d09ae3b54fbecb
chua/sweep forward/trace117.csv,ok,500000,0.49999899999999997,1.000000000001e-06,3,174.37798869721345,4.11159560528764,ok,1412,354,2824.8587570593218,0.04341699999999982,31.851,ok,b422b859e4ce942d6e836209d806affbdb22a7f6d4f4f4e15d9fa8c0a978072b
chua/sweep forward/trace118.csv,ok,500000,0.49999899999999997,1.000000000001e-06,3,145.3834341384549,4.196134214173268,ok,1414,354,2824.8587570593218,0.04341699999999982,31.963,ok,66a3a7d897d95c25319e93eace732a7cbacec33d5e2c791f9d7c1844caa89d30
chua/sweep forward/trace119.csv,ok,500000,0.49999899999999997,1.000000000001e-06,3,110.65197828180469,4.303462476497661,ok,1416,353,2832.8611897988667,0.04341699999999982,32.0854,ok,1d15d37ee722445c713491068c80bd3de56ada165a396f28694af0db859f46f0
chua/sweep forward/trace120.csv,ok,500000,0.49999899999999997,1.000000000001e-06,3,71.90915393200764,4.434122798556818,ok,1419,352,2840.9090909062497,0.04341699999999982,32.1728,ok,5747b7255d71dd048fe2ec7a206f9e7ab3090679a32d8ffcb13ad0887a1a015b
chua/sweep forward/trace121.csv,ok,500000,0.49999899999999997,1.000000000001e-06,3,64.05139075817195,4.45984710706818,ok,1419,352,2840.9090909062497,0.04341699999999982,32.1928,ok,1aa6eb8270cc0ad8ebd32a8f850c703c0c2dafc20953d92a9128049b766603d0
trace1.csv,ok,58571,0.16399719000000001,2.7999999999998512e-06,2,,,not measured,,,,,,,35000d9e271bd159d88c487326357836197ed6e159b1789199943122abed1e10
