sweep,filename,rpot_ohm,n_maxima,rpot_source,nominal_rpot_ohm,n_branches,n_slopes,unresolved_pct,cluster_pct,mean_T_us,median_T_us,mean_vs_median_pct,mean_ln_abs_fprime,lambda_map_per_s,lambda_map_err_per_s,lambda_map_err_stat,lambda_map_err_width,map_r2_within_branch,lambda_rosenstein_per_s,lambda_rosenstein_err_per_s,rosenstein_fit_r2,rosenstein_status,status,u_r_block_ohm,dt_s,u_lambda_timebase_per_s,lambda_timebase_25ppm_component_per_s,lambda_error_status
forward,trace14.csv,870.5,609,divider sidecar (R0=992 ohm),,0,0,,,328.402,328.01,0.12,,,,,,,-6.72,2.47,0.041,ok,map spread 0.010 V below --min-spread,1.932664911242066,3.999999999976245e-07,,9.699484522385713e-05,Original fit uncertainty only; clock aging and estimator systematic uncertainty unresolved
forward,trace15.csv,881.24,609,divider sidecar (R0=992 ohm),,0,0,,,328.5,328.6,-0.03,,,,,,,0.94,0.9,0.0007,ok,map spread 0.009 V below --min-spread,2.4530346181982345,3.999999999976245e-07,,1.3567731325956205e-05,Original fit uncertainty only; clock aging and estimator systematic uncertainty unresolved
forward,trace16.csv,887.71,608,divider sidecar (R0=992 ohm),,0,0,,,328.7262,328.79,-0.02,,,,,,,-1.59,1.9,0.0013,ok,map spread 0.009 V below --min-spread,1.5738214748886632,3.999999999976245e-07,,2.2949673200287626e-05,Original fit uncertainty only; clock aging and estimator systematic uncertainty unresolved
forward,trace17.csv,891.03,608,divider sidecar (R0=992 ohm),,0,0,,,328.9239,328.8,0.04,,,,,,,-2.04,1.22,0.003,ok,map spread 0.012 V below --min-spread,1.3704038269603487,3.999999999976245e-07,,2.944486372867092e-05,Original fit uncertainty only; clock aging and estimator systematic uncertainty unresolved
forward,trace18.csv,891.18,608,divider sidecar (R0=992 ohm),,0,0,,,329.1057,329.2,-0.03,,,,,,,-1.54,1.05,0.0019,ok,map spread 0.010 V below --min-spread,1.2656357740468487,3.999999999976245e-07,,2.2227985363800594e-05,Original fit uncertainty only; clock aging and estimator systematic uncertainty unresolved
forward,trace19.csv,886.75,607,divider sidecar (R0=992 ohm),,0,0,,,329.3637,329.59,-0.07,,,,,,,-1.71,2.42,0.0019,ok,map spread 0.010 V below --min-spread,1.2435981250348214,3.999999999976245e-07,,2.4681724007856505e-05,Original fit uncertainty only; clock aging and estimator systematic uncertainty unresolved
forward,trace20.csv,886.16,607,divider sidecar (R0=992 ohm),,0,0,,,329.703,329.99,-0.09,,,,,,,-1.72,2.14,0.0047,ok,map spread 0.009 V below --min-spread,0.7541152699235759,3.999999999976245e-07,,2.482606157515391e-05,Original fit uncertainty only; clock aging and estimator systematic uncertainty unresolved
forward,trace21.csv,885.56,607,divider sidecar (R0=992 ohm),,0,0,,,329.7914,329.99,-0.06,,,,,,,0.69,1.24,0.0004,ok,map spread 0.010 V below --min-spread,0.7186304373392876,3.999999999976245e-07,,9.959292143521045e-06,Original fit uncertainty only; clock aging and estimator systematic uncertainty unresolved
forward,trace22.csv,886.8,606,divider sidecar (R0=992 ohm),,0,0,,,329.9689,330.0,-0.01,,,,,,,0.6,2.76,0.0007,ok,map spread 0.010 V below --min-spread,0.9476674271523082,3.999999999976245e-07,,8.660254037844387e-06,Original fit uncertainty only; clock aging and estimator systematic uncertainty unresolved
forward,trace23.csv,886.28,605,divider sidecar (R0=992 ohm),,0,0,,,330.1881,330.2,-0.0,,,,,,,-1.2,2.39,0.0008,ok,map spread 0.010 V below --min-spread,0.6031693093583453,3.999999999976245e-07,,1.7320508075688774e-05,Original fit uncertainty only; clock aging and estimator systematic uncertainty unresolved
forward,trace24.csv,889.84,605,divider sidecar (R0=992 ohm),,0,0,,,330.4252,330.41,0.0,,,,,,,-0.07,1.41,0.0,ok,map spread 0.012 V below --min-spread,0.672392141091608,3.999999999976245e-07,,1.0103629710818453e-06,Original fit uncertainty only; clock aging and estimator systematic uncertainty unresolved
forward,trace25.csv,886.37,605,divider sidecar (R0=992 ohm),,0,0,,,330.8424,330.8,0.01,,,,,,,0.98,2.17,0.0008,ok,map spread 0.011 V below --min-spread,0.5412705940481761,3.999999999976245e-07,,1.414508159514583e-05,Original fit uncertainty only; clock aging and estimator systematic uncertainty unresolved
forward,trace26.csv,884.81,604,divider sidecar (R0=992 ohm),,0,0,,,331.2351,331.2,0.01,,,,,,,1.89,3.52,0.0057,ok,map spread 0.008 V below --min-spread,0.44008782990786965,3.999999999976245e-07,,2.7279800219209815e-05,Original fit uncertainty only; clock aging and estimator systematic uncertainty unresolved
forward,trace27.csv,882.19,603,divider sidecar (R0=992 ohm),,0,0,,,331.5601,331.6,-0.01,,,,,,,3.08,2.65,0.0056,ok,map spread 0.011 V below --min-spread,0.4564522415554864,3.999999999976245e-07,,4.445597072760119e-05,Original fit uncertainty only; clock aging and estimator systematic uncertainty unresolved
forward,trace28.csv,879.88,603,divider sidecar (R0=992 ohm),,0,0,,,331.9316,332.0,-0.02,,,,,,,0.77,1.57,0.0006,ok,map spread 0.010 V below --min-spread,0.3892032815622269,3.999999999976245e-07,,1.1113992681900297e-05,Original fit uncertainty only; clock aging and estimator systematic uncertainty unresolved
forward,trace29.csv,877.59,602,divider sidecar (R0=992 ohm),,0,0,,,332.2902,332.39,-0.03,,,,,,,0.37,1.26,0.0002,ok,map spread 0.013 V below --min-spread,0.3788401513862513,3.999999999976245e-07,,5.340489990004038e-06,Original fit uncertainty only; clock aging and estimator systematic uncertainty unresolved
forward,trace30.csv,875.85,601,divider sidecar (R0=992 ohm),,0,0,,,332.4633,332.4,0.02,,,,,,,-3.23,0.35,0.0079,ok,map spread 0.011 V below --min-spread,0.3304514684269788,3.999999999976245e-07,,4.662103423706228e-05,Original fit uncertainty only; clock aging and estimator systematic uncertainty unresolved
forward,trace31.csv,873.7,601,divider sidecar (R0=992 ohm),,0,0,,,332.8073,332.8,0.0,,,,,,,-0.65,3.56,0.0002,ok,map spread 0.014 V below --min-spread,0.40406315977223317,3.999999999976245e-07,,9.381941874331421e-06,Original fit uncertainty only; clock aging and estimator systematic uncertainty unresolved
forward,trace32.csv,872.39,600,divider sidecar (R0=992 ohm),,0,0,,,333.0838,333.2,-0.03,,,,,,,-1.27,1.48,0.0004,ok,map spread 0.019 V below --min-spread,0.34176674092310305,3.999999999976245e-07,,1.833087104677062e-05,Original fit uncertainty only; clock aging and estimator systematic uncertainty unresolved
forward,trace33.csv,870.74,600,divider sidecar (R0=992 ohm),,0,0,,,333.3509,333.59,-0.07,,,,,,,-0.39,3.09,0.0001,ok,map spread 0.017 V below --min-spread,0.27143957266394886,3.999999999976245e-07,,5.629165124598853e-06,Original fit uncertainty only; clock aging and estimator systematic uncertainty unresolved
forward,trace34.csv,868.34,599,divider sidecar (R0=992 ohm),,0,0,,,333.905,334.0,-0.03,,,,,,,0.29,4.04,0.0,ok,map spread 0.026 V below --min-spread,0.3090334484663301,3.999999999976245e-07,,4.185789451624787e-06,Original fit uncertainty only; clock aging and estimator systematic uncertainty unresolved
forward,trace35.csv,867.4,598,divider sidecar (R0=992 ohm),,0,0,,,334.2593,334.39,-0.04,,,,,,,2.2,2.44,0.0047,ok,map spread 0.028 V below --min-spread,0.3083675285886211,3.999999999976245e-07,,3.175426480542942e-05,Original fit uncertainty only; clock aging and estimator systematic uncertainty unresolved
forward,trace36.csv,863.69,597,divider sidecar (R0=992 ohm),,0,0,,,334.8725,334.81,0.02,,,,,,,1.73,1.11,0.0012,ok,map spread 0.023 V below --min-spread,0.27487585477060084,3.999999999976245e-07,,2.4970399142451316e-05,Original fit uncertainty only; clock aging and estimator systematic uncertainty unresolved
forward,trace37.csv,867.49,596,divider sidecar (R0=992 ohm),,0,0,,,335.5698,335.6,-0.01,,,,,,,9.56,1.02,0.0998,ok,map spread 0.055 V below --min-spread,0.23925758121879862,3.999999999976245e-07,,0.00013798671433632058,Original fit uncertainty only; clock aging and estimator systematic uncertainty unresolved
forward,trace38.csv,864.81,595,divider sidecar (R0=992 ohm),,0,0,,,336.2916,336.4,-0.03,,,,,,,4.93,1.23,0.0183,ok,map spread 0.042 V below --min-spread,0.22883358594446856,3.999999999976245e-07,,7.115842067762137e-05,Original fit uncertainty only; clock aging and estimator systematic uncertainty unresolved
forward,trace39.csv,862.94,594,divider sidecar (R0=992 ohm),,0,0,,,336.6577,336.79,-0.04,,,,,,,11.25,3.49,0.1531,ok,map spread 0.050 V below --min-spread,0.24336270525523498,3.999999999976245e-07,,0.00016237976320958227,Original fit uncertainty only; clock aging and estimator systematic uncertainty unresolved
forward,trace40.csv,860.39,592,divider sidecar (R0=992 ohm),,0,0,,,337.6941,337.6,0.03,,,,,,,33.58,7.77,0.4648,ok,map spread 0.061 V below --min-spread,0.1908218111638502,3.999999999976245e-07,,0.0004846855509846908,Original fit uncertainty only; clock aging and estimator systematic uncertainty unresolved
forward,trace41.csv,854.29,590,divider sidecar (R0=992 ohm),,0,0,,,339.071,339.2,-0.04,,,,,,,67.19,12.69,0.8354,ok,map spread 0.077 V below --min-spread,0.13493525200801887,3.999999999976245e-07,,0.000969804114671274,Original fit uncertainty only; clock aging and estimator systematic uncertainty unresolved
forward,trace42.csv,852.85,589,divider sidecar (R0=992 ohm),,0,0,,,339.5326,339.6,-0.02,,,,,,,14.05,2.88,0.1872,ok,map spread 0.082 V below --min-spread,0.1534054289619639,3.999999999976245e-07,,0.0002027942820528561,Original fit uncertainty only; clock aging and estimator systematic uncertainty unresolved
forward,trace43.csv,862.13,587,divider sidecar (R0=992 ohm),,0,0,,,340.5795,340.79,-0.06,,,,,,,42.07,12.35,0.7574,ok,map spans only 5 quantisation steps of 20 mV (under --min-steps),0.1833368064172718,3.999999999976245e-07,,0.0006072281456201889,Original fit uncertainty only; clock aging and estimator systematic uncertainty unresolved
forward,trace44.csv,844.53,584,divider sidecar (R0=992 ohm),,0,0,,,342.4027,342.4,0.0,,,,,,,3.89,3.74,0.0473,ok,map spread 0.016 V below --min-spread,0.150855818729129,3.999999999976245e-07,,5.614731367869111e-05,Original fit uncertainty only; clock aging and estimator systematic uncertainty unresolved
forward,trace45.csv,840.53,583,divider sidecar (R0=992 ohm),,0,0,,,342.8399,342.8,0.01,,,,,,,4.71,1.3,0.0485,ok,map spread 0.010 V below --min-spread,0.19004931351103052,3.999999999976245e-07,,6.798299419707844e-05,Original fit uncertainty only; clock aging and estimator systematic uncertainty unresolved
forward,trace46.csv,837.81,583,divider sidecar (R0=992 ohm),,0,0,,,343.2605,343.2,0.02,,,,,,,6.32,1.98,0.1715,ok,map spread 0.015 V below --min-spread,0.1459495708663122,3.999999999976245e-07,,9.122134253196088e-05,Original fit uncertainty only; clock aging and estimator systematic uncertainty unresolved
forward,trace47.csv,834.98,582,divider sidecar (R0=992 ohm),,0,0,,,343.5787,343.6,-0.01,,,,,,,5.58,0.8,0.1095,ok,map spread 0.017 V below --min-spread,0.16312943604337837,3.999999999976245e-07,,8.05403625519528e-05,Original fit uncertainty only; clock aging and estimator systematic uncertainty unresolved
forward,trace48.csv,830.85,581,divider sidecar (R0=992 ohm),,0,0,,,344.0166,344.0,0.0,,,,,,,1.88,0.84,0.01,ok,map spread 0.011 V below --min-spread,0.13096689376704526,3.999999999976245e-07,,2.713546265191241e-05,Original fit uncertainty only; clock aging and estimator systematic uncertainty unresolved
forward,trace49.csv,828.92,581,divider sidecar (R0=992 ohm),,0,0,,,344.2338,344.39,-0.05,,,,,,,3.55,0.94,0.0334,ok,map spread 0.014 V below --min-spread,0.13064592328281058,3.999999999976245e-07,,5.123983639057929e-05,Original fit uncertainty only; clock aging and estimator systematic uncertainty unresolved
forward,trace50.csv,825.96,580,divider sidecar (R0=992 ohm),,0,0,,,344.6314,344.79,-0.05,,,,,,,-0.69,1.36,0.0013,ok,map spread 0.013 V below --min-spread,0.1676646227101215,3.999999999976245e-07,,9.959292143521045e-06,Original fit uncertainty only; clock aging and estimator systematic uncertainty unresolved
forward,trace51.csv,818.55,579,divider sidecar (R0=992 ohm),,0,0,,,345.5474,345.6,-0.02,,,,,,,1.75,1.17,0.0066,ok,map spread 0.012 V below --min-spread,0.12139867537218213,3.999999999976245e-07,,2.525907427704613e-05,Original fit uncertainty only; clock aging and estimator systematic uncertainty unresolved
forward,trace52.csv,816.17,578,divider sidecar (R0=992 ohm),,0,0,,,345.7587,345.6,0.05,,,,,,,2.14,0.7,0.0122,ok,map spread 0.015 V below --min-spread,0.12168961296921671,3.999999999976245e-07,,3.0888239401644985e-05,Original fit uncertainty only; clock aging and estimator systematic uncertainty unresolved
forward,trace53.csv,810.33,578,divider sidecar (R0=992 ohm),,0,0,,,346.3279,346.4,-0.02,,,,,,,-3.53,1.39,0.0401,ok,map spread 0.012 V below --min-spread,0.1332101337285826,3.999999999976245e-07,,5.095116125598448e-05,Original fit uncertainty only; clock aging and estimator systematic uncertainty unresolved
forward,trace54.csv,804.36,576,divider sidecar (R0=992 ohm),,0,0,,,346.9203,346.8,0.03,,,,,,,-4.22,1.75,0.0463,ok,map spread 0.016 V below --min-spread,0.1158010981775598,3.999999999976245e-07,,6.0910453399505526e-05,Original fit uncertainty only; clock aging and estimator systematic uncertainty unresolved
forward,trace55.csv,800.72,576,divider sidecar (R0=992 ohm),,0,0,,,347.3489,347.59,-0.07,,,,,,,-6.6,2.12,0.0872,ok,map spread 0.010 V below --min-spread,0.13832435550668454,3.999999999976245e-07,,9.526279441628826e-05,Original fit uncertainty only; clock aging and estimator systematic uncertainty unresolved
forward,trace56.csv,794.62,575,divider sidecar (R0=992 ohm),,0,0,,,347.9665,348.0,-0.01,,,,,,,-7.58,1.33,0.1533,ok,map spread 0.014 V below --min-spread,0.1529105387077847,3.999999999976245e-07,,0.00010940787601143409,Original fit uncertainty only; clock aging and estimator systematic uncertainty unresolved
forward,trace57.csv,791.62,574,divider sidecar (R0=992 ohm),,0,0,,,348.296,348.4,-0.03,,,,,,,-6.83,1.75,0.1124,ok,map spread 0.018 V below --min-spread,0.1183727404410173,3.999999999976245e-07,,9.85825584641286e-05,Original fit uncertainty only; clock aging and estimator systematic uncertainty unresolved
forward,trace58.csv,787.77,574,divider sidecar (R0=992 ohm),,0,0,,,348.7714,348.8,-0.01,,,,,,,-13.62,1.13,0.2994,ok,map spread 0.012 V below --min-spread,0.12617708722890308,3.999999999976245e-07,,0.00019658776665906758,Original fit uncertainty only; clock aging and estimator systematic uncertainty unresolved
forward,trace59.csv,783.5,573,divider sidecar (R0=992 ohm),,0,0,,,349.1657,349.2,-0.01,,,,,,,-21.67,2.24,0.3781,ok,map spread 0.019 V below --min-spread,0.13399506321784388,3.999999999976245e-07,,0.0003127795083334798,Original fit uncertainty only; clock aging and estimator systematic uncertainty unresolved
forward,trace60.csv,780.09,572,divider sidecar (R0=992 ohm),,0,0,,,349.5454,349.6,-0.02,,,,,,,-38.75,4.3,0.5522,ok,map spread 0.013 V below --min-spread,0.13705963252672299,3.999999999976245e-07,,0.00055930807327745,Original fit uncertainty only; clock aging and estimator systematic uncertainty unresolved
forward,trace61.csv,779.78,571,divider sidecar (R0=992 ohm),,0,0,,,350.113,350.395,-0.08,,,,,,,-75.16,4.7,0.5631,ok,map spread 0.017 V below --min-spread,0.1339519532965857,3.999999999976245e-07,,0.001084841155807307,Original fit uncertainty only; clock aging and estimator systematic uncertainty unresolved
forward,trace62.csv,773.79,570,divider sidecar (R0=992 ohm),,0,0,,,350.6615,350.8,-0.04,,,,,,,-199.5,27.16,0.5702,ok,map spans only 5 quantisation steps of 27 mV (under --min-steps),0.1308916682307603,3.999999999976245e-07,,0.002879534467583259,Original fit uncertainty only; clock aging and estimator systematic uncertainty unresolved
forward,trace63.csv,777.62,571,divider sidecar (R0=992 ohm),,0,0,,,350.2877,350.4,-0.03,,,,,,,-134.64,17.21,0.5699,ok,map spread 0.027 V below --min-spread,0.1471974250336571,3.999999999976245e-07,,0.0019433610060922803,Original fit uncertainty only; clock aging and estimator systematic uncertainty unresolved
forward,trace64.csv,779.93,571,divider sidecar (R0=992 ohm),,0,0,,,350.0435,350.0,0.01,,,,,,,-67.08,2.58,0.5484,ok,map spread 0.013 V below --min-spread,0.15359641787468087,3.999999999976245e-07,,0.0009682164014310025,Original fit uncertainty only; clock aging and estimator systematic uncertainty unresolved
forward,trace65.csv,781.94,572,divider sidecar (R0=992 ohm),,0,0,,,349.689,349.61,0.02,,,,,,,-61.43,8.66,0.5537,ok,map spread 0.023 V below --min-spread,0.09909571354283044,3.999999999976245e-07,,0.0008866656759079679,Original fit uncertainty only; clock aging and estimator systematic uncertainty unresolved
forward,trace66.csv,783.01,572,divider sidecar (R0=992 ohm),,0,0,,,349.518,349.59,-0.02,,,,,,,-42.56,3.41,0.5342,ok,map spread 0.019 V below --min-spread,0.1700884337028039,3.999999999976245e-07,,0.0006143006864177618,Original fit uncertainty only; clock aging and estimator systematic uncertainty unresolved
forward,trace67.csv,774.55,570,divider sidecar (R0=992 ohm),,0,0,,,350.4633,350.4,0.02,,,,,,,-318.52,8.39,0.5754,ok,map spread 0.034 V below --min-spread,0.13983990501601418,3.999999999976245e-07,,0.00459744019355699,Original fit uncertainty only; clock aging and estimator systematic uncertainty unresolved
forward,trace68.csv,773.58,570,divider sidecar (R0=992 ohm),,0,0,,,350.4562,350.4,0.02,,,,,,,-206.33,9.86,0.5821,ok,map spans only 5 quantisation steps of 27 mV (under --min-steps),0.13816526835407683,3.999999999976245e-07,,0.0029781170260473875,Original fit uncertainty only; clock aging and estimator systematic uncertainty unresolved
forward,trace69.csv,772.74,570,divider sidecar (R0=992 ohm),,0,0,,,350.4794,350.4,0.02,,,,,,,-98.36,15.87,0.5494,ok,map spans only 7 quantisation steps of 27 mV (under --min-steps),0.1887164160488627,3.999999999976245e-07,,0.00141970431193729,Original fit uncertainty only; clock aging and estimator systematic uncertainty unresolved
forward,trace70.csv,771.84,570,divider sidecar (R0=992 ohm),,0,0,,,350.5146,350.79,-0.08,,,,,,,-58.91,5.42,0.5565,ok,map spans only 8 quantisation steps of 27 mV (under --min-steps),0.1566196440890534,3.999999999976245e-07,,0.0008502926089490213,Original fit uncertainty only; clock aging and estimator systematic uncertainty unresolved
forward,trace71.csv,771.46,570,divider sidecar (R0=992 ohm),,0,0,,,350.5378,350.8,-0.07,,,,,,,-60.23,5.56,0.5014,ok,map spans only 9 quantisation steps of 27 mV (under --min-steps),0.14455059770702666,3.999999999976245e-07,,0.000869345167832279,Original fit uncertainty only; clock aging and estimator systematic uncertainty unresolved
forward,trace72.csv,770.49,570,divider sidecar (R0=992 ohm),,0,0,,,350.5757,349.99,0.17,,,,,,,-38.94,4.54,0.5071,ok,map spans only 10 quantisation steps of 27 mV (under --min-steps),0.12771806681724027,3.999999999976245e-07,,0.0005620504870561007,Original fit uncertainty only; clock aging and estimator systematic uncertainty unresolved
forward,trace73.csv,770.17,570,divider sidecar (R0=992 ohm),,0,0,,,350.587,350.4,0.05,,,,,,,-35.25,2.83,0.4624,ok,map spans only 10 quantisation steps of 27 mV (under --min-steps),0.17979144130814087,3.999999999976245e-07,,0.0005087899247233578,Original fit uncertainty only; clock aging and estimator systematic uncertainty unresolved
forward,trace74.csv,769.54,570,divider sidecar (R0=992 ohm),,0,0,,,350.6137,349.2,0.4,,,,,,,-26.36,2.12,0.3999,ok,map spans only 11 quantisation steps of 27 mV (under --min-steps),0.18306571072106415,3.999999999976245e-07,,0.00038047382739596336,Original fit uncertainty only; clock aging and estimator systematic uncertainty unresolved
forward,trace75.csv,768.68,570,divider sidecar (R0=992 ohm),,0,0,,,350.6552,350.79,-0.04,,,,,,,-32.42,2.68,0.426,ok,map spans only 12 quantisation steps of 27 mV (under --min-steps),0.16981224473690612,3.999999999976245e-07,,0.00046794239317819177,Original fit uncertainty only; clock aging and estimator systematic uncertainty unresolved
forward,trace76.csv,767.58,570,divider sidecar (R0=992 ohm),,0,0,,,350.71,350.8,-0.03,,,,,,,-26.46,1.2,0.4429,ok,map spans only 13 quantisation steps of 27 mV (under --min-steps),0.12925399532878026,3.999999999976245e-07,,0.0003819172030689375,Original fit uncertainty only; clock aging and estimator systematic uncertainty unresolved
forward,trace77.csv,766.42,570,divider sidecar (R0=992 ohm),,0,0,,,350.8049,353.21,-0.69,,,,,,,-9.44,1.99,0.1605,ok,map spans only 13 quantisation steps of 27 mV (under --min-steps),0.18172391711546582,3.999999999976245e-07,,0.00013625466352875168,Original fit uncertainty only; clock aging and estimator systematic uncertainty unresolved
forward,trace78.csv,764.95,570,divider sidecar (R0=992 ohm),,0,0,,,350.8738,351.6,-0.21,,,,,,,3.13,1.73,0.0314,ok,map spans only 14 quantisation steps of 27 mV (under --min-steps),0.2175666327501197,3.999999999976245e-07,,4.517765856408822e-05,Original fit uncertainty only; clock aging and estimator systematic uncertainty unresolved
forward,trace79.csv,764.17,570,divider sidecar (R0=992 ohm),,0,0,,,350.9638,354.39,-0.98,,,,,,,2.66,1.33,0.0292,ok,map spans only 15 quantisation steps of 27 mV (under --min-steps),0.11952531181404831,3.999999999976245e-07,,3.8393792901110115e-05,Original fit uncertainty only; clock aging and estimator systematic uncertainty unresolved
forward,trace80.csv,762.18,570,divider sidecar (R0=992 ohm),,0,0,,,351.0221,346.81,1.2,,,,,,,6.27,2.64,0.1025,ok,map spans only 16 quantisation steps of 27 mV (under --min-steps),0.10924361653888202,3.999999999976245e-07,,9.049965469547383e-05,Original fit uncertainty only; clock aging and estimator systematic uncertainty unresolved
forward,trace81.csv,761.05,569,divider sidecar (R0=992 ohm),,0,0,,,351.4817,351.4,0.02,,,,,,,22.86,3.35,0.6478,ok,map spans only 18 quantisation steps of 27 mV (under --min-steps),0.15799973345557153,3.999999999976245e-07,,0.0003299556788418711,Original fit uncertainty only; clock aging and estimator systematic uncertainty unresolved
forward,trace82.csv,760.17,569,divider sidecar (R0=992 ohm),,0,0,,,351.5091,351.995,-0.14,,,,,,,33.53,4.03,0.7296,ok,map spans only 18 quantisation steps of 27 mV (under --min-steps),0.15042796820898668,3.999999999976245e-07,,0.00048396386314820386,Original fit uncertainty only; clock aging and estimator systematic uncertainty unresolved
forward,trace83.csv,759.48,569,divider sidecar (R0=992 ohm),,0,0,,,351.5782,351.805,-0.06,,,,,,,25.56,2.71,0.6016,ok,map spans only 19 quantisation steps of 27 mV (under --min-steps),0.15335444492795214,3.999999999976245e-07,,0.0003689268220121709,Original fit uncertainty only; clock aging and estimator systematic uncertainty unresolved
forward,trace84.csv,757.98,568,divider sidecar (R0=992 ohm),,0,0,,,351.6416,349.2,0.69,,,,,,,56.91,2.14,0.8069,ok,map spans only 19 quantisation steps of 27 mV (under --min-steps),0.17369385324528006,3.999999999976245e-07,,0.0008214250954895401,Original fit uncertainty only; clock aging and estimator systematic uncertainty unresolved
forward,trace85.csv,756.35,568,divider sidecar (R0=992 ohm),,0,0,,,351.7397,354.39,-0.75,,,,,,,65.01,1.92,0.757,ok,map spans only 20 quantisation steps of 27 mV (under --min-steps),0.16712908882129343,3.999999999976245e-07,,0.0009383385250004394,Original fit uncertainty only; clock aging and estimator systematic uncertainty unresolved
forward,trace86.csv,754.07,568,divider sidecar (R0=992 ohm),,0,0,,,351.8808,356.79,-1.4,,,,,,,-32.45,4.4,0.1171,ok,map spans only 23 quantisation steps of 27 mV (under --min-steps),0.12520668175341815,3.999999999976245e-07,,0.000468375405880084,Original fit uncertainty only; clock aging and estimator systematic uncertainty unresolved
forward,trace87.csv,754.84,568,divider sidecar (R0=992 ohm),,0,0,,,351.9069,349.6,0.66,,,,,,,-17.7,6.79,0.0602,ok,map spans only 24 quantisation steps of 27 mV (under --min-steps),0.12637522065990606,3.999999999976245e-07,,0.0002554774941164094,Original fit uncertainty only; clock aging and estimator systematic uncertainty unresolved
forward,trace88.csv,754.6,568,divider sidecar (R0=992 ohm),,0,0,,,351.9541,357.2,-1.49,,,,,,,-21.38,2.91,0.1274,ok,map spans only 24 quantisation steps of 27 mV (under --min-steps),0.16303419183874487,3.999999999976245e-07,,0.000308593718881855,Original fit uncertainty only; clock aging and estimator systematic uncertainty unresolved
forward,trace89.csv,753.26,568,divider sidecar (R0=992 ohm),,0,0,,,352.1206,357.6,-1.56,,,,,,,2.45,4.06,0.0046,ok,map spans only 25 quantisation steps of 27 mV (under --min-steps),0.15768157744816105,3.999999999976245e-07,,3.536270398786459e-05,Original fit uncertainty only; clock aging and estimator systematic uncertainty unresolved
forward,trace90.csv,752.57,568,divider sidecar (R0=992 ohm),,0,0,,,352.1996,355.99,-1.08,,,,,,,-2.26,5.94,0.0028,ok,map spans only 26 quantisation steps of 27 mV (under --min-steps),0.12371242592087922,3.999999999976245e-07,,3.2620290209213854e-05,Original fit uncertainty only; clock aging and estimator systematic uncertainty unresolved
forward,trace91.csv,751.11,568,divider sidecar (R0=992 ohm),,0,0,,,352.261,356.8,-1.29,,,,,,,11.44,3.25,0.0522,ok,map spans only 27 quantisation steps of 27 mV (under --min-steps),0.14385935151954787,3.999999999976245e-07,,0.00016512217698823298,Original fit uncertainty only; clock aging and estimator systematic uncertainty unresolved
forward,trace92.csv,749.48,568,divider sidecar (R0=992 ohm),,0,0,,,352.3407,356.0,-1.04,,,,,,,-28.59,4.02,0.1033,ok,map spans only 28 quantisation steps of 27 mV (under --min-steps),0.15959163290510245,3.999999999976245e-07,,0.00041266110490328505,Original fit uncertainty only; clock aging and estimator systematic uncertainty unresolved
forward,trace93.csv,748.96,568,divider sidecar (R0=992 ohm),,0,0,,,352.4092,352.01,0.11,,,,,,,10.5,2.73,0.0123,ok,map spans only 28 quantisation steps of 27 mV (under --min-steps),0.15740750944377213,3.999999999976245e-07,,0.00015155444566227678,Original fit uncertainty only; clock aging and estimator systematic uncertainty unresolved
forward,trace94.csv,750.29,568,divider sidecar (R0=992 ohm),,0,0,,,352.3965,358.0,-1.59,,,,,,,2.09,5.21,0.0005,ok,map spans only 28 quantisation steps of 27 mV (under --min-steps),0.16402955442347547,3.999999999976245e-07,,3.0166551565157946e-05,Original fit uncertainty only; clock aging and estimator systematic uncertainty unresolved
forward,trace95.csv,749.25,568,divider sidecar (R0=992 ohm),,0,0,,,352.3845,350.81,0.45,,,,,,,-3.59,2.54,0.0013,ok,map spans only 28 quantisation steps of 27 mV (under --min-steps),0.14523157093232728,3.999999999976245e-07,,5.1817186659768915e-05,Original fit uncertainty only; clock aging and estimator systematic uncertainty unresolved
forward,trace96.csv,748.57,568,divider sidecar (R0=992 ohm),,0,0,,,352.4472,350.39,0.58,,,,,,,13.7,3.67,0.0107,ok,map spans only 29 quantisation steps of 27 mV (under --min-steps),0.20786639614003105,3.999999999976245e-07,,0.00019774246719744682,Original fit uncertainty only; clock aging and estimator systematic uncertainty unresolved
forward,trace97.csv,747.66,568,divider sidecar (R0=992 ohm),,0,0,,,352.5002,355.6,-0.88,,,,,,,43.61,3.1,0.0703,ok,map spans only 29 quantisation steps of 27 mV (under --min-steps),0.1933785998168324,3.999999999976245e-07,,0.0006294561309839895,Original fit uncertainty only; clock aging and estimator systematic uncertainty unresolved
forward,trace98.csv,746.83,568,divider sidecar (R0=992 ohm),,0,0,,,352.4818,352.4,0.02,,,,,,,85.65,8.31,0.183,ok,map spans only 30 quantisation steps of 27 mV (under --min-steps),0.1715365617710548,3.999999999976245e-07,,0.0012362512639022864,Original fit uncertainty only; clock aging and estimator systematic uncertainty unresolved
forward,trace99.csv,746.2,567,divider sidecar (R0=992 ohm),,2,566,0.0,0.0,352.547,355.595,-0.86,0.19367,549.35,86.41,86.28,4.61,0.9968,98.87,3.19,0.2425,ok,ok,0.17941676558866027,3.999999999976245e-07,,0.0014270655278694577,Original fit uncertainty only; clock aging and estimator systematic uncertainty unresolved
forward,trace100.csv,744.64,567,divider sidecar (R0=992 ohm),,2,566,0.2,0.0,352.6926,355.595,-0.82,0.21338,605.0,94.01,93.98,2.08,0.9975,133.84,8.91,0.3457,ok,ok,0.18125484190206503,3.999999999976245e-07,,0.0019318140007084882,Original fit uncertainty only; clock aging and estimator systematic uncertainty unresolved
forward,trace101.csv,743.71,566,divider sidecar (R0=992 ohm),,2,565,1.1,0.0,352.9784,356.0,-0.86,0.10962,310.56,130.39,126.92,29.91,0.9984,120.62,13.38,0.4275,ok,ok,0.16137712824133207,3.999999999976245e-07,,0.0017409997367413168,Original fit uncertainty only; clock aging and estimator systematic uncertainty unresolved
forward,trace102.csv,743.31,566,divider sidecar (R0=992 ohm),,2,555,1.3,1.8,353.0768,354.8,-0.49,0.01423,40.3,145.71,145.71,0.43,0.9986,89.58,35.18,0.3567,ok,ok,0.1303809490197845,3.999999999976245e-07,,0.0012929759278501672,Original fit uncertainty only; clock aging and estimator systematic uncertainty unresolved
forward,trace103.csv,742.48,566,divider sidecar (R0=992 ohm),,2,565,0.9,0.0,353.0393,355.6,-0.73,0.15363,435.17,123.97,121.34,25.4,0.9984,168.21,14.42,0.4994,ok,ok,0.14605499099036937,3.999999999976245e-07,,0.0024279022195096743,Original fit uncertainty only; clock aging and estimator systematic uncertainty unresolved
forward,trace104.csv,741.82,567,divider sidecar (R0=992 ohm),,2,566,0.0,0.0,352.8452,355.6,-0.78,0.24631,698.06,105.18,90.47,53.65,0.9982,194.12,7.88,0.5487,ok,ok,0.18603676952854356,3.999999999976245e-07,,0.0028018808563772543,Original fit uncertainty only; clock aging and estimator systematic uncertainty unresolved
forward,trace105.csv,740.89,566,divider sidecar (R0=992 ohm),,2,565,0.2,0.0,352.9671,355.6,-0.75,0.24542,695.3,102.67,102.01,11.57,0.9984,208.33,16.65,0.5686,ok,ok,0.14685171098591124,3.999999999976245e-07,,0.0030069845395068687,Original fit uncertainty only; clock aging and estimator systematic uncertainty unresolved
forward,trace106.csv,740.0,566,divider sidecar (R0=992 ohm),,2,565,0.4,0.0,353.045,355.6,-0.72,0.25996,736.33,106.31,106.3,0.95,0.9984,229.43,6.41,0.5985,ok,ok,0.13708079672069676,3.999999999976245e-07,,0.0033115368065043966,Original fit uncertainty only; clock aging and estimator systematic uncertainty unresolved
forward,trace107.csv,739.58,566,divider sidecar (R0=992 ohm),,2,565,0.4,0.0,353.0641,355.6,-0.72,0.29111,824.53,101.81,100.27,17.58,0.9984,264.23,10.28,0.6784,ok,ok,0.15040983607955458,3.999999999976245e-07,,0.003813831540699371,Original fit uncertainty only; clock aging and estimator systematic uncertainty unresolved
forward,trace108.csv,738.84,566,divider sidecar (R0=992 ohm),,1,565,0.5,0.0,353.2503,355.61,-0.67,0.25794,730.18,119.8,118.85,15.02,0.9996,288.54,11.35,0.7344,ok,ok,0.18082110912240204,3.999999999976245e-07,,0.004164716166799367,Original fit uncertainty only; clock aging and estimator systematic uncertainty unresolved
forward,trace109.csv,738.01,566,divider sidecar (R0=992 ohm),,1,565,0.7,0.0,353.3345,355.2,-0.53,0.27507,778.5,115.67,113.9,20.11,0.9996,282.41,7.4,0.7042,ok,ok,0.16518012537758478,3.999999999976245e-07,,0.004076237238046056,Original fit uncertainty only; clock aging and estimator systematic uncertainty unresolved
forward,trace110.csv,736.92,566,divider sidecar (R0=992 ohm),,1,565,0.4,0.0,353.697,355.6,-0.54,0.34568,977.33,105.13,102.52,23.24,0.9994,341.54,7.39,0.7689,ok,ok,0.12063736847175653,3.999999999976245e-07,,0.00492970527347562,Original fit uncertainty only; clock aging and estimator systematic uncertainty unresolved
forward,trace111.csv,736.75,566,divider sidecar (R0=992 ohm),,1,565,0.7,0.0,353.6014,355.6,-0.57,0.34261,968.92,105.52,103.55,20.22,0.9995,370.93,7.85,0.8013,ok,ok,0.14052002911059652,3.999999999976245e-07,,0.005353913383762698,Original fit uncertainty only; clock aging and estimator systematic uncertainty unresolved
forward,trace112.csv,735.97,566,divider sidecar (R0=992 ohm),,1,565,1.2,0.0,353.6134,355.61,-0.56,0.33672,952.22,111.31,111.07,7.28,0.9995,373.2,7.72,0.8079,ok,ok,0.19965171573649615,3.999999999976245e-07,,0.005386678011539209,Original fit uncertainty only; clock aging and estimator systematic uncertainty unresolved
forward,trace113.csv,734.9,566,divider sidecar (R0=992 ohm),,1,565,0.5,0.0,353.7005,356.0,-0.65,0.35285,997.6,105.04,104.42,11.34,0.9995,368.76,14.23,0.8035,ok,ok,0.16444279032503709,3.999999999976245e-07,,0.00532259213165916,Original fit uncertainty only; clock aging and estimator systematic uncertainty unresolved
forward,trace114.csv,734.53,565,divider sidecar (R0=992 ohm),,1,564,0.4,0.0,353.817,356.6,-0.79,0.37033,1046.66,116.82,106.25,48.55,0.9994,392.82,16.74,0.8403,ok,ok,0.12540377284791643,3.999999999976245e-07,,0.005669868318576721,Original fit uncertainty only; clock aging and estimator systematic uncertainty unresolved
forward,trace115.csv,734.02,565,divider sidecar (R0=992 ohm),,1,564,0.9,0.0,353.7752,356.805,-0.86,0.35366,999.69,109.38,107.72,18.94,0.9995,394.89,12.82,0.843,ok,ok,0.15188693592660812,3.999999999976245e-07,,0.005699746195007284,Original fit uncertainty only; clock aging and estimator systematic uncertainty unresolved
forward,trace116.csv,733.43,566,divider sidecar (R0=992 ohm),,1,565,0.5,0.0,353.6998,356.8,-0.88,0.35787,1011.8,107.1,106.94,5.81,0.9994,412.63,18.7,0.8612,ok,ok,0.16161451022839193,3.999999999976245e-07,,0.005955801039392882,Original fit uncertainty only; clock aging and estimator systematic uncertainty unresolved
forward,trace117.csv,733.08,566,divider sidecar (R0=992 ohm),,1,565,0.0,0.0,353.6679,356.79,-0.88,0.35806,1012.42,108.97,104.7,30.17,0.9995,398.78,19.13,0.8489,ok,ok,0.15997160182389622,3.999999999976245e-07,,0.005755893508685974,Original fit uncertainty only; clock aging and estimator systematic uncertainty unresolved
forward,trace118.csv,731.81,566,divider sidecar (R0=992 ohm),,1,565,0.7,0.0,353.7338,356.8,-0.87,0.35713,1009.6,116.98,112.15,33.26,0.9995,424.46,13.0,0.8578,ok,ok,0.15207123988393292,3.999999999976245e-07,,0.006126552381505714,Original fit uncertainty only; clock aging and estimator systematic uncertainty unresolved
forward,trace119.csv,731.0,566,divider sidecar (R0=992 ohm),,1,565,0.4,0.0,353.7933,357.6,-1.08,0.32793,926.91,132.78,128.49,33.48,0.9995,428.33,13.22,0.8825,ok,ok,0.17082710974544624,3.999999999976245e-07,,0.006182411020049811,Original fit uncertainty only; clock aging and estimator systematic uncertainty unresolved
forward,trace120.csv,730.45,565,divider sidecar (R0=992 ohm),,1,564,0.5,0.0,353.7737,357.2,-0.97,0.34352,971.03,129.21,124.49,34.59,0.9995,445.28,15.0,0.8776,ok,ok,0.1586652175789507,3.999999999976245e-07,,0.006427063196618914,Original fit uncertainty only; clock aging and estimator systematic uncertainty unresolved
forward,trace121.csv,729.48,566,divider sidecar (R0=992 ohm),,1,565,1.2,0.0,353.7706,357.6,-1.08,0.27072,765.24,158.37,155.15,31.76,0.9995,486.72,17.87,0.9191,ok,ok,0.15229855128838637,3.999999999976245e-07,,0.007025198075499368,Original fit uncertainty only; clock aging and estimator systematic uncertainty unresolved
forward,trace122.csv,728.18,566,divider sidecar (R0=992 ohm),,1,565,0.7,0.0,353.6581,357.99,-1.22,0.326,921.78,150.61,136.91,62.73,0.9995,467.54,8.77,0.9177,ok,ok,0.18230715950076815,3.999999999976245e-07,,0.006748358621422942,Original fit uncertainty only; clock aging and estimator systematic uncertainty unresolved
forward,trace123.csv,729.35,566,divider sidecar (R0=992 ohm),,2,546,0.4,3.4,353.3395,358.0,-1.32,0.13637,385.94,391.75,185.35,345.13,0.9996,303.57,52.32,0.9192,ok,ok,0.20997821128611774,3.999999999976245e-07,,0.004381655530447368,Original fit uncertainty only; clock aging and estimator systematic uncertainty unresolved
forward,trace124.csv,729.11,566,divider sidecar (R0=992 ohm),,2,558,7.5,1.2,353.2764,358.0,-1.34,0.01145,32.42,225.24,224.2,21.62,0.9996,281.03,27.82,0.8822,ok,ok,0.1288531844227972,3.999999999976245e-07,,0.004056318653759014,Original fit uncertainty only; clock aging and estimator systematic uncertainty unresolved
forward,trace125.csv,728.31,566,divider sidecar (R0=992 ohm),,1,565,0.4,0.0,353.5285,357.59,-1.15,0.29631,838.14,159.22,146.84,61.56,0.9994,471.05,19.11,0.9229,ok,ok,0.12557358028815135,3.999999999976245e-07,,0.006799021107544331,Original fit uncertainty only; clock aging and estimator systematic uncertainty unresolved
forward,trace126.csv,727.62,566,divider sidecar (R0=992 ohm),,1,565,1.1,0.0,353.731,357.2,-0.98,0.38238,1080.98,132.37,128.53,31.65,0.9993,495.2,7.62,0.9147,ok,ok,0.20444011241217583,3.999999999976245e-07,,0.007147596332567567,Original fit uncertainty only; clock aging and estimator systematic uncertainty unresolved
forward,trace127.csv,726.31,566,divider sidecar (R0=992 ohm),,1,565,0.4,0.0,353.4938,357.2,-1.05,0.39,1103.28,134.54,122.7,55.18,0.9995,491.43,20.79,0.9221,ok,ok,0.12936778176406227,3.999999999976245e-07,,0.007093181069696446,Original fit uncertainty only; clock aging and estimator systematic uncertainty unresolved
forward,trace128.csv,725.95,566,divider sidecar (R0=992 ohm),,1,565,0.9,0.0,353.4301,357.19,-1.06,0.37756,1068.28,127.2,124.47,26.15,0.9994,503.14,14.02,0.9368,ok,ok,0.19063327388154647,3.999999999976245e-07,,0.007262200361001708,Original fit uncertainty only; clock aging and estimator systematic uncertainty unresolved
forward,trace129.csv,725.28,566,divider sidecar (R0=992 ohm),,1,565,1.2,0.0,353.4187,357.2,-1.07,0.35843,1014.19,132.97,132.39,12.34,0.9994,496.13,23.3,0.9427,ok,ok,0.14359976606569044,3.999999999976245e-07,,0.007161019726326227,Original fit uncertainty only; clock aging and estimator systematic uncertainty unresolved
forward,trace130.csv,724.71,566,divider sidecar (R0=992 ohm),,1,561,0.5,0.7,353.3791,357.2,-1.08,0.36695,1038.41,134.58,134.38,7.23,0.9995,487.47,15.03,0.937,ok,ok,0.1581405893765484,3.999999999976245e-07,,0.007036023393046673,Original fit uncertainty only; clock aging and estimator systematic uncertainty unresolved
forward,trace131.csv,724.94,566,divider sidecar (R0=992 ohm),,1,565,0.7,0.0,353.2694,357.2,-1.11,0.36755,1040.42,127.26,125.15,23.01,0.9995,460.93,8.12,0.9402,ok,ok,0.10859528254759701,3.999999999976245e-07,,0.006652951489439356,Original fit uncertainty only; clock aging and estimator systematic uncertainty unresolved
forward,trace132.csv,724.7,566,divider sidecar (R0=992 ohm),,1,565,0.4,0.0,353.2871,357.2,-1.11,0.37834,1070.9,127.45,123.46,31.61,0.9995,466.73,24.07,0.9172,ok,ok,0.12872153159553198,3.999999999976245e-07,,0.006736667278471852,Original fit uncertainty only; clock aging and estimator systematic uncertainty unresolved
forward,trace133.csv,723.93,566,divider sidecar (R0=992 ohm),,1,565,0.0,0.0,353.212,358.0,-1.36,0.39711,1124.27,137.84,115.02,75.95,0.9995,482.62,14.92,0.9401,ok,ok,0.11548945357815901,3.999999999976245e-07,,0.00696601967290743,Original fit uncertainty only; clock aging and estimator systematic uncertainty unresolved
forward,trace134.csv,723.5,566,divider sidecar (R0=992 ohm),,1,565,0.0,0.0,353.4464,357.2,-1.06,0.43637,1234.61,101.77,101.69,3.79,0.9994,508.82,11.67,0.9294,ok,ok,0.22277047064244757,3.999999999976245e-07,,0.007344184099226636,Original fit uncertainty only; clock aging and estimator systematic uncertainty unresolved
forward,trace135.csv,722.63,566,divider sidecar (R0=992 ohm),,1,565,0.0,0.0,353.4485,357.19,-1.06,0.43177,1221.61,111.08,110.13,14.4,0.9993,512.94,13.73,0.9298,ok,ok,0.1828030410573198,3.999999999976245e-07,,0.007403651176953167,Original fit uncertainty only; clock aging and estimator systematic uncertainty unresolved
forward,trace136.csv,721.83,566,divider sidecar (R0=992 ohm),,1,565,0.2,0.0,353.6028,356.8,-0.9,0.45526,1287.5,108.29,103.4,32.14,0.9993,584.49,10.64,0.9515,ok,ok,0.13466853447680915,3.999999999976245e-07,,0.00843638647096611,Original fit uncertainty only; clock aging and estimator systematic uncertainty unresolved
forward,trace137.csv,721.14,566,divider sidecar (R0=992 ohm),,1,565,0.0,0.0,353.4903,357.2,-1.05,0.4738,1340.35,96.78,96.51,6.95,0.9992,578.79,6.97,0.9469,ok,ok,0.15018720871161206,3.999999999976245e-07,,0.008354114057606587,Original fit uncertainty only; clock aging and estimator systematic uncertainty unresolved
forward,trace138.csv,720.03,566,divider sidecar (R0=992 ohm),,1,565,0.2,0.0,353.4973,356.8,-0.93,0.45868,1297.54,106.23,99.31,37.67,0.9991,586.85,27.35,0.9506,ok,ok,0.18981357434374843,3.999999999976245e-07,,0.0084704501368483,Original fit uncertainty only; clock aging and estimator systematic uncertainty unresolved
forward,trace139.csv,719.14,566,divider sidecar (R0=992 ohm),,1,565,0.2,0.0,353.2064,356.41,-0.91,0.41479,1174.35,137.71,106.22,87.63,0.9992,558.68,17.44,0.951,ok,ok,0.1464233850803399,3.999999999976245e-07,,0.008063851209771504,Original fit uncertainty only; clock aging and estimator systematic uncertainty unresolved
forward,trace140.csv,718.6,570,divider sidecar (R0=992 ohm),,0,0,,100.0,350.9912,351.59,-0.17,,,,,,,108.47,3.3,0.9529,ok,"map is clusters, not a curve (no branch spans 0.10 V with 10 points)",0.20727439280189103,3.999999999976245e-07,,0.0015656295924749678,Original fit uncertainty only; clock aging and estimator systematic uncertainty unresolved
forward,trace141.csv,717.2,570,divider sidecar (R0=992 ohm),,0,0,,100.0,350.8619,350.01,0.24,,,,,,,204.61,13.59,0.9698,ok,"map is clusters, not a curve (no branch spans 0.10 V with 10 points)",0.15968139324704753,3.999999999976245e-07,,0.0029532909644722338,Original fit uncertainty only; clock aging and estimator systematic uncertainty unresolved
forward,trace142.csv,717.02,570,divider sidecar (R0=992 ohm),,0,0,,100.0,350.8176,350.0,0.23,,,,,,,240.44,14.54,0.9663,ok,"map is clusters, not a curve (no branch spans 0.10 V with 10 points)",0.17661526145372897,3.999999999976245e-07,,0.0034704524680988407,Original fit uncertainty only; clock aging and estimator systematic uncertainty unresolved
forward,trace143.csv,715.81,570,divider sidecar (R0=992 ohm),,0,0,,100.0,350.8155,349.2,0.46,,,,,,,321.29,8.72,0.9805,ok,"map is clusters, not a curve (no branch spans 0.10 V with 10 points)",0.14682910767579058,3.999999999976245e-07,,0.004637421699698372,Original fit uncertainty only; clock aging and estimator systematic uncertainty unresolved
forward,trace144.csv,715.45,570,divider sidecar (R0=992 ohm),,0,0,,100.0,350.7529,349.59,0.33,,,,,,,309.4,14.31,0.9795,ok,"map is clusters, not a curve (no branch spans 0.10 V with 10 points)",0.2130228992692131,3.999999999976245e-07,,0.0044658043321817555,Original fit uncertainty only; clock aging and estimator systematic uncertainty unresolved
forward,trace145.csv,714.52,570,divider sidecar (R0=992 ohm),,1,0,,66.6,350.8042,349.6,0.34,,,,,,0.9295,434.38,21.85,0.9854,ok,only 33 % of points lie on a branch wide enough to fit,0.16160934233454652,3.999999999976245e-07,,0.006269735248264742,Original fit uncertainty only; clock aging and estimator systematic uncertainty unresolved
forward,trace146.csv,713.69,570,divider sidecar (R0=992 ohm),,1,0,,66.6,350.8864,349.59,0.37,,,,,,0.9426,533.87,5.98,0.9893,ok,only 33 % of points lie on a branch wide enough to fit,0.1741955212010677,3.999999999976245e-07,,0.007705749705306639,Original fit uncertainty only; clock aging and estimator systematic uncertainty unresolved
forward,trace147.csv,713.58,570,divider sidecar (R0=992 ohm),,2,376,0.5,33.9,351.0081,350.0,0.29,-0.46355,-1320.63,137.78,131.63,40.63,0.9455,538.97,26.21,0.992,ok,ok,0.20651011577611547,3.999999999976245e-07,,0.007779361864628316,Original fit uncertainty only; clock aging and estimator systematic uncertainty unresolved
forward,trace148.csv,712.54,568,divider sidecar (R0=992 ohm),,1,567,0.9,0.0,352.5242,354.39,-0.53,0.37697,1069.34,115.3,113.76,18.64,0.9992,753.33,18.27,0.9886,ok,ok,0.153095942324919,3.999999999976245e-07,,0.010873381957215522,Original fit uncertainty only; clock aging and estimator systematic uncertainty unresolved
forward,trace149.csv,712.06,568,divider sidecar (R0=992 ohm),,1,567,0.2,0.0,352.2081,351.61,0.17,0.3723,1057.06,105.98,102.94,25.13,0.9993,703.11,11.47,0.9921,ok,ok,0.1297872461801019,3.999999999976245e-07,,0.010148518694247944,Original fit uncertainty only; clock aging and estimator systematic uncertainty unresolved
forward,trace150.csv,711.13,568,divider sidecar (R0=992 ohm),,1,567,0.2,0.0,352.4974,353.61,-0.32,0.43517,1234.54,94.75,94.63,4.23,0.9992,790.66,26.78,0.9898,ok,ok,0.1559959614963224,3.999999999976245e-07,,0.011412194095936738,Original fit uncertainty only; clock aging and estimator systematic uncertainty unresolved
forward,trace151.csv,710.21,566,divider sidecar (R0=992 ohm),,1,565,0.5,0.0,352.8078,354.4,-0.45,0.44717,1267.47,102.34,102.31,0.35,0.9991,801.21,23.17,0.9888,ok,ok,0.17404669840746462,3.999999999976245e-07,,0.011564470229435504,Original fit uncertainty only; clock aging and estimator systematic uncertainty unresolved
forward,trace152.csv,709.28,566,divider sidecar (R0=992 ohm),,1,565,0.4,0.0,353.0471,354.79,-0.49,0.48112,1362.77,99.79,95.13,30.04,0.999,821.71,27.41,0.9884,ok,ok,0.1574095896950664,3.999999999976245e-07,,0.011860362242395187,Original fit uncertainty only; clock aging and estimator systematic uncertainty unresolved
forward,trace153.csv,708.3,566,divider sidecar (R0=992 ohm),,1,565,0.7,0.0,352.7979,353.61,-0.23,0.45948,1302.39,95.84,95.77,2.82,0.999,816.15,16.77,0.989,ok,ok,0.16208740358452353,3.999999999976245e-07,,0.01178011055497783,Original fit uncertainty only; clock aging and estimator systematic uncertainty unresolved
forward,trace154.csv,707.91,566,divider sidecar (R0=992 ohm),,1,565,0.0,0.0,352.8007,353.2,-0.11,0.49635,1406.88,86.58,84.57,18.38,0.9989,826.23,19.96,0.9884,ok,ok,0.27198240105861976,3.999999999976245e-07,,0.011925602822813613,Original fit uncertainty only; clock aging and estimator systematic uncertainty unresolved
forward,trace155.csv,706.36,567,divider sidecar (R0=992 ohm),,1,566,1.2,0.0,352.5639,351.0,0.44,0.4692,1330.83,91.36,90.81,9.72,0.999,802.46,15.48,0.9923,ok,ok,0.15103032456016147,3.999999999976245e-07,,0.01158251242534768,Original fit uncertainty only; clock aging and estimator systematic uncertainty unresolved
forward,trace156.csv,705.6,567,divider sidecar (R0=992 ohm),,1,566,0.5,0.0,352.776,350.405,0.67,0.46949,1330.84,104.52,88.92,54.89,0.999,777.11,16.08,0.9892,ok,ok,0.15988782993612247,3.999999999976245e-07,,0.011216616692248754,Original fit uncertainty only; clock aging and estimator systematic uncertainty unresolved
forward,trace157.csv,705.2,566,divider sidecar (R0=992 ohm),,1,565,0.2,0.0,352.9961,352.0,0.28,0.50153,1420.78,87.01,86.56,8.4,0.9987,841.63,28.25,0.9898,ok,ok,0.14041771232670372,3.999999999976245e-07,,0.01214788267645162,Original fit uncertainty only; clock aging and estimator systematic uncertainty unresolved
forward,trace158.csv,704.84,567,divider sidecar (R0=992 ohm),,1,566,0.0,0.0,352.7279,350.995,0.49,0.47936,1359.01,94.48,88.89,31.92,0.999,829.09,24.04,0.9899,ok,ok,0.1781116319847748,3.999999999976245e-07,,0.011966883367060673,Original fit uncertainty only; clock aging and estimator systematic uncertainty unresolved
forward,trace159.csv,704.08,566,divider sidecar (R0=992 ohm),,1,565,0.4,0.0,352.7788,351.21,0.44,0.5039,1428.37,96.36,86.86,41.64,0.9988,846.3,22.25,0.9902,ok,ok,0.1732214326203601,3.999999999976245e-07,,0.012215288320379507,Original fit uncertainty only; clock aging and estimator systematic uncertainty unresolved
forward,trace160.csv,703.52,566,divider sidecar (R0=992 ohm),,1,565,0.7,0.0,352.9791,352.81,0.05,0.50994,1444.67,112.03,88.75,68.31,0.9987,881.98,19.04,0.9919,ok,ok,0.19309830263937153,3.999999999976245e-07,,0.012730284760496657,Original fit uncertainty only; clock aging and estimator systematic uncertainty unresolved
forward,trace161.csv,702.56,567,divider sidecar (R0=992 ohm),,1,566,0.2,0.0,352.5943,349.205,0.96,0.50891,1443.34,90.02,85.01,29.48,0.999,837.17,31.43,0.9923,ok,ok,0.15439597371317576,3.999999999976245e-07,,0.012083508121436977,Original fit uncertainty only; clock aging and estimator systematic uncertainty unresolved
forward,trace162.csv,701.51,566,divider sidecar (R0=992 ohm),,1,565,0.9,0.0,352.9508,351.6,0.38,0.51463,1458.09,97.81,93.41,28.88,0.9988,861.08,6.8,0.9899,ok,ok,0.16309978234253808,3.999999999976245e-07,,0.012428619244845075,Original fit uncertainty only; clock aging and estimator systematic uncertainty unresolved
forward,trace163.csv,703.36,566,divider sidecar (R0=992 ohm),,1,565,0.9,0.0,353.4506,354.81,-0.38,0.55367,1566.47,97.37,88.9,39.6,0.9989,945.3,20.69,0.9917,ok,ok,0.17385718946331202,3.999999999976245e-07,,0.013644230236623832,Original fit uncertainty only; clock aging and estimator systematic uncertainty unresolved
forward,trace164.csv,699.74,568,divider sidecar (R0=992 ohm),,1,567,0.4,0.0,352.0071,350.4,0.46,0.47627,1353.0,96.23,96.03,5.37,0.9991,926.51,101.77,0.9934,ok,ok,0.23532018753685546,3.999999999976245e-07,,0.013373019947672005,Original fit uncertainty only; clock aging and estimator systematic uncertainty unresolved
forward,trace165.csv,698.31,569,divider sidecar (R0=992 ohm),,1,568,1.1,0.0,351.469,348.4,0.87,0.38656,1099.83,123.64,110.29,55.84,0.9993,863.17,50.64,0.9934,ok,ok,0.16198632526302637,3.999999999976245e-07,,0.012458785796410233,Original fit uncertainty only; clock aging and estimator systematic uncertainty unresolved
forward,trace166.csv,697.3,568,divider sidecar (R0=992 ohm),,1,567,0.2,0.0,352.0014,350.0,0.57,0.49646,1410.4,103.67,90.06,51.26,0.9991,966.55,22.93,0.9955,ok,ok,0.19137654691676106,3.999999999976245e-07,,0.013950947567130821,Original fit uncertainty only; clock aging and estimator systematic uncertainty unresolved
forward,trace167.csv,698.83,572,divider sidecar (R0=992 ohm),,2,527,0.8,7.7,349.8263,346.0,1.09,-0.14117,-403.56,363.3,181.38,314.79,0.9998,550.14,140.74,0.9954,ok,ok,0.2132042374893955,3.999999999976245e-07,,0.007940586927299518,Original fit uncertainty only; clock aging and estimator systematic uncertainty unresolved
forward,trace168.csv,698.04,570,divider sidecar (R0=992 ohm),,1,567,1.1,0.4,351.039,348.4,0.75,0.3555,1012.72,128.33,114.93,57.06,0.9993,831.96,39.04,0.9965,ok,ok,0.2698939284789651,3.999999999976245e-07,,0.012008308248875027,Original fit uncertainty only; clock aging and estimator systematic uncertainty unresolved
forward,trace169.csv,697.52,568,divider sidecar (R0=992 ohm),,1,567,0.0,0.0,351.8074,349.6,0.63,0.51584,1466.25,83.3,83.07,5.41,0.999,979.46,20.14,0.9952,ok,ok,0.20784827159093522,3.999999999976245e-07,,0.014137287366511772,Original fit uncertainty only; clock aging and estimator systematic uncertainty unresolved
forward,trace170.csv,695.96,568,divider sidecar (R0=992 ohm),,1,567,0.5,0.0,351.9175,348.79,0.89,0.53868,1530.71,82.1,82.02,1.41,0.9989,1041.21,24.52,0.997,ok,ok,0.23527377480931005,3.999999999976245e-07,,0.015028571844573258,Original fit uncertainty only; clock aging and estimator systematic uncertainty unresolved
forward,trace171.csv,694.8,568,divider sidecar (R0=992 ohm),,1,567,0.7,0.0,352.2659,349.19,0.87,0.5717,1622.91,79.73,79.09,9.51,0.9987,1081.13,25.11,0.9963,ok,ok,0.15506618350518195,3.999999999976245e-07,,0.015604767413224505,Original fit uncertainty only; clock aging and estimator systematic uncertainty unresolved
forward,trace172.csv,693.34,568,divider sidecar (R0=992 ohm),,1,567,0.7,0.0,352.2371,349.19,0.87,0.58299,1655.11,76.61,75.51,12.45,0.9987,1043.03,8.79,0.9963,ok,ok,0.23163167010024055,3.999999999976245e-07,,0.015054841281821385,Original fit uncertainty only; clock aging and estimator systematic uncertainty unresolved
forward,trace173.csv,693.74,567,divider sidecar (R0=992 ohm),,1,566,0.0,0.0,352.1852,349.995,0.62,0.61399,1743.38,69.28,62.72,29.19,0.9987,1100.91,20.46,0.9952,ok,ok,0.20439239031276543,3.999999999976245e-07,,0.015890267121338775,Original fit uncertainty only; clock aging and estimator systematic uncertainty unresolved
forward,trace174.csv,692.29,568,divider sidecar (R0=992 ohm),,1,567,0.2,0.0,351.5541,348.0,1.01,0.5714,1625.34,81.96,69.89,42.66,0.9988,1115.72,24.02,0.997,ok,ok,0.18797108133804277,3.999999999976245e-07,,0.016104031058506232,Original fit uncertainty only; clock aging and estimator systematic uncertainty unresolved
forward,trace175.csv,691.23,568,divider sidecar (R0=992 ohm),,1,567,0.0,0.0,352.0289,349.2,0.8,0.59001,1676.03,76.99,68.57,34.83,0.9987,1118.15,18.4,0.9961,ok,ok,0.2042254652258984,3.999999999976245e-07,,0.016139105087359502,Original fit uncertainty only; clock aging and estimator systematic uncertainty unresolved
forward,trace176.csv,690.5,568,divider sidecar (R0=992 ohm),,1,567,0.2,0.0,351.6529,349.19,0.7,0.57226,1627.33,87.03,74.98,44.03,0.9987,1056.29,18.46,0.9954,ok,ok,0.1937059878634288,3.999999999976245e-07,,0.015246232896057746,Original fit uncertainty only; clock aging and estimator systematic uncertainty unresolved
forward,trace177.csv,689.42,568,divider sidecar (R0=992 ohm),,1,567,0.2,0.0,352.1347,350.01,0.6,0.6064,1722.06,70.29,69.65,8.64,0.9987,1152.94,29.01,0.9974,ok,ok,0.1859809232406712,3.999999999976245e-07,,0.01664125548398718,Original fit uncertainty only; clock aging and estimator systematic uncertainty unresolved
forward,trace178.csv,688.89,569,divider sidecar (R0=992 ohm),,1,568,0.5,0.0,351.3577,348.805,0.73,0.55587,1582.06,86.15,82.1,25.83,0.9988,1133.12,41.2,0.9968,ok,ok,0.17994705632981106,3.999999999976245e-07,,0.01635517842560372,Original fit uncertainty only; clock aging and estimator systematic uncertainty unresolved
forward,trace179.csv,688.0,570,divider sidecar (R0=992 ohm),,1,569,0.2,0.0,350.9821,349.2,0.51,0.5501,1567.32,88.85,77.64,43.04,0.999,1080.74,75.6,0.9977,ok,ok,0.19258570870006417,3.999999999976245e-07,,0.015599138248099905,Original fit uncertainty only; clock aging and estimator systematic uncertainty unresolved
forward,trace180.csv,688.25,569,divider sidecar (R0=992 ohm),,1,568,0.4,0.0,351.4085,349.8,0.46,0.56722,1614.14,83.39,81.28,18.28,0.9988,1089.05,60.14,0.9968,ok,ok,0.15999870296245083,3.999999999976245e-07,,0.01571908276652405,Original fit uncertainty only; clock aging and estimator systematic uncertainty unresolved
forward,trace181.csv,687.05,569,divider sidecar (R0=992 ohm),,1,568,0.9,0.0,351.462,350.0,0.42,0.58069,1652.2,81.48,80.11,14.35,0.9987,1181.79,54.56,0.9982,ok,ok,0.18481374805924933,3.999999999976245e-07,,0.017057669365640196,Original fit uncertainty only; clock aging and estimator systematic uncertainty unresolved
forward,trace182.csv,686.7,569,divider sidecar (R0=992 ohm),,1,568,0.4,0.0,351.4465,349.995,0.41,0.59297,1687.22,81.0,74.68,31.11,0.9987,1233.89,37.26,0.9976,ok,ok,0.20286026679961824,3.999999999976245e-07,,0.017809668091259685,Original fit uncertainty only; clock aging and estimator systematic uncertainty unresolved
forward,trace183.csv,686.19,570,divider sidecar (R0=992 ohm),,1,569,0.7,0.0,350.9005,349.21,0.48,0.56488,1609.8,80.84,79.62,13.47,0.9989,1191.05,38.54,0.9982,ok,ok,0.20914918921369946,3.999999999976245e-07,,0.017191325952957595,Original fit uncertainty only; clock aging and estimator systematic uncertainty unresolved
forward,trace184.csv,684.4,570,divider sidecar (R0=992 ohm),,1,569,0.0,0.0,351.1234,350.01,0.32,0.59135,1684.18,78.49,69.05,37.1,0.9987,1161.82,34.57,0.9978,ok,ok,0.17832830493897905,3.999999999976245e-07,,0.016769427243747276,Original fit uncertainty only; clock aging and estimator systematic uncertainty unresolved
forward,trace185.csv,683.78,570,divider sidecar (R0=992 ohm),,1,569,0.4,0.0,350.9666,350.0,0.28,0.60462,1722.74,81.64,67.12,46.29,0.9986,1237.59,31.99,0.9979,ok,ok,0.21272163606704061,3.999999999976245e-07,,0.017863072991159724,Original fit uncertainty only; clock aging and estimator systematic uncertainty unresolved
forward,trace186.csv,682.74,570,divider sidecar (R0=992 ohm),,1,569,0.2,0.0,351.0699,350.39,0.19,0.60672,1728.2,72.14,68.71,21.58,0.9987,1247.33,17.32,0.998,ok,ok,0.18793995050393764,3.999999999976245e-07,,0.0180036577817074,Original fit uncertainty only; clock aging and estimator systematic uncertainty unresolved
forward,trace187.csv,682.32,570,divider sidecar (R0=992 ohm),,1,569,0.9,0.0,351.0657,350.4,0.19,0.59811,1703.7,77.82,77.06,9.98,0.9986,1289.88,24.58,0.9983,ok,ok,0.1870305969177364,3.999999999976245e-07,,0.018617814130557866,Original fit uncertainty only; clock aging and estimator systematic uncertainty unresolved
forward,trace188.csv,681.25,570,divider sidecar (R0=992 ohm),,1,569,0.4,0.0,351.0946,350.4,0.2,0.59311,1689.33,73.56,73.41,1.77,0.9986,1211.19,35.33,0.9979,ok,ok,0.21261808749759695,3.999999999976245e-07,,0.01748202181349457,Original fit uncertainty only; clock aging and estimator systematic uncertainty unresolved
forward,trace189.csv,680.73,570,divider sidecar (R0=992 ohm),,1,569,1.1,0.0,350.7578,349.6,0.33,0.5439,1550.65,86.48,86.38,0.44,0.9987,1204.65,45.06,0.9971,ok,ok,0.18844135213367075,3.999999999976245e-07,,0.01738762504448207,Original fit uncertainty only; clock aging and estimator systematic uncertainty unresolved
forward,trace190.csv,680.07,570,divider sidecar (R0=992 ohm),,1,569,0.5,0.0,350.7185,349.59,0.32,0.59714,1702.62,79.16,69.78,37.1,0.9987,1235.96,9.41,0.9983,ok,ok,0.205428906041062,3.999999999976245e-07,,0.01783954596769025,Original fit uncertainty only; clock aging and estimator systematic uncertainty unresolved
forward,trace191.csv,679.17,570,divider sidecar (R0=992 ohm),,1,569,0.2,0.0,351.1641,350.8,0.1,0.60744,1729.78,68.26,67.56,8.67,0.9986,1318.88,15.8,0.9983,ok,ok,0.1654531971743177,3.999999999976245e-07,,0.019036393075720342,Original fit uncertainty only; clock aging and estimator systematic uncertainty unresolved
forward,trace192.csv,678.46,570,divider sidecar (R0=992 ohm),,1,569,0.2,0.0,350.4183,347.2,0.92,0.56149,1602.34,75.42,72.14,21.56,0.9987,1205.84,28.61,0.9965,ok,ok,0.23716858061541812,3.999999999976245e-07,,0.01740480121499046,Original fit uncertainty only; clock aging and estimator systematic uncertainty unresolved
forward,trace193.csv,677.93,570,divider sidecar (R0=992 ohm),,1,569,0.5,0.0,350.9975,349.6,0.4,0.57184,1629.19,78.45,77.87,8.33,0.9987,1265.36,31.17,0.9977,ok,ok,0.24950855164622812,3.999999999976245e-07,,0.018263898415544624,Original fit uncertainty only; clock aging and estimator systematic uncertainty unresolved
forward,trace194.csv,677.35,570,divider sidecar (R0=992 ohm),,1,569,0.4,0.0,351.2478,349.6,0.47,0.60546,1723.75,69.09,67.69,12.96,0.9987,1344.99,9.62,0.9982,ok,ok,0.22091678020613487,3.999999999976245e-07,,0.01941325846393387,Original fit uncertainty only; clock aging and estimator systematic uncertainty unresolved
forward,trace195.csv,676.74,570,divider sidecar (R0=992 ohm),,1,569,0.0,0.0,351.2513,350.79,0.13,0.63769,1815.48,68.18,56.06,38.47,0.9986,1348.12,10.72,0.9985,ok,ok,0.20576484955955374,3.999999999976245e-07,,0.019458436122497955,Original fit uncertainty only; clock aging and estimator systematic uncertainty unresolved
forward,trace196.csv,675.97,570,divider sidecar (R0=992 ohm),,1,569,0.4,0.0,350.9828,349.61,0.39,0.57283,1632.08,71.13,69.6,13.81,0.9987,1259.31,71.54,0.9982,ok,ok,0.2253542446810502,3.999999999976245e-07,,0.01817657418732969,Original fit uncertainty only; clock aging and estimator systematic uncertainty unresolved
forward,trace197.csv,675.69,569,divider sidecar (R0=992 ohm),,1,568,1.1,0.0,351.6035,347.4,1.2,0.57918,1647.24,82.97,77.04,30.39,0.9985,1372.78,19.78,0.9983,ok,ok,0.21380468001222486,3.999999999976245e-07,,0.019814372563453364,Original fit uncertainty only; clock aging and estimator systematic uncertainty unresolved
forward,trace198.csv,674.13,569,divider sidecar (R0=992 ohm),,1,568,0.0,0.0,351.7289,348.4,0.95,0.59236,1684.14,76.94,60.35,47.4,0.9988,1312.78,37.17,0.9985,ok,ok,0.2503494456499866,3.999999999976245e-07,,0.018948347159668925,Original fit uncertainty only; clock aging and estimator systematic uncertainty unresolved
forward,trace199.csv,673.81,567,divider sidecar (R0=992 ohm),,1,566,0.4,0.0,352.5215,351.19,0.38,0.58979,1673.07,68.93,68.47,5.62,0.9986,1429.3,30.44,0.9988,ok,ok,0.2430360870413572,3.999999999976245e-07,,0.020630168493818303,Original fit uncertainty only; clock aging and estimator systematic uncertainty unresolved
forward,trace200.csv,673.1,564,divider sidecar (R0=992 ohm),,1,563,0.0,0.0,354.0099,348.4,1.58,0.55086,1556.06,110.74,73.26,82.86,0.9984,1413.37,22.94,0.9987,ok,ok,0.2512693319280338,3.999999999976245e-07,,0.020400238749113533,Original fit uncertainty only; clock aging and estimator systematic uncertainty unresolved
forward,trace201.csv,671.68,563,divider sidecar (R0=992 ohm),,1,562,0.4,0.0,355.0698,351.005,1.14,0.54434,1533.06,83.28,75.44,34.77,0.9981,1474.53,47.53,0.9988,ok,ok,0.26202273309897783,3.999999999976245e-07,,0.021283007310704472,Original fit uncertainty only; clock aging and estimator systematic uncertainty unresolved
forward,trace202.csv,670.89,557,divider sidecar (R0=992 ohm),,1,556,1.3,0.0,359.0755,352.795,1.75,0.59072,1645.13,170.77,79.73,150.81,0.9974,1557.27,26.66,0.9987,ok,ok,0.22500726259912485,3.999999999976245e-07,,0.022477256342523216,Original fit uncertainty only; clock aging and estimator systematic uncertainty unresolved
forward,trace203.csv,670.18,550,divider sidecar (R0=992 ohm),,1,549,0.0,0.0,363.2131,353.2,2.76,0.66401,1828.16,334.72,77.85,325.37,0.9815,1721.79,11.54,0.9989,ok,ok,0.2149796875963775,3.999999999976245e-07,,0.024851897999700143,Original fit uncertainty only; clock aging and estimator systematic uncertainty unresolved
forward,trace204.csv,667.98,548,divider sidecar (R0=992 ohm),,1,521,0.8,4.8,364.8256,354.0,2.97,0.73998,2028.32,192.31,100.32,163.56,0.8814,1791.34,82.34,0.9984,ok,ok,0.2434337017398061,3.999999999976245e-07,,0.025855765780253604,Original fit uncertainty only; clock aging and estimator systematic uncertainty unresolved
forward,trace205.csv,667.64,554,divider sidecar (R0=992 ohm),,1,528,0.8,4.5,360.889,352.8,2.24,0.7074,1960.17,132.26,80.17,104.7,0.9167,1724.04,78.87,0.9986,ok,ok,0.3102421755895398,3.999999999976245e-07,,0.02488437395234206,Original fit uncertainty only; clock aging and estimator systematic uncertainty unresolved
forward,trace206.csv,668.34,554,divider sidecar (R0=992 ohm),,2,513,1.9,7.2,361.1927,347.6,3.76,0.8196,2269.14,154.53,116.66,100.48,0.8272,1823.57,95.06,0.9986,ok,ok,0.3009032174780798,3.999999999976245e-07,,0.026320965759653148,Original fit uncertainty only; clock aging and estimator systematic uncertainty unresolved
forward,trace207.csv,667.63,550,divider sidecar (R0=992 ohm),,1,509,1.4,7.3,363.5162,351.2,3.39,0.76458,2103.28,116.85,112.26,29.85,0.8237,1836.87,23.23,0.9988,ok,ok,0.3217521774893742,3.999999999976245e-07,,0.026512934724158697,Original fit uncertainty only; clock aging and estimator systematic uncertainty unresolved
forward,trace208.csv,667.63,550,divider sidecar (R0=992 ohm),,1,509,1.4,7.3,363.5162,351.2,3.39,0.76458,2103.28,116.85,112.26,29.85,0.8237,1836.87,23.23,0.9988,ok,ok,0.3290024016349833,3.999999999976245e-07,,0.026512934724158697,Original fit uncertainty only; clock aging and estimator systematic uncertainty unresolved
forward,trace209.csv,667.45,1375,divider sidecar (R0=992 ohm),,2,1369,0.4,0.4,363.6805,353.0,2.94,0.79732,2192.36,130.87,68.11,111.41,0.8813,1672.45,33.75,0.9988,ok,ok,0.14761438257057027,1.000000000001e-06,,0.02413973644265474,Original fit uncertainty only; clock aging and estimator systematic uncertainty unresolved
forward,trace210.csv,666.96,1377,divider sidecar (R0=992 ohm),,2,1371,0.7,0.4,363.0858,350.0,3.6,0.81831,2253.76,99.99,75.77,64.61,0.8626,1760.71,38.41,0.9989,ok,ok,0.15653835577311362,1.000000000001e-06,,0.02541365981162165,Original fit uncertainty only; clock aging and estimator systematic uncertainty unresolved
forward,trace211.csv,666.99,1371,divider sidecar (R0=992 ohm),,2,1367,0.5,0.2,364.638,349.0,4.29,0.88015,2413.78,102.6,81.58,61.33,0.828,1807.45,37.66,0.9989,ok,ok,0.17424796540623136,1.000000000001e-06,,0.02608829360116973,Original fit uncertainty only; clock aging and estimator systematic uncertainty unresolved
forward,trace212.csv,666.85,1367,divider sidecar (R0=992 ohm),,2,1361,0.7,0.4,365.7284,351.5,3.89,0.83804,2291.44,104.02,79.12,66.76,0.8526,1811.95,48.15,0.999,ok,ok,0.17235313027449167,1.000000000001e-06,,0.026153245506453565,Original fit uncertainty only; clock aging and estimator systematic uncertainty unresolved
forward,trace213.csv,666.2,1373,divider sidecar (R0=992 ohm),,2,1367,1.1,0.4,364.0809,349.0,4.14,0.81925,2250.2,80.3,79.53,5.43,0.8491,1777.73,37.11,0.9988,ok,ok,0.15669111529961713,1.000000000001e-06,,0.025659322351161837,Original fit uncertainty only; clock aging and estimator systematic uncertainty unresolved
forward,trace214.csv,665.82,1369,divider sidecar (R0=992 ohm),,2,1361,0.6,0.5,365.1162,350.0,4.14,0.91163,2496.82,113.39,85.34,73.86,0.8131,1909.62,43.35,0.9989,ok,ok,0.1916143435573426,1.000000000001e-06,,0.02756299052624733,Original fit uncertainty only; clock aging and estimator systematic uncertainty unresolved
forward,trace215.csv,665.57,1377,divider sidecar (R0=992 ohm),,2,1370,0.5,0.4,363.125,347.0,4.44,0.88797,2445.34,93.42,86.97,32.48,0.8469,1845.71,36.55,0.9989,ok,ok,0.20929596304728917,1.000000000001e-06,,0.02664052913364961,Original fit uncertainty only; clock aging and estimator systematic uncertainty unresolved
forward,trace216.csv,665.02,1379,divider sidecar (R0=992 ohm),,2,1374,1.7,0.3,362.5283,349.0,3.73,0.87636,2417.37,88.01,82.83,27.94,0.838,1832.54,22.34,0.9988,ok,ok,0.16781739116100705,1.000000000001e-06,,0.02645043655751892,Original fit uncertainty only; clock aging and estimator systematic uncertainty unresolved
forward,trace217.csv,663.91,1375,divider sidecar (R0=992 ohm),,2,1369,0.3,0.4,363.5335,348.5,4.14,0.92465,2543.52,86.59,85.2,10.46,0.8683,1851.42,29.03,0.999,ok,ok,0.19516731707312554,1.000000000001e-06,,0.026722945884576427,Original fit uncertainty only; clock aging and estimator systematic uncertainty unresolved
forward,trace218.csv,663.05,1364,divider sidecar (R0=992 ohm),,2,1352,0.4,0.8,366.7043,348.01,5.1,0.96856,2641.25,88.41,86.93,9.82,0.8747,1968.37,41.31,0.9989,ok,ok,0.21159926488915126,1.000000000001e-06,,0.028410973734119594,Original fit uncertainty only; clock aging and estimator systematic uncertainty unresolved
forward,trace219.csv,661.8,1367,divider sidecar (R0=992 ohm),,2,1366,1.3,0.0,365.7138,347.01,5.11,0.95832,2620.42,115.68,96.24,62.87,0.8714,1938.78,27.03,0.9988,ok,ok,0.19395030429087146,1.000000000001e-06,,0.027983878872486566,Original fit uncertainty only; clock aging and estimator systematic uncertainty unresolved
forward,trace220.csv,661.67,1372,divider sidecar (R0=992 ohm),,2,1364,0.1,0.5,364.5317,349.0,4.26,0.98613,2705.19,92.1,83.6,36.49,0.8813,1889.91,26.48,0.9988,ok,ok,0.2010843721763282,1.000000000001e-06,,0.027278501181104146,Original fit uncertainty only; clock aging and estimator systematic uncertainty unresolved
forward,trace221.csv,660.45,1375,divider sidecar (R0=992 ohm),,2,1367,0.1,0.5,363.5771,349.0,4.01,1.00376,2760.78,91.34,87.34,23.44,0.8952,1959.65,25.42,0.999,ok,ok,0.19878383001778127,1.000000000001e-06,,0.02828511137543626,Original fit uncertainty only; clock aging and estimator systematic uncertainty unresolved
forward,trace222.csv,659.37,1369,divider sidecar (R0=992 ohm),,2,1368,1.2,0.0,365.1352,349.5,4.28,1.03755,2841.54,88.91,82.11,31.23,0.873,1863.17,27.44,0.9988,ok,ok,0.21174262027742696,1.000000000001e-06,,0.026892542526150878,Original fit uncertainty only; clock aging and estimator systematic uncertainty unresolved
forward,trace223.csv,659.28,1367,divider sidecar (R0=992 ohm),,2,1365,1.0,0.1,365.672,352.0,3.74,1.08072,2955.44,87.5,84.11,19.3,0.8765,1908.93,41.94,0.9988,ok,ok,0.19578186772206524,1.000000000001e-06,,0.02755303123410381,Original fit uncertainty only; clock aging and estimator systematic uncertainty unresolved
forward,trace224.csv,657.88,1345,divider sidecar (R0=992 ohm),,2,1338,1.3,0.4,371.6942,350.0,5.84,1.11572,3001.72,104.11,90.72,48.19,0.8946,1881.05,21.03,0.9991,ok,ok,0.18971663705220027,1.000000000001e-06,,0.02715061809647864,Original fit uncertainty only; clock aging and estimator systematic uncertainty unresolved
forward,trace225.csv,656.28,1327,divider sidecar (R0=992 ohm),,2,1326,0.4,0.0,376.5445,352.005,6.52,1.23044,3267.71,109.45,91.82,56.04,0.8714,1919.33,25.31,0.9988,ok,ok,0.19505918698219032,1.000000000001e-06,,0.027703142304093112,Original fit uncertainty only; clock aging and estimator systematic uncertainty unresolved
forward,trace226.csv,655.05,1330,divider sidecar (R0=992 ohm),,2,1328,2.5,0.1,375.9074,353.0,6.09,1.15967,3085.0,91.2,88.55,10.88,0.8953,1808.6,36.14,0.9986,ok,ok,0.19088846271303214,1.000000000001e-06,,0.02610489242140893,Original fit uncertainty only; clock aging and estimator systematic uncertainty unresolved
forward,trace227.csv,653.58,1315,divider sidecar (R0=992 ohm),,2,1305,0.5,0.7,379.9163,353.0,7.08,1.22934,3235.83,104.53,90.55,47.8,0.9016,1932.82,30.84,0.9989,ok,ok,0.2048460480275669,1.000000000001e-06,,0.027897853682377315,Original fit uncertainty only; clock aging and estimator systematic uncertainty unresolved
forward,trace228.csv,652.37,1290,divider sidecar (R0=992 ohm),,2,1283,2.2,0.5,387.5469,356.0,8.14,1.24636,3216.03,110.15,94.13,52.57,0.9226,1844.84,19.99,0.9988,ok,ok,0.190023112482672,1.000000000001e-06,,0.026627971765294734,Original fit uncertainty only; clock aging and estimator systematic uncertainty unresolved
forward,trace229.csv,650.26,1292,divider sidecar (R0=992 ohm),,2,1291,1.9,0.0,386.6096,349.99,9.47,1.18983,3077.6,101.81,93.71,33.24,0.9189,1793.21,42.68,0.9986,ok,ok,0.24815116515635857,1.000000000001e-06,,0.025882756905338224,Original fit uncertainty only; clock aging and estimator systematic uncertainty unresolved
forward,trace230.csv,648.01,1278,divider sidecar (R0=992 ohm),,2,1277,0.6,0.0,391.2475,348.99,10.8,1.13557,2902.44,139.79,96.77,98.56,0.9196,1743.95,48.49,0.9986,ok,ok,0.20227099030518417,1.000000000001e-06,,0.025171750048831203,Original fit uncertainty only; clock aging and estimator systematic uncertainty unresolved
forward,trace231.csv,645.4,1293,divider sidecar (R0=992 ohm),,2,1289,0.5,0.2,386.4814,347.0,10.22,1.16453,3013.17,108.48,103.11,25.98,0.9238,1845.6,14.61,0.9989,ok,ok,0.22072739505489633,1.000000000001e-06,,0.026638941420409335,Original fit uncertainty only; clock aging and estimator systematic uncertainty unresolved
forward,trace232.csv,642.9,1301,divider sidecar (R0=992 ohm),,2,1300,2.0,0.0,384.4315,348.0,9.48,1.11013,2887.72,156.82,101.21,118.14,0.912,1848.04,33.29,0.9988,ok,ok,0.2068214072929259,1.000000000001e-06,,0.0266741597868299,Original fit uncertainty only; clock aging and estimator systematic uncertainty unresolved
forward,trace233.csv,640.14,1294,divider sidecar (R0=992 ohm),,2,1293,0.5,0.0,386.3248,346.0,10.44,1.09822,2842.74,130.91,92.98,89.95,0.9072,1760.28,33.68,0.9989,ok,ok,0.22142214323810866,1.000000000001e-06,,0.025407453296227865,Original fit uncertainty only; clock aging and estimator systematic uncertainty unresolved
forward,trace234.csv,638.69,1290,divider sidecar (R0=992 ohm),,2,1284,1.6,0.4,387.4569,349.01,9.92,1.09593,2828.53,190.72,98.52,162.05,0.9316,1713.54,28.8,0.999,ok,ok,0.18842801690828342,1.000000000001e-06,,0.024732819506679785,Original fit uncertainty only; clock aging and estimator systematic uncertainty unresolved
forward,trace235.csv,637.11,1282,divider sidecar (R0=992 ohm),,2,1277,1.0,0.3,390.1226,348.0,10.8,1.06396,2727.24,180.99,99.0,150.17,0.9238,1716.65,59.79,0.9987,ok,ok,0.19150133663388427,1.000000000001e-06,,0.02477770849010928,Original fit uncertainty only; clock aging and estimator systematic uncertainty unresolved
forward,trace236.csv,636.17,1290,divider sidecar (R0=992 ohm),,2,1289,1.3,0.0,387.2374,347.0,10.39,1.07358,2772.41,165.07,96.96,132.13,0.9241,1734.66,56.24,0.9986,ok,ok,0.19916396221993427,1.000000000001e-06,,0.025037660448811908,Original fit uncertainty only; clock aging and estimator systematic uncertainty unresolved
forward,trace237.csv,632.56,1295,divider sidecar (R0=992 ohm),,2,1294,0.7,0.0,386.0456,344.0,10.89,1.06684,2763.5,145.2,93.37,109.45,0.9315,1666.71,38.99,0.9985,ok,ok,0.22419701323545166,1.000000000001e-06,,0.024056886679026033,Original fit uncertainty only; clock aging and estimator systematic uncertainty unresolved
forward,trace238.csv,627.73,1279,divider sidecar (R0=992 ohm),,2,1278,0.3,0.0,390.8701,342.0,12.5,1.05745,2705.39,124.03,94.81,77.3,0.9209,1656.0,42.29,0.9983,ok,ok,0.22414750106341924,1.000000000001e-06,,0.023902301144450508,Original fit uncertainty only; clock aging and estimator systematic uncertainty unresolved
forward,trace239.csv,626.45,1286,divider sidecar (R0=992 ohm),,2,1285,0.5,0.0,388.7183,340.0,12.53,1.08448,2789.88,116.43,100.06,55.77,0.9263,1739.55,84.29,0.9984,ok,ok,0.21834541409300076,1.000000000001e-06,,0.02510824151922034,Original fit uncertainty only; clock aging and estimator systematic uncertainty unresolved
forward,trace240.csv,623.95,1278,divider sidecar (R0=992 ohm),,2,1277,0.9,0.0,391.2584,341.0,12.85,1.07936,2758.69,139.93,98.87,96.74,0.9109,1719.3,33.26,0.9986,ok,ok,0.19741660684189694,1.000000000001e-06,,0.02481595794544309,Original fit uncertainty only; clock aging and estimator systematic uncertainty unresolved
forward,trace241.csv,621.51,1289,divider sidecar (R0=992 ohm),,2,1288,0.9,0.0,387.9286,340.99,12.1,1.0563,2722.93,166.29,98.07,132.76,0.9184,1702.77,5.24,0.9985,ok,ok,0.23985508068504147,1.000000000001e-06,,0.02457736794670048,Original fit uncertainty only; clock aging and estimator systematic uncertainty unresolved
forward,trace242.csv,616.85,1289,divider sidecar (R0=992 ohm),,2,1287,1.1,0.1,388.0776,338.0,12.9,0.87713,2260.18,231.19,90.94,211.86,0.9517,1403.64,46.38,0.9975,ok,ok,0.19125293599260804,1.000000000001e-06,,0.020259798296133162,Original fit uncertainty only; clock aging and estimator systematic uncertainty unresolved
forward,trace243.csv,613.82,1296,divider sidecar (R0=992 ohm),,2,1295,0.3,0.0,385.6649,339.0,12.1,0.97859,2537.41,172.62,90.59,145.73,0.9435,1557.87,42.91,0.998,ok,ok,0.20060988093315552,1.000000000001e-06,,0.02248591659656106,Original fit uncertainty only; clock aging and estimator systematic uncertainty unresolved
forward,trace244.csv,610.32,1287,divider sidecar (R0=992 ohm),,2,1286,0.8,0.0,388.577,337.0,13.27,0.92658,2384.55,178.26,88.67,153.56,0.9443,1519.09,86.81,0.9979,ok,ok,0.16442239412617937,1.000000000001e-06,,0.021926175510581715,Original fit uncertainty only; clock aging and estimator systematic uncertainty unresolved
forward,trace245.csv,606.81,1288,divider sidecar (R0=992 ohm),,2,1287,0.2,0.0,388.1531,336.0,13.44,1.03651,2670.38,104.64,94.89,39.06,0.9344,1596.87,71.29,0.9981,ok,ok,0.21143843715865832,1.000000000001e-06,,0.023048833109020943,Original fit uncertainty only; clock aging and estimator systematic uncertainty unresolved
forward,trace246.csv,602.83,1291,divider sidecar (R0=992 ohm),,2,1290,0.5,0.0,387.431,336.0,13.27,0.97127,2506.94,146.88,89.82,114.66,0.939,1506.82,41.01,0.9979,ok,ok,0.21212464074394224,1.000000000001e-06,,0.0217490733155078,Original fit uncertainty only; clock aging and estimator systematic uncertainty unresolved
forward,trace247.csv,601.28,1296,divider sidecar (R0=992 ohm),,2,1295,0.7,0.0,386.0324,337.01,12.7,1.00397,2600.73,151.72,92.22,118.92,0.9327,1606.52,53.9,0.9978,ok,ok,0.19834787127913336,1.000000000001e-06,,0.023188118861462943,Original fit uncertainty only; clock aging and estimator systematic uncertainty unresolved
forward,trace248.csv,597.84,1289,divider sidecar (R0=992 ohm),,2,1288,0.6,0.0,387.9565,335.0,13.65,0.92969,2396.39,188.53,90.85,164.15,0.9399,1501.68,69.24,0.998,ok,ok,0.22007560353013697,1.000000000001e-06,,0.021674883805916936,Original fit uncertainty only; clock aging and estimator systematic uncertainty unresolved
forward,trace249.csv,594.41,1302,divider sidecar (R0=992 ohm),,2,1300,1.5,0.1,383.5849,334.0,12.93,0.85458,2227.88,172.13,90.97,145.16,0.9524,1362.32,62.57,0.997,ok,ok,0.24032630591861243,1.000000000001e-06,,0.019663395468060275,Original fit uncertainty only; clock aging and estimator systematic uncertainty unresolved
forward,trace250.csv,591.32,1308,divider sidecar (R0=992 ohm),,2,1307,1.0,0.0,382.088,331.0,13.37,0.83121,2175.45,157.85,91.27,127.74,0.9536,1316.42,78.99,0.9972,ok,ok,0.20691530485184756,1.000000000001e-06,,0.019000886034165183,Original fit uncertainty only; clock aging and estimator systematic uncertainty unresolved
forward,trace251.csv,589.56,1305,divider sidecar (R0=992 ohm),,2,1301,1.3,0.2,382.9256,333.0,13.04,0.82484,2154.06,182.74,87.02,159.89,0.9661,1382.06,45.81,0.9976,ok,ok,0.20975309407324474,1.000000000001e-06,,0.019948317825905355,Original fit uncertainty only; clock aging and estimator systematic uncertainty unresolved
forward,trace252.csv,587.25,1303,divider sidecar (R0=992 ohm),,2,1302,0.7,0.0,383.6144,333.0,13.19,0.90817,2367.4,159.13,89.74,130.2,0.9422,1481.49,37.02,0.9975,ok,ok,0.22762592450358557,1.000000000001e-06,,0.02138346625754347,Original fit uncertainty only; clock aging and estimator systematic uncertainty unresolved
forward,trace253.csv,584.11,1303,divider sidecar (R0=992 ohm),,2,1301,1.0,0.1,383.6444,331.0,13.72,0.87339,2276.57,177.73,91.21,151.54,0.9315,1486.86,30.19,0.9978,ok,ok,0.22754376371159837,1.000000000001e-06,,0.021460975531182175,Original fit uncertainty only; clock aging and estimator systematic uncertainty unresolved
forward,trace254.csv,582.06,1310,divider sidecar (R0=992 ohm),,2,1306,0.8,0.2,381.8655,332.0,13.06,0.87599,2293.98,192.12,83.24,172.32,0.943,1426.08,29.2,0.997,ok,ok,0.2594048662029391,1.000000000001e-06,,0.02058369179714854,Original fit uncertainty only; clock aging and estimator systematic uncertainty unresolved
forward,trace255.csv,579.6,1305,divider sidecar (R0=992 ohm),,2,1303,1.0,0.1,383.0314,332.0,13.32,0.90709,2368.17,185.22,92.22,159.64,0.9341,1489.89,44.69,0.9975,ok,ok,0.20529802588101012,1.000000000001e-06,,0.021504709814073292,Original fit uncertainty only; clock aging and estimator systematic uncertainty unresolved
forward,trace256.csv,577.1,1305,divider sidecar (R0=992 ohm),,2,1302,1.3,0.2,383.066,332.0,13.33,0.90606,2365.28,178.48,90.81,152.61,0.9315,1508.35,38.49,0.9977,ok,ok,0.24756653660569852,1.000000000001e-06,,0.0217711569633043,Original fit uncertainty only; clock aging and estimator systematic uncertainty unresolved
forward,trace257.csv,575.47,1300,divider sidecar (R0=992 ohm),,2,1299,0.2,0.0,384.6613,332.0,13.69,0.92635,2408.22,198.88,78.96,181.59,0.939,1455.66,82.06,0.9973,ok,ok,0.24048400761204353,1.000000000001e-06,,0.02101064232121427,Original fit uncertainty only; clock aging and estimator systematic uncertainty unresolved
forward,trace258.csv,571.89,1320,divider sidecar (R0=992 ohm),,2,1318,1.4,0.1,378.6793,330.0,12.86,0.81359,2148.5,236.91,89.77,218.66,0.9486,1322.67,52.34,0.9966,ok,ok,0.26316492673523273,1.000000000001e-06,,0.019091097013726063,Original fit uncertainty only; clock aging and estimator systematic uncertainty unresolved
forward,trace259.csv,569.32,1331,divider sidecar (R0=992 ohm),,2,1329,1.1,0.1,375.688,331.0,11.89,0.729,1940.44,328.42,84.74,317.0,0.9713,1231.04,26.14,0.9968,ok,ok,0.26443601370142955,1.000000000001e-06,,0.017768531884579924,Original fit uncertainty only; clock aging and estimator systematic uncertainty unresolved
forward,trace260.csv,567.59,1342,divider sidecar (R0=992 ohm),,2,1339,0.4,0.1,372.5056,328.99,11.68,0.65518,1758.84,302.37,82.08,290.75,0.9742,1123.62,104.77,0.9962,ok,ok,0.24516525526165203,1.000000000001e-06,,0.016218057736671183,Original fit uncertainty only; clock aging and estimator systematic uncertainty unresolved
forward,trace261.csv,563.95,1335,divider sidecar (R0=992 ohm),,2,1333,3.3,0.1,374.2331,328.0,12.35,0.61722,1649.29,444.47,100.41,432.82,0.964,1205.83,37.59,0.9955,ok,ok,0.2637212188910834,1.000000000001e-06,,0.017404656877423163,Original fit uncertainty only; clock aging and estimator systematic uncertainty unresolved
forward,trace262.csv,562.24,1325,divider sidecar (R0=992 ohm),,2,1323,2.7,0.1,377.3089,329.0,12.8,0.65307,1730.86,378.15,96.84,365.31,0.9629,1257.26,101.11,0.9964,ok,ok,0.3046764726438549,1.000000000001e-06,,0.018146984986033725,Original fit uncertainty only; clock aging and estimator systematic uncertainty unresolved
forward,trace263.csv,559.98,1328,divider sidecar (R0=992 ohm),,2,1315,1.7,0.9,376.4778,327.0,13.14,0.57286,1521.62,365.59,85.68,355.21,0.9725,1097.1,45.24,0.9954,ok,ok,0.27511713124519116,1.000000000001e-06,,0.015835274508198462,Original fit uncertainty only; clock aging and estimator systematic uncertainty unresolved
forward,trace264.csv,559.08,1325,divider sidecar (R0=992 ohm),,2,1321,0.6,0.2,377.2711,328.99,12.8,0.69694,1847.32,306.45,76.04,296.54,0.9718,1179.48,24.98,0.9952,ok,ok,0.232756681269392,1.000000000001e-06,,0.017024327387594497,Original fit uncertainty only; clock aging and estimator systematic uncertainty unresolved
forward,trace265.csv,557.89,1319,divider sidecar (R0=992 ohm),,2,1317,1.4,0.1,379.1768,329.0,13.23,0.72611,1914.97,254.16,82.82,239.85,0.9658,1320.99,37.4,0.9958,ok,ok,0.26985965005037404,1.000000000001e-06,,0.019066848302420093,Original fit uncertainty only; clock aging and estimator systematic uncertainty unresolved
forward,trace266.csv,555.99,1318,divider sidecar (R0=992 ohm),,2,1308,0.3,0.7,379.2278,328.0,13.51,0.67351,1776.0,231.89,85.16,215.22,0.9717,1195.24,10.1,0.9949,ok,ok,0.2672339849214312,1.000000000001e-06,,0.01725180339365521,Original fit uncertainty only; clock aging and estimator systematic uncertainty unresolved
forward,trace267.csv,554.45,1314,divider sidecar (R0=992 ohm),,2,1303,2.6,0.8,380.3069,328.0,13.75,0.6256,1644.99,319.69,95.19,304.9,0.9586,1246.9,26.79,0.9951,ok,ok,0.2489543412738247,1.000000000001e-06,,0.01799745126631361,Original fit uncertainty only; clock aging and estimator systematic uncertainty unresolved
forward,trace268.csv,553.38,1301,divider sidecar (R0=992 ohm),,2,1298,1.8,0.2,384.3654,330.0,14.14,0.83771,2179.45,175.4,98.1,144.35,0.9364,1480.6,63.95,0.9974,ok,ok,0.2524450968934595,1.000000000001e-06,,0.021370620214054,Original fit uncertainty only; clock aging and estimator systematic uncertainty unresolved
forward,trace269.csv,551.2,1319,divider sidecar (R0=992 ohm),,2,1313,0.3,0.4,378.8756,328.0,13.43,0.77267,2039.37,199.72,84.1,180.45,0.9485,1317.9,71.77,0.9957,ok,ok,0.23540542747517837,1.000000000001e-06,,0.019022247994125198,Original fit uncertainty only; clock aging and estimator systematic uncertainty unresolved
forward,trace270.csv,549.34,1300,divider sidecar (R0=992 ohm),,2,1299,0.4,0.0,384.7313,330.0,14.23,0.90985,2364.89,175.48,86.56,151.5,0.9372,1495.05,43.11,0.9972,ok,ok,0.2599628955654637,1.000000000001e-06,,0.02157918799879875,Original fit uncertainty only; clock aging and estimator systematic uncertainty unresolved
forward,trace271.csv,546.39,1318,divider sidecar (R0=992 ohm),,2,1314,1.8,0.2,379.0569,332.0,12.41,0.77732,2050.66,215.2,84.03,197.53,0.9545,1428.0,63.83,0.9966,ok,ok,0.2629684524344637,1.000000000001e-06,,0.020611404610069644,Original fit uncertainty only; clock aging and estimator systematic uncertainty unresolved
forward,trace272.csv,544.13,1313,divider sidecar (R0=992 ohm),,2,1312,0.7,0.0,380.622,329.0,13.56,0.84608,2222.88,193.97,82.36,174.77,0.9446,1370.11,23.99,0.9964,ok,ok,0.27204472791136625,1.000000000001e-06,,0.019775834432984953,Original fit uncertainty only; clock aging and estimator systematic uncertainty unresolved
forward,trace273.csv,541.68,1312,divider sidecar (R0=992 ohm),,2,1310,0.5,0.1,380.9054,334.0,12.31,0.80554,2114.8,237.11,79.59,222.77,0.9675,1391.76,59.33,0.997,ok,ok,0.27200783142848123,1.000000000001e-06,,0.02008832526618384,Original fit uncertainty only; clock aging and estimator systematic uncertainty unresolved
forward,trace274.csv,540.58,1299,divider sidecar (R0=992 ohm),,3,1273,0.5,1.9,385.0632,331.0,14.04,0.76888,1996.75,363.31,70.3,356.08,0.9707,1202.25,31.64,0.9977,ok,ok,0.26472952862935223,1.000000000001e-06,,0.017352984028330694,Original fit uncertainty only; clock aging and estimator systematic uncertainty unresolved
forward,trace275.csv,540.8,1282,divider sidecar (R0=992 ohm),,3,1245,1.1,2.8,389.9555,334.0,14.35,0.7437,1907.14,730.45,88.44,724.91,0.9757,1056.84,72.25,0.998,ok,ok,0.2530942632565879,1.000000000001e-06,,0.015254171462259103,Original fit uncertainty only; clock aging and estimator systematic uncertainty unresolved
forward,trace276.csv,538.92,1300,divider sidecar (R0=992 ohm),,2,1287,3.3,0.9,384.4888,330.0,14.17,0.82744,2152.05,250.31,88.28,233.59,0.9475,1417.27,41.29,0.9971,ok,ok,0.2743803649006429,1.000000000001e-06,,0.020456530400359524,Original fit uncertainty only; clock aging and estimator systematic uncertainty unresolved
forward,trace277.csv,536.71,1322,divider sidecar (R0=992 ohm),,2,1301,2.2,1.5,378.193,328.0,13.27,0.81506,2155.15,174.14,79.03,154.29,0.9498,1354.15,70.05,0.9967,ok,ok,0.2614159679451844,1.000000000001e-06,,0.019545471675578296,Original fit uncertainty only; clock aging and estimator systematic uncertainty unresolved
forward,trace278.csv,535.46,1335,divider sidecar (R0=992 ohm),,2,1325,3.4,0.7,374.4618,326.0,12.94,0.6746,1801.51,253.48,87.99,237.31,0.9605,1243.76,88.23,0.9952,ok,ok,0.2882905495573026,1.000000000001e-06,,0.017952129270182225,Original fit uncertainty only; clock aging and estimator systematic uncertainty unresolved
forward,trace279.csv,534.06,1323,divider sidecar (R0=992 ohm),,2,1319,3.0,0.2,378.0938,328.0,13.25,0.7448,1969.89,129.48,82.89,98.24,0.9473,1345.74,33.63,0.9958,ok,ok,0.3012151779258106,1.000000000001e-06,,0.019424083781481177,Original fit uncertainty only; clock aging and estimator systematic uncertainty unresolved
forward,trace280.csv,533.31,1325,divider sidecar (R0=992 ohm),,2,1310,0.8,1.1,377.2779,326.0,13.59,0.74612,1977.64,100.98,74.69,66.07,0.9621,1196.44,89.98,0.9943,ok,ok,0.23174375782216766,1.000000000001e-06,,0.0172691239017309,Original fit uncertainty only; clock aging and estimator systematic uncertainty unresolved
forward,trace281.csv,532.33,1332,divider sidecar (R0=992 ohm),,2,1316,0.9,1.1,375.3501,327.0,12.88,0.755,2011.45,80.08,76.92,15.65,0.956,1248.82,57.88,0.9946,ok,ok,0.30083309852287443,1.000000000001e-06,,0.018025164079234712,Original fit uncertainty only; clock aging and estimator systematic uncertainty unresolved
forward,trace282.csv,530.55,1358,divider sidecar (R0=992 ohm),,2,1342,0.5,1.1,368.311,326.99,11.22,0.63922,1735.54,113.28,82.53,76.55,0.9716,1139.56,106.9,0.9948,ok,ok,0.24399231161462898,1.000000000001e-06,,0.01644813181894325,Original fit uncertainty only; clock aging and estimator systematic uncertainty unresolved
forward,trace283.csv,529.45,1403,divider sidecar (R0=992 ohm),,2,1383,2.5,1.4,356.2689,325.0,8.78,0.27985,785.51,328.84,97.53,314.0,0.9872,711.08,60.94,0.988,ok,ok,0.2445577634776722,1.000000000001e-06,,0.010263555735383978,Original fit uncertainty only; clock aging and estimator systematic uncertainty unresolved
forward,trace284.csv,530.31,1433,divider sidecar (R0=992 ohm),,3,1421,6.8,0.8,348.9413,324.0,7.15,-0.20112,-576.38,699.17,127.83,687.38,0.998,433.7,46.37,0.9763,ok,ok,0.2537237686182068,1.000000000001e-06,,0.0062599202936885175,Original fit uncertainty only; clock aging and estimator systematic uncertainty unresolved
forward,trace285.csv,529.19,1362,divider sidecar (R0=992 ohm),,2,1351,3.0,0.7,366.9265,326.0,11.15,0.53417,1455.8,222.38,85.35,205.06,0.9699,1011.49,24.42,0.993,ok,ok,0.2636691754209649,1.000000000001e-06,,0.014599600594565365,Original fit uncertainty only; clock aging and estimator systematic uncertainty unresolved
forward,trace286.csv,526.25,1300,divider sidecar (R0=992 ohm),,2,1296,2.5,0.2,384.505,330.0,14.18,0.80203,2085.88,264.97,82.94,251.03,0.952,1465.88,66.71,0.9965,ok,ok,0.2889616011883832,1.000000000001e-06,,0.02115815531499222,Original fit uncertainty only; clock aging and estimator systematic uncertainty unresolved
forward,trace287.csv,524.72,1303,divider sidecar (R0=992 ohm),,2,1302,1.4,0.0,383.8011,335.0,12.72,0.88981,2318.43,235.37,79.01,221.0,0.9531,1542.26,36.2,0.9975,ok,ok,0.2385771207721259,1.000000000001e-06,,0.022260605654009807,Original fit uncertainty only; clock aging and estimator systematic uncertainty unresolved
forward,trace288.csv,521.8,1291,divider sidecar (R0=992 ohm),,2,1284,1.3,0.5,387.486,336.0,13.29,0.83387,2152.0,190.89,89.93,167.36,0.9439,1568.83,61.65,0.9975,ok,ok,0.2429519112762639,1.000000000001e-06,,0.022644110570319016,Original fit uncertainty only; clock aging and estimator systematic uncertainty unresolved
forward,trace289.csv,518.39,1289,divider sidecar (R0=992 ohm),,2,1288,3.1,0.0,387.8921,333.0,14.15,0.77385,1995.01,187.9,95.33,160.9,0.9368,1564.54,25.64,0.9975,ok,ok,0.2989546216574992,1.000000000001e-06,,0.02258218975394843,Original fit uncertainty only; clock aging and estimator systematic uncertainty unresolved
forward,trace290.csv,515.73,1301,divider sidecar (R0=992 ohm),,2,1292,3.2,0.6,384.1285,333.0,13.31,0.71957,1873.25,307.92,93.27,293.02,0.9546,1491.07,37.82,0.997,ok,ok,0.2668471114578707,1.000000000001e-06,,0.021521741647014384,Original fit uncertainty only; clock aging and estimator systematic uncertainty unresolved
forward,trace291.csv,514.54,1289,divider sidecar (R0=992 ohm),,2,1271,1.8,1.3,387.7981,332.0,14.39,0.74425,1919.18,331.55,89.26,318.79,0.9531,1503.16,44.49,0.9969,ok,ok,0.2923628645852582,1.000000000001e-06,,0.021696245765876948,Original fit uncertainty only; clock aging and estimator systematic uncertainty unresolved
forward,trace292.csv,513.38,1278,divider sidecar (R0=992 ohm),,2,1256,6.1,1.6,391.2725,332.0,15.15,0.62726,1603.12,461.48,94.44,451.39,0.9583,1413.28,28.48,0.9958,ok,ok,0.2837220307329505,1.000000000001e-06,,0.02039893971100786,Original fit uncertainty only; clock aging and estimator systematic uncertainty unresolved
forward,trace293.csv,512.51,1293,divider sidecar (R0=992 ohm),,2,1279,2.2,1.0,386.1633,329.0,14.8,0.49766,1288.74,355.79,89.0,344.2,0.9646,1290.38,39.62,0.9942,ok,ok,0.28900958659752823,1.000000000001e-06,,0.018625031008922734,Original fit uncertainty only; clock aging and estimator systematic uncertainty unresolved
forward,trace294.csv,510.58,1302,divider sidecar (R0=992 ohm),,2,1279,0.6,1.7,384.1138,329.0,14.35,0.62057,1615.59,228.33,85.95,210.81,0.9519,1312.96,41.24,0.9947,ok,ok,0.30999132391238227,1.000000000001e-06,,0.01895094523588028,Original fit uncertainty only; clock aging and estimator systematic uncertainty unresolved
forward,trace295.csv,508.99,1324,divider sidecar (R0=992 ohm),,2,1312,6.9,0.8,377.5518,328.0,13.12,0.46783,1239.11,332.26,101.78,316.08,0.9613,1309.55,63.7,0.9949,ok,ok,0.31156380134968625,1.000000000001e-06,,0.01890172612543186,Original fit uncertainty only; clock aging and estimator systematic uncertainty unresolved
forward,trace296.csv,507.55,1286,divider sidecar (R0=992 ohm),,2,1275,5.7,0.8,388.8949,329.0,15.4,0.42488,1092.52,363.13,101.35,348.41,0.9667,1319.6,25.53,0.995,ok,ok,0.3374764496689036,1.000000000001e-06,,0.019046785380565753,Original fit uncertainty only; clock aging and estimator systematic uncertainty unresolved
forward,trace297.csv,506.07,1309,divider sidecar (R0=992 ohm),,2,1296,8.8,0.9,381.9748,332.0,13.08,0.46134,1207.78,355.45,124.98,332.59,0.9395,1477.73,63.95,0.9965,ok,ok,0.28084191731012226,1.000000000001e-06,,0.021329195332239644,Original fit uncertainty only; clock aging and estimator systematic uncertainty unresolved
forward,trace298.csv,505.02,1303,divider sidecar (R0=992 ohm),,2,1287,1.9,1.2,383.7273,332.0,13.48,0.66837,1741.78,232.15,112.25,202.45,0.9258,1538.69,41.68,0.9971,ok,ok,0.2585196582075847,1.000000000001e-06,,0.022209077142484632,Original fit uncertainty only; clock aging and estimator systematic uncertainty unresolved
forward,trace299.csv,503.25,1325,divider sidecar (R0=992 ohm),,2,1317,11.2,0.5,377.2953,330.0,12.54,0.35726,946.9,424.47,116.44,408.09,0.9469,1328.52,56.12,0.9954,ok,ok,0.25081752247063693,1.000000000001e-06,,0.01917553449059504,Original fit uncertainty only; clock aging and estimator systematic uncertainty unresolved
forward,trace300.csv,501.68,1284,divider sidecar (R0=992 ohm),,2,1265,1.0,1.4,389.3055,332.0,14.72,0.65385,1679.54,164.61,106.24,124.36,0.9341,1515.37,15.93,0.9969,ok,ok,0.2592746435008492,1.000000000001e-06,,0.021872481935547083,Original fit uncertainty only; clock aging and estimator systematic uncertainty unresolved
forward,trace301.csv,500.62,1281,divider sidecar (R0=992 ohm),,2,1268,1.1,0.9,390.2922,332.0,14.94,0.62905,1611.75,222.59,105.84,195.14,0.9461,1539.08,36.44,0.9974,ok,ok,0.25926202674801174,1.000000000001e-06,,0.02221470630760923,Original fit uncertainty only; clock aging and estimator systematic uncertainty unresolved
forward,trace302.csv,499.0,1302,divider sidecar (R0=992 ohm),,2,1293,1.2,0.6,384.1076,335.0,12.78,0.6161,1603.98,243.41,106.93,218.3,0.953,1551.2,54.6,0.9971,ok,ok,0.30686061043026386,1.000000000001e-06,,0.02238964343917369,Original fit uncertainty only; clock aging and estimator systematic uncertainty unresolved
forward,trace303.csv,495.13,1299,divider sidecar (R0=992 ohm),,2,1290,1.5,0.6,384.8536,336.0,12.69,0.66402,1725.39,299.81,94.88,284.07,0.9639,1504.5,60.78,0.997,ok,ok,0.30528464770895325,1.000000000001e-06,,0.0217155869998948,Original fit uncertainty only; clock aging and estimator systematic uncertainty unresolved
forward,trace304.csv,492.64,1260,divider sidecar (R0=992 ohm),,2,1255,2.2,0.3,396.6505,344.0,13.27,1.01433,2557.23,196.51,93.35,171.59,0.9234,1665.79,65.38,0.9982,ok,ok,0.2856158368732,1.000000000001e-06,,0.02404360762283467,Original fit uncertainty only; clock aging and estimator systematic uncertainty unresolved
forward,trace305.csv,492.7,1254,divider sidecar (R0=992 ohm),,2,1251,0.6,0.2,398.9489,344.0,13.77,1.08567,2721.31,130.73,97.67,84.02,0.9225,1596.28,12.51,0.9979,ok,ok,0.3072921255400769,1.000000000001e-06,,0.023040317192550397,Original fit uncertainty only; clock aging and estimator systematic uncertainty unresolved
forward,trace306.csv,492.93,1190,divider sidecar (R0=992 ohm),,2,1173,0.3,1.3,420.1892,338.0,19.56,1.41901,3377.07,116.72,107.08,36.75,0.8904,1483.36,95.26,0.9978,ok,ok,0.2895995859018857,1.000000000001e-06,,0.021410457382628083,Original fit uncertainty only; clock aging and estimator systematic uncertainty unresolved
forward,trace307.csv,491.58,1268,divider sidecar (R0=992 ohm),,2,1266,2.2,0.1,394.2281,359.0,8.94,0.9281,2354.22,277.27,94.43,260.13,0.9369,1781.31,52.54,0.9987,ok,ok,0.2809894862016924,1.000000000001e-06,,0.02571099520025431,Original fit uncertainty only; clock aging and estimator systematic uncertainty unresolved
forward,trace308.csv,489.62,1137,divider sidecar (R0=992 ohm),,0,0,,,439.9252,438.0,0.44,,,,,,,385.47,6.06,0.9388,ok,map spans only 5 quantisation steps of 36 mV (under --min-steps),0.2981728407856462,1.000000000001e-06,,0.005563780206613127,Original fit uncertainty only; clock aging and estimator systematic uncertainty unresolved
forward,trace309.csv,490.62,1271,divider sidecar (R0=992 ohm),,2,1270,0.8,0.0,393.3173,356.0,9.49,0.93366,2373.8,395.98,89.95,385.23,0.9356,1751.18,24.97,0.9985,ok,ok,0.2781781091185037,1.000000000001e-06,,0.025276106109987227,Original fit uncertainty only; clock aging and estimator systematic uncertainty unresolved
forward,trace310.csv,489.98,1285,divider sidecar (R0=992 ohm),,2,1284,1.5,0.0,389.2547,354.0,9.06,0.81991,2106.35,461.76,94.61,451.7,0.9473,1664.97,16.0,0.9983,ok,ok,0.26260717853404003,1.000000000001e-06,,0.02403177194231628,Original fit uncertainty only; clock aging and estimator systematic uncertainty unresolved
forward,trace311.csv,488.07,1273,divider sidecar (R0=992 ohm),,2,1270,1.7,0.2,392.8168,347.505,11.54,0.86317,2197.37,361.79,90.61,349.85,0.942,1686.41,68.52,0.9981,ok,ok,0.27522824912481736,1.000000000001e-06,,0.024341231686601923,Original fit uncertainty only; clock aging and estimator systematic uncertainty unresolved
forward,trace312.csv,486.76,1285,divider sidecar (R0=992 ohm),,2,1282,2.9,0.2,389.0592,340.0,12.61,0.78246,2011.15,439.43,88.13,430.23,0.9567,1556.31,43.92,0.9978,ok,ok,0.30530932278808415,1.000000000001e-06,,0.022463399936062663,Original fit uncertainty only; clock aging and estimator systematic uncertainty unresolved
forward,trace313.csv,484.37,1284,divider sidecar (R0=992 ohm),,2,1277,0.9,0.5,389.2681,341.0,12.4,0.82622,2122.5,386.38,94.5,374.3,0.9437,1625.18,50.56,0.9978,ok,ok,0.30978960790611537,1.000000000001e-06,,0.023457452762039904,Original fit uncertainty only; clock aging and estimator systematic uncertainty unresolved
forward,trace314.csv,481.54,1286,divider sidecar (R0=992 ohm),,2,1285,2.1,0.0,388.7821,342.0,12.03,0.83077,2136.86,374.46,98.85,360.81,0.9284,1705.25,24.8,0.998,ok,ok,0.2914461782329335,1.000000000001e-06,,0.024613163663390236,Original fit uncertainty only; clock aging and estimator systematic uncertainty unresolved
forward,trace315.csv,478.28,1298,divider sidecar (R0=992 ohm),,2,1279,1.4,1.4,385.202,341.0,11.48,0.80558,2091.32,310.49,95.02,295.2,0.9423,1514.49,58.79,0.9974,ok,ok,0.2815317255035321,1.000000000001e-06,,0.021859780229624908,Original fit uncertainty only; clock aging and estimator systematic uncertainty unresolved
forward,trace316.csv,476.35,1277,divider sidecar (R0=992 ohm),,2,1264,2.8,0.9,391.2806,340.0,13.11,0.82741,2114.62,272.43,106.82,250.09,0.9236,1664.87,17.78,0.9981,ok,ok,0.34005451751279114,1.000000000001e-06,,0.024030328566643305,Original fit uncertainty only; clock aging and estimator systematic uncertainty unresolved
forward,trace317.csv,473.55,1273,divider sidecar (R0=992 ohm),,2,1260,3.5,0.9,392.3915,340.0,13.35,0.7479,1905.99,228.07,115.65,195.99,0.929,1650.59,43.06,0.9985,ok,ok,0.2720992941765509,1.000000000001e-06,,0.023824214520542612,Original fit uncertainty only; clock aging and estimator systematic uncertainty unresolved
forward,trace318.csv,471.72,1271,divider sidecar (R0=992 ohm),,2,1257,0.9,1.0,393.4717,347.0,11.81,0.85287,2167.54,172.87,104.93,136.33,0.9429,1645.17,26.7,0.9987,ok,ok,0.3087217079442312,1.000000000001e-06,,0.02374598355906742,Original fit uncertainty only; clock aging and estimator systematic uncertainty unresolved
forward,trace319.csv,470.31,1276,divider sidecar (R0=992 ohm),,2,1273,2.4,0.2,391.6863,349.0,10.9,0.81079,2069.99,191.56,103.85,160.24,0.94,1602.33,36.79,0.9985,ok,ok,0.30698462919868735,1.000000000001e-06,,0.023127641420765326,Original fit uncertainty only; clock aging and estimator systematic uncertainty unresolved
forward,trace320.csv,468.43,1263,divider sidecar (R0=992 ohm),,2,1261,1.5,0.1,395.561,360.0,8.99,0.94577,2390.96,176.18,105.73,139.87,0.9369,1750.98,49.96,0.999,ok,ok,0.28420588072112024,1.000000000001e-06,,0.025273219358641276,Original fit uncertainty only; clock aging and estimator systematic uncertainty unresolved
forward,trace321.csv,467.22,1264,divider sidecar (R0=992 ohm),,2,1259,1.1,0.3,395.4964,354.0,10.49,0.84861,2145.69,191.62,103.46,160.5,0.9544,1647.61,24.92,0.9989,ok,ok,0.2532236457054745,1.000000000001e-06,,0.023781201925487983,Original fit uncertainty only; clock aging and estimator systematic uncertainty unresolved
forward,trace322.csv,465.08,1269,divider sidecar (R0=992 ohm),,2,1258,1.0,0.8,394.0844,355.0,9.92,0.87887,2230.16,236.97,103.16,212.7,0.9498,1636.65,14.75,0.9989,ok,ok,0.3162275428871175,1.000000000001e-06,,0.023623007951730026,Original fit uncertainty only; clock aging and estimator systematic uncertainty unresolved
forward,trace323.csv,463.91,1259,divider sidecar (R0=992 ohm),,2,1251,1.4,0.6,397.2989,359.0,9.64,0.87823,2210.5,289.96,97.48,272.61,0.9568,1589.35,23.4,0.9992,ok,ok,0.2948167647373474,1.000000000001e-06,,0.022940291258413292,Original fit uncertainty only; clock aging and estimator systematic uncertainty unresolved
forward,trace324.csv,463.85,1320,divider sidecar (R0=992 ohm),,3,1099,1.7,16.7,378.7847,356.0,6.02,-0.75063,-1981.68,530.16,117.53,516.86,0.9998,550.09,5.42,0.985,ok,ok,0.2785530585187849,1.000000000001e-06,,0.007939865239463034,Original fit uncertainty only; clock aging and estimator systematic uncertainty unresolved
forward,trace325.csv,461.25,1271,divider sidecar (R0=992 ohm),,2,1266,1.1,0.3,393.3071,362.01,7.96,0.72138,1834.13,485.8,104.41,474.29,0.9703,1354.22,29.45,0.9983,ok,ok,0.30988141219019394,1.000000000001e-06,,0.01954648203854938,Original fit uncertainty only; clock aging and estimator systematic uncertainty unresolved
forward,trace326.csv,459.21,1274,divider sidecar (R0=992 ohm),,2,1272,0.5,0.1,392.5436,364.01,7.27,0.83608,2129.91,482.37,93.64,472.97,0.961,1511.21,74.2,0.9978,ok,ok,0.3168823697650959,1.000000000001e-06,,0.021812437507551363,Original fit uncertainty only; clock aging and estimator systematic uncertainty unresolved
forward,trace327.csv,457.83,1251,divider sidecar (R0=992 ohm),,2,1248,2.4,0.2,399.5208,372.0,6.89,0.81646,2043.59,673.31,101.88,665.41,0.9566,1618.61,27.9,0.9984,ok,ok,0.28879763654906543,1.000000000001e-06,,0.023362622980325504,Original fit uncertainty only; clock aging and estimator systematic uncertainty unresolved
forward,trace328.csv,456.59,1235,divider sidecar (R0=992 ohm),,2,1233,0.9,0.1,404.4263,376.005,7.03,0.93026,2300.2,542.52,89.68,534.81,0.9495,1724.17,31.66,0.9986,ok,ok,0.31618924638183493,1.000000000001e-06,,0.02488625034071693,Original fit uncertainty only; clock aging and estimator systematic uncertainty unresolved
forward,trace329.csv,455.63,1252,divider sidecar (R0=992 ohm),,2,1242,0.6,0.7,399.0448,379.0,5.02,0.72398,1814.28,630.44,87.44,624.23,0.9674,1442.27,92.69,0.9982,ok,ok,0.3020863709146426,1.000000000001e-06,,0.02081737431860304,Original fit uncertainty only; clock aging and estimator systematic uncertainty unresolved
forward,trace330.csv,466.88,1312,divider sidecar (R0=992 ohm),,2,1270,4.2,3.1,381.0511,358.0,6.05,-0.49725,-1304.95,916.17,139.03,905.53,0.9993,856.63,120.34,0.9905,ok,ok,0.20025565681402452,1.000000000001e-06,,0.01236438902739773,Original fit uncertainty only; clock aging and estimator systematic uncertainty unresolved
forward,trace331.csv,465.98,1262,divider sidecar (R0=992 ohm),,2,1249,1.3,1.0,396.1586,365.0,7.87,0.53885,1360.2,334.51,109.47,315.94,0.9739,1577.45,30.34,0.9983,ok,ok,0.23055911970255277,1.000000000001e-06,,0.022768529553329385,Original fit uncertainty only; clock aging and estimator systematic uncertainty unresolved
forward,trace332.csv,464.55,1268,divider sidecar (R0=992 ohm),,2,1262,4.1,0.4,394.5075,367.0,6.97,0.48007,1216.88,651.31,110.61,641.79,0.9752,1592.52,39.62,0.9977,ok,ok,0.2240792960154531,1.000000000001e-06,,0.02298604626724657,Original fit uncertainty only; clock aging and estimator systematic uncertainty unresolved
forward,trace333.csv,459.09,1249,divider sidecar (R0=992 ohm),,2,1244,1.8,0.3,400.0641,374.495,6.39,0.73112,1827.5,507.81,91.13,499.4,0.9684,1754.48,43.91,0.9987,ok,ok,0.2373322934856995,1.000000000001e-06,,0.02532373750719537,Original fit uncertainty only; clock aging and estimator systematic uncertainty unresolved
forward,trace334.csv,460.66,1258,divider sidecar (R0=992 ohm),,2,1255,4.5,0.2,397.1623,375.0,5.58,0.5315,1338.24,714.5,102.82,707.01,0.9713,1615.96,25.79,0.9985,ok,ok,0.21902923739661173,1.000000000001e-06,,0.023324373524991695,Original fit uncertainty only; clock aging and estimator systematic uncertainty unresolved
forward,trace335.csv,458.79,1253,divider sidecar (R0=992 ohm),,2,1246,0.6,0.5,398.6014,380.0,4.67,0.63677,1597.51,512.49,91.51,504.13,0.9754,1627.04,28.3,0.9982,ok,ok,0.21331695144531168,1.000000000001e-06,,0.023484299549557223,Original fit uncertainty only; clock aging and estimator systematic uncertainty unresolved
forward,trace336.csv,457.06,1237,divider sidecar (R0=992 ohm),,2,1232,3.3,0.3,404.0833,388.0,3.98,0.65257,1614.95,642.27,101.03,634.18,0.9694,1742.84,35.45,0.9985,ok,ok,0.21529990309016062,1.000000000001e-06,,0.025155728578861183,Original fit uncertainty only; clock aging and estimator systematic uncertainty unresolved
forward,trace337.csv,456.59,1215,divider sidecar (R0=992 ohm),,2,1211,2.8,0.2,411.4967,398.0,3.28,0.72036,1750.59,593.41,109.42,583.1,0.964,1836.8,66.79,0.9985,ok,ok,0.2750871555303813,1.000000000001e-06,,0.026511924361187617,Original fit uncertainty only; clock aging and estimator systematic uncertainty unresolved
forward,trace338.csv,455.02,1212,divider sidecar (R0=992 ohm),,2,1210,2.1,0.1,412.1214,400.0,2.94,0.84201,2043.11,465.73,97.95,455.08,0.9586,1869.72,39.33,0.9985,ok,ok,0.25906941261735106,1.000000000001e-06,,0.02698708363273068,Original fit uncertainty only; clock aging and estimator systematic uncertainty unresolved
forward,trace339.csv,454.39,1193,divider sidecar (R0=992 ohm),,2,1192,0.9,0.0,418.8876,402.0,4.03,1.03201,2463.69,366.48,96.44,353.09,0.9414,1974.48,14.89,0.9986,ok,ok,0.26130866108301437,1.000000000001e-06,,0.02849916398773831,Original fit uncertainty only; clock aging and estimator systematic uncertainty unresolved
forward,trace340.csv,452.66,1179,divider sidecar (R0=992 ohm),,2,1178,6.0,0.0,424.1129,409.0,3.56,0.9021,2127.03,690.13,114.65,680.35,0.9497,1984.46,14.11,0.9981,ok,ok,0.24066272491136256,1.000000000001e-06,,0.028643212879901122,Original fit uncertainty only; clock aging and estimator systematic uncertainty unresolved
forward,trace341.csv,449.6,1179,divider sidecar (R0=992 ohm),,2,1177,2.2,0.1,424.0458,414.005,2.37,0.92543,2182.38,511.38,101.84,500.88,0.9623,1988.66,41.21,0.999,ok,ok,0.2644681388385456,1.000000000001e-06,,0.028703834658166033,Original fit uncertainty only; clock aging and estimator systematic uncertainty unresolved
forward,trace342.csv,450.2,1170,divider sidecar (R0=992 ohm),,2,1169,1.5,0.0,427.4611,420.0,1.75,1.00963,2361.92,428.94,108.66,414.57,0.9521,1976.85,26.78,0.9985,ok,ok,0.2630386298531154,1.000000000001e-06,,0.028533371991187793,Original fit uncertainty only; clock aging and estimator systematic uncertainty unresolved
forward,trace343.csv,448.44,1158,divider sidecar (R0=992 ohm),,2,1157,1.5,0.0,431.0882,419.99,2.57,1.06764,2476.62,426.43,105.46,412.73,0.9454,2053.86,37.0,0.9986,ok,ok,0.27251502648428133,1.000000000001e-06,,0.029644915596945123,Original fit uncertainty only; clock aging and estimator systematic uncertainty unresolved
forward,trace344.csv,448.86,1164,divider sidecar (R0=992 ohm),,2,1163,3.1,0.0,429.2175,421.0,1.91,0.98692,2299.35,611.67,108.82,601.72,0.9521,1774.07,115.06,0.9963,ok,ok,0.3039628177999837,1.000000000001e-06,,0.025606494801530988,Original fit uncertainty only; clock aging and estimator systematic uncertainty unresolved
forward,trace345.csv,446.5,1182,divider sidecar (R0=992 ohm),,2,1176,5.4,0.4,423.1948,404.0,4.54,0.71273,1684.16,684.82,113.13,675.29,0.9675,1827.06,27.34,0.9988,ok,ok,0.24978594673237597,1.000000000001e-06,,0.026371339570639942,Original fit uncertainty only; clock aging and estimator systematic uncertainty unresolved
forward,trace346.csv,445.5,1173,divider sidecar (R0=992 ohm),,2,1171,2.0,0.1,426.1843,408.505,4.15,0.91147,2138.67,499.53,109.65,487.06,0.9571,1907.99,18.27,0.9989,ok,ok,0.28094256519146704,1.000000000001e-06,,0.027539463502777854,Original fit uncertainty only; clock aging and estimator systematic uncertainty unresolved
forward,trace347.csv,443.7,1180,divider sidecar (R0=992 ohm),,2,1177,2.3,0.2,423.5997,393.0,7.22,0.97395,2299.21,477.26,101.54,465.96,0.9582,1935.87,37.06,0.9988,ok,ok,0.2654488063723644,1.000000000001e-06,,0.027941876640403023,Original fit uncertainty only; clock aging and estimator systematic uncertainty unresolved
forward,trace348.csv,442.72,1177,divider sidecar (R0=992 ohm),,2,1166,1.1,0.9,424.9481,396.995,6.58,0.92713,2181.76,516.26,99.05,506.36,0.9554,1870.74,49.12,0.9985,ok,ok,0.2890306381056047,1.000000000001e-06,,0.027001806064595017,Original fit uncertainty only; clock aging and estimator systematic uncertainty unresolved
forward,trace349.csv,442.39,1189,divider sidecar (R0=992 ohm),,2,1181,2.0,0.6,420.6625,385.0,8.48,0.96063,2283.62,437.37,98.98,425.64,0.9549,1865.62,20.16,0.999,ok,ok,0.23075244651637475,1.000000000001e-06,,0.026927905230138743,Original fit uncertainty only; clock aging and estimator systematic uncertainty unresolved
forward,trace350.csv,440.15,1173,divider sidecar (R0=992 ohm),,3,1162,2.5,0.9,425.9676,409.005,3.98,0.98024,2301.21,535.85,119.62,522.01,0.9544,1942.23,14.16,0.9991,ok,ok,0.24633682648983832,1.000000000001e-06,,0.028033675333204174,Original fit uncertainty only; clock aging and estimator systematic uncertainty unresolved
forward,trace351.csv,438.94,1187,divider sidecar (R0=992 ohm),,3,1174,4.8,1.0,421.2352,386.005,8.36,0.70781,1680.32,567.28,116.76,554.97,0.9508,1803.83,26.09,0.9983,ok,ok,0.25230619876172017,1.000000000001e-06,,0.026036043401808064,Original fit uncertainty only; clock aging and estimator systematic uncertainty unresolved
forward,trace352.csv,437.57,1169,divider sidecar (R0=992 ohm),,2,1153,4.8,1.3,427.72,392.0,8.35,0.70628,1651.26,552.75,107.87,541.95,0.9637,1793.53,84.49,0.9992,ok,ok,0.32420375331325957,1.000000000001e-06,,0.02588737570749174,Original fit uncertainty only; clock aging and estimator systematic uncertainty unresolved
forward,trace353.csv,435.71,1178,divider sidecar (R0=992 ohm),,2,1169,4.0,0.7,424.3857,380.995,10.22,0.74428,1753.77,418.57,109.37,403.74,0.9641,1767.19,18.58,0.9989,ok,ok,0.30776756207060463,1.000000000001e-06,,0.02550719055523037,Original fit uncertainty only; clock aging and estimator systematic uncertainty unresolved
forward,trace354.csv,433.52,1172,divider sidecar (R0=992 ohm),,2,1156,1.0,1.3,426.3706,376.0,11.81,0.79385,1861.88,249.36,110.78,222.82,0.9703,1698.19,43.02,0.999,ok,ok,0.2753678045140778,1.000000000001e-06,,0.02451126134087827,Original fit uncertainty only; clock aging and estimator systematic uncertainty unresolved
forward,trace355.csv,432.75,1219,divider sidecar (R0=992 ohm),,2,1193,3.4,2.1,410.1445,367.5,10.4,0.5045,1230.06,599.8,104.82,590.49,0.9816,1412.3,57.55,0.9959,ok,ok,0.23774529617222795,1.000000000001e-06,,0.02038479462941271,Original fit uncertainty only; clock aging and estimator systematic uncertainty unresolved
forward,trace356.csv,432.28,1205,divider sidecar (R0=992 ohm),,2,1175,0.9,2.4,414.7924,379.495,8.51,0.65794,1586.2,604.08,99.52,595.69,0.9771,1510.56,34.64,0.9973,ok,ok,0.33962378220146866,1.000000000001e-06,,0.021803055565677028,Original fit uncertainty only; clock aging and estimator systematic uncertainty unresolved
forward,trace357.csv,429.5,1147,divider sidecar (R0=992 ohm),,2,1136,1.8,0.9,435.8316,404.005,7.3,0.90098,2067.26,404.29,119.84,385.67,0.945,1784.56,33.56,0.9985,ok,ok,0.29906433416132056,1.000000000001e-06,,0.025757904909625966,Original fit uncertainty only; clock aging and estimator systematic uncertainty unresolved
forward,trace358.csv,427.39,1115,divider sidecar (R0=992 ohm),,2,1102,0.8,1.1,448.2424,441.5,1.5,0.92616,2066.19,241.45,112.71,212.72,0.9611,1752.6,25.24,0.9986,ok,ok,0.2539744818521946,1.000000000001e-06,,0.025296602044543454,Original fit uncertainty only; clock aging and estimator systematic uncertainty unresolved
forward,trace359.csv,423.41,1089,divider sidecar (R0=992 ohm),,2,1069,2.1,1.7,459.1268,455.995,0.68,1.00668,2192.6,290.82,107.77,269.29,0.957,1721.59,42.54,0.9986,ok,ok,0.2635368101304643,1.000000000001e-06,,0.0248490112483542,Original fit uncertainty only; clock aging and estimator systematic uncertainty unresolved
forward,trace360.csv,420.85,1059,divider sidecar (R0=992 ohm),,2,1046,1.1,1.1,472.2221,463.0,1.95,1.17734,2493.19,176.0,116.18,129.85,0.9262,1765.54,31.47,0.998,ok,ok,0.2649609499618586,1.000000000001e-06,,0.0254833748566263,Original fit uncertainty only; clock aging and estimator systematic uncertainty unresolved
forward,trace361.csv,418.8,1109,divider sidecar (R0=992 ohm),,2,1100,0.5,0.7,450.5316,456.0,-1.21,0.79523,1765.09,235.22,103.39,210.8,0.9829,1410.88,44.87,0.9972,ok,ok,0.2655018111342438,1.000000000001e-06,,0.020364298694856484,Original fit uncertainty only; clock aging and estimator systematic uncertainty unresolved
forward,trace362.csv,415.6,1157,divider sidecar (R0=992 ohm),,1,0,,75.0,432.1211,422.005,2.34,,,,,,0.3631,-24.17,5.48,0.0046,ok,only 25 % of points lie on a branch wide enough to fit,0.22232300341887307,1.000000000001e-06,,0.00034886390015783145,Original fit uncertainty only; clock aging and estimator systematic uncertainty unresolved
forward,trace363.csv,412.78,1070,divider sidecar (R0=992 ohm),,2,1063,2.1,0.6,467.1225,470.0,-0.62,0.78287,1675.94,320.06,107.45,301.11,0.9751,1407.5,90.21,0.9865,ok,ok,0.25763183951507573,1.000000000001e-06,,0.02031551259710996,Original fit uncertainty only; clock aging and estimator systematic uncertainty unresolved
forward,trace364.csv,408.98,1077,divider sidecar (R0=992 ohm),,2,1067,1.1,0.8,463.8699,472.0,-1.75,0.85459,1842.31,373.24,90.91,361.63,0.979,1396.64,47.96,0.9884,ok,ok,0.24298834598273902,1.000000000001e-06,,0.020158761999024975,Original fit uncertainty only; clock aging and estimator systematic uncertainty unresolved
forward,trace365.csv,405.89,1039,divider sidecar (R0=992 ohm),,2,1034,1.8,0.4,481.3391,469.0,2.56,1.03489,2150.02,360.54,94.88,347.17,0.9628,1688.76,16.8,0.9946,ok,ok,0.30053272841330203,1.000000000001e-06,,0.024375151014916812,Original fit uncertainty only; clock aging and estimator systematic uncertainty unresolved
forward,trace366.csv,400.89,978,divider sidecar (R0=992 ohm),,2,971,1.0,0.6,510.9273,490.0,4.1,1.27745,2500.26,399.41,93.02,387.59,0.938,1760.22,25.55,0.994,ok,ok,0.32797412437288803,1.000000000001e-06,,0.02540658727082408,Original fit uncertainty only; clock aging and estimator systematic uncertainty unresolved
forward,trace367.csv,399.99,974,divider sidecar (R0=992 ohm),,2,969,1.4,0.4,513.3751,495.0,3.58,1.09378,2130.57,433.62,103.11,420.77,0.9494,1728.95,36.82,0.9933,ok,ok,0.2458010897301028,1.000000000001e-06,,0.024955243697885092,Original fit uncertainty only; clock aging and estimator systematic uncertainty unresolved
forward,trace368.csv,397.48,974,divider sidecar (R0=992 ohm),,2,968,0.9,0.5,512.7657,499.0,2.68,0.9971,1944.55,421.2,100.61,408.71,0.9561,1685.02,34.05,0.9932,ok,ok,0.26343434871326105,1.000000000001e-06,,0.024321168764747582,Original fit uncertainty only; clock aging and estimator systematic uncertainty unresolved
forward,trace369.csv,394.47,930,divider sidecar (R0=992 ohm),,2,924,2.7,0.5,537.0947,506.0,5.79,1.13635,2115.73,348.87,103.66,332.52,0.951,1709.29,14.9,0.9921,ok,ok,0.3330770408175551,1.000000000001e-06,,0.024671476040578386,Original fit uncertainty only; clock aging and estimator systematic uncertainty unresolved
forward,trace370.csv,391.43,883,divider sidecar (R0=992 ohm),,2,878,2.2,0.5,566.78,518.0,8.61,1.35069,2383.09,158.24,105.33,115.2,0.8567,1664.22,54.19,0.9862,ok,ok,0.2805589153453805,1.000000000001e-06,,0.024020946624768977,Original fit uncertainty only; clock aging and estimator systematic uncertainty unresolved
forward,trace371.csv,387.98,870,divider sidecar (R0=992 ohm),,2,858,0.7,1.3,574.5466,525.0,8.62,1.10827,1928.95,165.3,109.64,121.72,0.9032,1200.77,45.84,0.9763,ok,ok,0.3683202236136059,1.000000000001e-06,,0.017331622068370675,Original fit uncertainty only; clock aging and estimator systematic uncertainty unresolved
forward,trace372.csv,386.84,777,divider sidecar (R0=992 ohm),,2,728,9.2,6.2,642.9188,537.0,16.47,0.39789,618.88,232.74,156.85,171.79,0.9307,915.38,64.06,0.9378,ok,ok,0.31283801948357104,1.000000000001e-06,,0.013212372235269993,Original fit uncertainty only; clock aging and estimator systematic uncertainty unresolved
forward,trace373.csv,386.4,755,divider sidecar (R0=992 ohm),,3,0,,1.2,662.2255,543.0,18.0,,,,,,0.1617,775.35,6.12,0.9893,ok,return map is not a curve within its branches (local fit R2 = 0.16),0.36177962839462624,1.000000000001e-06,,0.01119121328040441,Original fit uncertainty only; clock aging and estimator systematic uncertainty unresolved
forward,trace374.csv,384.95,792,divider sidecar (R0=992 ohm),,2,777,0.0,1.8,631.6372,541.0,14.35,0.88425,1399.94,125.9,120.54,32.67,0.9077,1206.98,59.64,0.9667,ok,ok,0.42682931305495453,1.000000000001e-06,,0.017421255697662365,Original fit uncertainty only; clock aging and estimator systematic uncertainty unresolved
forward,trace375.csv,383.03,825,divider sidecar (R0=992 ohm),,2,814,0.5,1.2,605.8362,538.0,11.2,1.32223,2182.48,110.62,107.95,5.75,0.8841,1568.99,36.24,0.9896,ok,ok,0.33022014104582953,1.000000000001e-06,,0.022646419971395777,Original fit uncertainty only; clock aging and estimator systematic uncertainty unresolved
forward,trace376.csv,380.79,781,divider sidecar (R0=992 ohm),,2,763,1.4,2.2,639.5526,578.0,9.62,1.11549,1744.18,138.07,112.95,77.2,0.9051,1465.92,22.42,0.9886,ok,ok,0.2652314402461602,1.000000000001e-06,,0.02115873266526141,Original fit uncertainty only; clock aging and estimator systematic uncertainty unresolved
forward,trace377.csv,378.01,844,divider sidecar (R0=992 ohm),,2,828,1.0,1.8,592.5409,614.0,-3.62,1.68462,2843.04,127.46,92.12,84.29,0.9556,1066.89,86.65,0.9887,ok,ok,0.3859336152421515,1.000000000001e-06,,0.015399230717392999,Original fit uncertainty only; clock aging and estimator systematic uncertainty unresolved
forward,trace378.csv,377.6,861,divider sidecar (R0=992 ohm),,0,0,,100.0,580.7756,613.0,-5.55,,,,,,,976.2,11.4,0.998,ok,"map is clusters, not a curve (no branch spans 0.10 V with 10 points)",0.3459708335678956,1.000000000001e-06,,0.01409023331957282,Original fit uncertainty only; clock aging and estimator systematic uncertainty unresolved
forward,trace379.csv,375.79,804,divider sidecar (R0=992 ohm),,2,788,1.1,1.9,621.3998,576.0,7.31,1.13873,1832.52,123.53,103.6,64.32,0.8895,1557.98,16.42,0.99,ok,ok,0.31866013057784764,1.000000000001e-06,,0.022487504309801332,Original fit uncertainty only; clock aging and estimator systematic uncertainty unresolved
forward,trace380.csv,374.1,832,divider sidecar (R0=992 ohm),,2,823,1.0,1.0,600.9242,562.01,6.48,1.21156,2016.16,131.87,106.05,75.34,0.8842,1599.18,9.29,0.9911,ok,ok,0.31045842282727665,1.000000000001e-06,,0.023082175087066645,Original fit uncertainty only; clock aging and estimator systematic uncertainty unresolved
forward,trace381.csv,373.37,828,divider sidecar (R0=992 ohm),,2,810,0.5,2.1,603.1717,560.0,7.16,1.0659,1767.15,157.76,115.37,106.01,0.9103,1559.53,32.03,0.993,ok,ok,0.33994187533507086,1.000000000001e-06,,0.02250987663273243,Original fit uncertainty only; clock aging and estimator systematic uncertainty unresolved
forward,trace382.csv,371.68,819,divider sidecar (R0=992 ohm),,2,809,2.5,1.1,610.2335,556.5,8.81,0.98099,1607.56,184.62,104.84,151.02,0.9235,1481.95,4.01,0.9909,ok,ok,0.3435424962802976,1.000000000001e-06,,0.02139010578563915,Original fit uncertainty only; clock aging and estimator systematic uncertainty unresolved
forward,trace383.csv,370.14,805,divider sidecar (R0=992 ohm),,2,798,3.5,0.7,621.051,567.5,8.62,1.00115,1612.03,182.64,112.66,142.79,0.9037,1502.4,27.53,0.992,ok,ok,0.361441073789683,1.000000000001e-06,,0.021685276110762347,Original fit uncertainty only; clock aging and estimator systematic uncertainty unresolved
forward,trace384.csv,369.29,821,divider sidecar (R0=992 ohm),,2,811,1.8,1.1,609.5817,561.0,7.97,1.18924,1950.9,156.01,110.05,108.78,0.8889,1554.0,26.45,0.9926,ok,ok,0.3956171224744205,1.000000000001e-06,,0.022430057958016964,Original fit uncertainty only; clock aging and estimator systematic uncertainty unresolved
forward,trace385.csv,367.02,781,divider sidecar (R0=992 ohm),,2,772,1.0,1.0,639.8564,585.5,8.5,1.1819,1847.13,193.63,96.85,166.59,0.9204,1562.35,7.31,0.9925,ok,ok,0.3839840060449287,1.000000000001e-06,,0.022550579826710295,Original fit uncertainty only; clock aging and estimator systematic uncertainty unresolved
forward,trace386.csv,364.02,868,divider sidecar (R0=992 ohm),,3,813,1.5,6.2,575.6286,531.0,7.75,1.35066,2346.41,242.73,114.46,213.3,0.9841,920.34,137.27,0.9937,ok,ok,0.4839918126460234,1.000000000001e-06,,0.013283963668649507,Original fit uncertainty only; clock aging and estimator systematic uncertainty unresolved
forward,trace387.csv,362.79,751,divider sidecar (R0=992 ohm),,2,745,1.2,0.7,665.5867,614.0,7.75,1.26865,1906.06,140.93,94.01,103.2,0.8998,1556.46,13.88,0.9903,ok,ok,0.25216206406617675,1.000000000001e-06,,0.022465564999572127,Original fit uncertainty only; clock aging and estimator systematic uncertainty unresolved
forward,trace388.csv,360.78,747,divider sidecar (R0=992 ohm),,2,744,0.1,0.3,668.7158,607.5,9.15,1.24494,1861.69,136.26,91.83,99.06,0.9168,1516.37,13.07,0.9907,ok,ok,0.40956884531264126,1.000000000001e-06,,0.021886915692276823,Original fit uncertainty only; clock aging and estimator systematic uncertainty unresolved
forward,trace389.csv,358.93,751,divider sidecar (R0=992 ohm),,2,737,1.8,1.7,665.0347,614.0,7.67,1.19186,1792.18,163.8,92.91,133.74,0.9215,1442.66,6.89,0.989,ok,ok,0.3335373722006675,1.000000000001e-06,,0.02082300348372764,Original fit uncertainty only; clock aging and estimator systematic uncertainty unresolved
forward,trace390.csv,357.12,752,divider sidecar (R0=992 ohm),,2,746,2.1,0.7,665.4394,603.0,9.38,1.16311,1747.88,182.98,96.54,154.56,0.921,1407.32,29.34,0.9887,ok,ok,0.38984306738424135,1.000000000001e-06,,0.020312914520898603,Original fit uncertainty only; clock aging and estimator systematic uncertainty unresolved
forward,trace391.csv,354.34,785,divider sidecar (R0=992 ohm),,1,392,11.2,50.0,637.5242,618.995,2.91,-3.18806,-5000.69,77.28,54.81,46.36,0.9501,688.88,6.37,0.988,ok,ok,0.28430178971351333,1.000000000001e-06,,0.009943126335983736,Original fit uncertainty only; clock aging and estimator systematic uncertainty unresolved
forward,trace392.csv,352.7,787,divider sidecar (R0=992 ohm),,0,0,,100.0,635.243,629.5,0.9,,,,,,,621.68,2.53,0.9561,ok,"map is clusters, not a curve (no branch spans 0.10 V with 10 points)",0.3501763633655117,1.000000000001e-06,,0.008973177883745164,Original fit uncertainty only; clock aging and estimator systematic uncertainty unresolved
forward,trace393.csv,350.07,796,divider sidecar (R0=992 ohm),,0,0,,100.0,628.3748,575.0,8.49,,,,,,,273.23,11.9,0.949,ok,"map is clusters, not a curve (no branch spans 0.10 V with 10 points)",0.41486629681791554,1.000000000001e-06,,0.003943735351267037,Original fit uncertainty only; clock aging and estimator systematic uncertainty unresolved
forward,trace394.csv,348.69,786,divider sidecar (R0=992 ohm),,0,0,,100.0,635.9936,587.0,7.7,,,,,,,86.56,2.83,0.384,ok,"map is clusters, not a curve (no branch spans 0.10 V with 10 points)",0.4545912640050144,1.000000000001e-06,,0.0012493859825263502,Original fit uncertainty only; clock aging and estimator systematic uncertainty unresolved
forward,trace395.csv,347.07,780,divider sidecar (R0=992 ohm),,1,0,,50.1,641.0411,692.0,-7.95,,,,,,0.1954,114.84,3.25,0.5337,ok,only 50 % of points lie on a branch wide enough to fit,0.28174919822705896,1.000000000001e-06,,0.001657572622843416,Original fit uncertainty only; clock aging and estimator systematic uncertainty unresolved
forward,trace396.csv,345.6,772,divider sidecar (R0=992 ohm),,1,0,,50.1,647.6589,696.0,-7.46,,,,,,0.6913,256.53,3.99,0.8121,ok,only 50 % of points lie on a branch wide enough to fit,0.26064981368781287,1.000000000001e-06,,0.0037026916138803673,Original fit uncertainty only; clock aging and estimator systematic uncertainty unresolved
forward,trace397.csv,343.06,703,divider sidecar (R0=992 ohm),,1,552,1.1,21.4,711.5684,636.0,10.62,0.53548,752.53,91.39,89.68,15.77,0.9727,1155.7,30.81,0.982,ok,ok,0.33870536911929167,1.000000000001e-06,,0.016681092652561264,Original fit uncertainty only; clock aging and estimator systematic uncertainty unresolved
forward,trace398.csv,340.38,694,divider sidecar (R0=992 ohm),,1,612,1.3,11.7,720.9942,637.0,11.65,0.49051,680.33,94.55,81.61,47.27,0.9525,1025.7,29.29,0.9753,ok,ok,0.3496774519619228,1.000000000001e-06,,0.01480470427769498,Original fit uncertainty only; clock aging and estimator systematic uncertainty unresolved
forward,trace399.csv,338.6,728,divider sidecar (R0=992 ohm),,1,726,0.3,0.1,686.6534,633.99,7.67,0.29914,435.65,62.12,55.41,27.92,0.986,720.75,18.63,0.9478,ok,ok,0.31829823359715587,1.000000000001e-06,,0.01040313016296057,Original fit uncertainty only; clock aging and estimator systematic uncertainty unresolved
forward,trace400.csv,334.08,694,divider sidecar (R0=992 ohm),,2,693,0.1,0.0,720.4084,691.99,3.94,0.06757,93.8,72.58,69.95,19.36,0.9884,996.87,2.8,0.9739,ok,ok,0.3674835073838302,1.000000000001e-06,,0.014388579071176558,Original fit uncertainty only; clock aging and estimator systematic uncertainty unresolved
forward,trace401.csv,331.51,687,divider sidecar (R0=992 ohm),,0,0,,100.0,727.981,722.5,0.75,,,,,,,671.44,2.62,0.9768,ok,"map is clusters, not a curve (no branch spans 0.10 V with 10 points)",0.3375512411597093,1.000000000001e-06,,0.00969140161861706,Original fit uncertainty only; clock aging and estimator systematic uncertainty unresolved
forward,trace402.csv,327.83,701,divider sidecar (R0=992 ohm),,0,0,,,712.43,708.5,0.55,,,,,,,523.34,10.1,0.9873,ok,map spans only 29 quantisation steps of 23 mV (under --min-steps),0.4034797512846214,1.000000000001e-06,,0.00755376224694247,Original fit uncertainty only; clock aging and estimator systematic uncertainty unresolved
forward,trace403.csv,327.91,758,divider sidecar (R0=992 ohm),,0,0,,,659.9868,660.0,-0.0,,,,,,,-185.72,10.72,0.4049,ok,map spread 0.059 V below --min-spread,0.32588576322534163,1.000000000001e-06,,0.002680637299847433,Original fit uncertainty only; clock aging and estimator systematic uncertainty unresolved
forward,trace404.csv,317.72,727,divider sidecar (R0=992 ohm),,0,0,,,687.5386,688.0,-0.07,,,,,,,40.84,5.03,0.6202,ok,map spread 0.026 V below --min-spread,0.40476797748036686,1.000000000001e-06,,0.0005894746248426081,Original fit uncertainty only; clock aging and estimator systematic uncertainty unresolved
forward,trace405.csv,314.71,705,divider sidecar (R0=992 ohm),,0,0,,,709.0014,709.0,0.0,,,,,,,84.64,3.87,0.9755,ok,map spread 0.033 V below --min-spread,0.3197909028643036,1.000000000001e-06,,0.0012216731696052484,Original fit uncertainty only; clock aging and estimator systematic uncertainty unresolved
forward,trace406.csv,314.04,1407,divider sidecar (R0=992 ohm),,0,0,,,355.3826,355.0,0.11,,,,,,,3.07,1.25,0.0197,ok,map spread 0.052 V below --min-spread,0.04699792891327612,1.000000000001e-06,,4.431163316030378e-05,Original fit uncertainty only; clock aging and estimator systematic uncertainty unresolved
forward,trace407.csv,290.39,1410,divider sidecar (R0=992 ohm),,0,0,,,354.6579,354.0,0.19,,,,,,,2.93,0.61,0.0155,ok,map spread 0.058 V below --min-spread,0.055558399184384516,1.000000000001e-06,,4.229090721814009e-05,Original fit uncertainty only; clock aging and estimator systematic uncertainty unresolved
forward,trace408.csv,274.35,1411,divider sidecar (R0=992 ohm),,0,0,,,354.3007,354.0,0.08,,,,,,,0.42,0.4,0.0002,ok,map spread 0.068 V below --min-spread,0.04268872370488665,1.000000000001e-06,,6.062177826491071e-06,Original fit uncertainty only; clock aging and estimator systematic uncertainty unresolved
forward,trace409.csv,249.45,1413,divider sidecar (R0=992 ohm),,0,0,,,353.7882,354.0,-0.06,,,,,,,1.11,0.72,0.0018,ok,map spread 0.077 V below --min-spread,0.05338722944470082,1.000000000001e-06,,1.6021469970012117e-05,Original fit uncertainty only; clock aging and estimator systematic uncertainty unresolved
forward,trace410.csv,220.33,1415,divider sidecar (R0=992 ohm),,0,0,,,353.2355,353.0,0.07,,,,,,,3.42,0.96,0.012,ok,map spread 0.069 V below --min-spread,0.05244367242492774,1.000000000001e-06,,4.936344801571301e-05,Original fit uncertainty only; clock aging and estimator systematic uncertainty unresolved
forward,trace411.csv,190.97,1418,divider sidecar (R0=992 ohm),,0,0,,,352.6704,353.0,-0.09,,,,,,,-0.36,1.01,0.0001,ok,map spread 0.065 V below --min-spread,0.046235814879776155,1.000000000001e-06,,5.196152422706632e-06,Original fit uncertainty only; clock aging and estimator systematic uncertainty unresolved
forward,trace412.csv,172.17,1419,divider sidecar (R0=992 ohm),,0,0,,,352.3759,353.0,-0.18,,,,,,,0.2,0.56,0.0,ok,map spread 0.054 V below --min-spread,0.045455954580042555,1.000000000001e-06,,2.8867513459481293e-06,Original fit uncertainty only; clock aging and estimator systematic uncertainty unresolved
forward,trace413.csv,148.92,1420,divider sidecar (R0=992 ohm),,0,0,,,351.9471,352.0,-0.02,,,,,,,2.4,1.09,0.0077,ok,map spread 0.056 V below --min-spread,0.05161825644800156,1.000000000001e-06,,3.464101615137755e-05,Original fit uncertainty only; clock aging and estimator systematic uncertainty unresolved
forward,trace414.csv,121.48,1422,divider sidecar (R0=992 ohm),,0,0,,,351.5538,352.0,-0.13,,,,,,,2.14,1.77,0.005,ok,map spread 0.049 V below --min-spread,0.04493987717985501,1.000000000001e-06,,3.0888239401644985e-05,Original fit uncertainty only; clock aging and estimator systematic uncertainty unresolved
forward,trace415.csv,91.89,1424,divider sidecar (R0=992 ohm),,0,0,,,351.0773,351.0,0.02,,,,,,,2.34,1.33,0.0057,ok,map spread 0.047 V below --min-spread,0.03919562323634495,1.000000000001e-06,,3.377499074759311e-05,Original fit uncertainty only; clock aging and estimator systematic uncertainty unresolved
forward,trace416.csv,62.13,1426,divider sidecar (R0=992 ohm),,0,0,,,350.6695,351.0,-0.09,,,,,,,5.66,1.23,0.0306,ok,map spread 0.055 V below --min-spread,0.04485067593453875,1.000000000001e-06,,8.169506309033205e-05,Original fit uncertainty only; clock aging and estimator systematic uncertainty unresolved
forward,trace417.csv,37.41,1427,divider sidecar (R0=992 ohm),,0,0,,,350.3107,350.0,0.09,,,,,,,0.78,0.69,0.0007,ok,map spread 0.054 V below --min-spread,0.04981870503443033,1.000000000001e-06,,1.1258330249197705e-05,Original fit uncertainty only; clock aging and estimator systematic uncertainty unresolved
forward,trace418.csv,3.66,1429,divider sidecar (R0=992 ohm),,0,0,,,349.8326,350.0,-0.05,,,,,,,2.19,0.63,0.0043,ok,map spread 0.068 V below --min-spread,0.04791772486306641,1.000000000001e-06,,3.1609927238132015e-05,Original fit uncertainty only; clock aging and estimator systematic uncertainty unresolved
