sweep,filename,rpot_ohm,dt_s,n_samples,u_r_total_ohm,uncertainty_status,CH1_quantum_V,CH1_quantum_grid_consistency,CH1_u_quantization_V,CH1_dc_reading_limit_V,CH2_quantum_V,CH2_quantum_grid_consistency,CH2_u_quantization_V,CH2_dc_reading_limit_V,CH3_quantum_V,CH3_quantum_grid_consistency,CH3_u_quantization_V,CH3_dc_reading_limit_V,u_r_block_5ms_ohm,u_r_block_10ms_ohm,u_r_block_ohm,block_ci95_low_ohm,block_ci95_high_ohm,block_duration_selected_s
forward,trace14.csv,870.5,3.999999999976245e-07,500000,,partial: calibration/probe/R0 terms unresolved,0.01205999999999996,1.0,0.0034814221232134317,,0.0120603,1.0,0.003481508725753822,,0.01205999999999996,1.0,0.0034814221232134317,,1.932664911242066,1.7006240291435761,1.932664911242066,866.7701668424949,873.9655065204481,0.005
forward,trace15.csv,881.24,3.999999999976245e-07,500000,,partial: calibration/probe/R0 terms unresolved,0.01205999999999996,1.0,0.0034814221232134317,,0.0120603,1.0,0.003481508725753822,,0.01205999999999996,1.0,0.0034814221232134317,,2.0176194854571694,2.4530346181982345,2.4530346181982345,877.1207571704687,886.3608111650368,0.01
forward,trace16.csv,887.71,3.999999999976245e-07,500000,,partial: calibration/probe/R0 terms unresolved,0.01205999999999996,1.0,0.0034814221232134317,,0.012060300000000003,1.0,0.003481508725753823,,0.01205999999999996,1.0,0.0034814221232134317,,1.5738214748886632,1.2758886972974643,1.5738214748886632,884.7689918348125,890.5979990617857,0.005
forward,trace17.csv,891.03,3.999999999976245e-07,500000,,partial: calibration/probe/R0 terms unresolved,0.01205999999999996,1.0,0.0034814221232134317,,0.0120603,1.0,0.003481508725753822,,0.01205999999999996,1.0,0.0034814221232134317,,1.2086546950200048,1.3704038269603487,1.3704038269603487,888.3873607903645,893.6522313869491,0.01
forward,trace18.csv,891.18,3.999999999976245e-07,500000,,partial: calibration/probe/R0 terms unresolved,0.01205999999999996,1.0,0.0034814221232134317,,0.0120603,1.0,0.003481508725753822,,0.01205999999999996,1.0,0.0034814221232134317,,1.2656357740468487,1.0136282664173704,1.2656357740468487,888.8962173532251,893.6114246829443,0.005
forward,trace19.csv,886.75,3.999999999976245e-07,500000,,partial: calibration/probe/R0 terms unresolved,0.01205999999999996,1.0,0.0034814221232134317,,0.012060299999999996,1.0,0.0034815087257538207,,0.01205999999999996,1.0,0.0034814221232134317,,1.0699447948640148,1.2435981250348214,1.2435981250348214,884.3597361398047,889.0263910307252,0.01
forward,trace20.csv,886.16,3.999999999976245e-07,500000,,partial: calibration/probe/R0 terms unresolved,0.01205999999999996,1.0,0.0034814221232134317,,0.012060299999999998,1.0,0.0034815087257538215,,0.01205999999999996,1.0,0.0034814221232134317,,0.7305828389987679,0.7541152699235759,0.7541152699235759,884.6721847913294,887.7005118947686,0.01
forward,trace21.csv,885.56,3.999999999976245e-07,500000,,partial: calibration/probe/R0 terms unresolved,0.01205999999999996,1.0,0.0034814221232134317,,0.012060299999999996,1.0,0.0034815087257538207,,0.01205999999999996,1.0,0.0034814221232134317,,0.7186304373392876,0.5783257389082961,0.7186304373392876,884.1575011707101,887.0111697256194,0.005
forward,trace22.csv,886.8,3.999999999976245e-07,500000,,partial: calibration/probe/R0 terms unresolved,0.01205999999999996,1.0,0.0034814221232134317,,0.012060299999999996,1.0,0.0034815087257538207,,0.01205999999999996,1.0,0.0034814221232134317,,0.737629857402845,0.9476674271523082,0.9476674271523082,885.0592396103938,888.7344689588675,0.01
forward,trace23.csv,886.28,3.999999999976245e-07,500000,,partial: calibration/probe/R0 terms unresolved,0.01205999999999996,1.0,0.0034814221232134317,,0.012060299999999996,1.0,0.0034815087257538207,,0.01205999999999996,1.0,0.0034814221232134317,,0.6031693093583453,0.5429436675195477,0.6031693093583453,885.169385980105,887.4926980734498,0.005
forward,trace24.csv,889.84,3.999999999976245e-07,500000,,partial: calibration/probe/R0 terms unresolved,0.01205999999999996,1.0,0.0034814221232134317,,0.012060299999999996,1.0,0.0034815087257538207,,0.01205999999999996,1.0,0.0034814221232134317,,0.672392141091608,0.4694125567018624,0.672392141091608,888.460706592626,891.1825640443503,0.005
forward,trace25.csv,886.37,3.999999999976245e-07,500000,,partial: calibration/probe/R0 terms unresolved,0.01205999999999996,1.0,0.0034814221232134317,,0.012060299999999996,1.0,0.0034815087257538207,,0.01205999999999996,1.0,0.0034814221232134317,,0.5412705940481761,0.5130368601981159,0.5412705940481761,885.4018363957557,887.4726764446257,0.005
forward,trace26.csv,884.81,3.999999999976245e-07,500000,,partial: calibration/probe/R0 terms unresolved,0.01205999999999996,1.0,0.0034814221232134317,,0.012060299999999996,1.0,0.0034815087257538207,,0.01205999999999996,1.0,0.0034814221232134317,,0.44008782990786965,0.427359751562917,0.44008782990786965,883.9686721678347,885.7462737584318,0.005
forward,trace27.csv,882.19,3.999999999976245e-07,500000,,partial: calibration/probe/R0 terms unresolved,0.01205999999999996,1.0,0.0034814221232134317,,0.012060299999999996,1.0,0.0034815087257538207,,0.01205999999999996,1.0,0.0034814221232134317,,0.44586484510266294,0.4564522415554864,0.4564522415554864,881.252056413254,883.0990639102068,0.01
forward,trace28.csv,879.88,3.999999999976245e-07,500000,,partial: calibration/probe/R0 terms unresolved,0.01205999999999996,1.0,0.0034814221232134317,,0.012060299999999996,1.0,0.0034815087257538207,,0.01205999999999996,1.0,0.0034814221232134317,,0.3892032815622269,0.2752491399710059,0.3892032815622269,879.1663028617885,880.6900272165598,0.005
forward,trace29.csv,877.59,3.999999999976245e-07,500000,,partial: calibration/probe/R0 terms unresolved,0.01205999999999996,1.0,0.0034814221232134317,,0.012060299999999996,1.0,0.0034815087257538207,,0.01205999999999996,1.0,0.0034814221232134317,,0.3788401513862513,0.34703632044018295,0.3788401513862513,876.8548423831771,878.3413152415895,0.005
forward,trace30.csv,875.85,3.999999999976245e-07,500000,,partial: calibration/probe/R0 terms unresolved,0.01205999999999996,1.0,0.0034814221232134317,,0.012060299999999996,1.0,0.0034815087257538207,,0.01205999999999996,1.0,0.0034814221232134317,,0.3304514684269788,0.296737576228684,0.3304514684269788,875.2039866959988,876.4753822402556,0.005
forward,trace31.csv,873.7,3.999999999976245e-07,500000,,partial: calibration/probe/R0 terms unresolved,0.01205999999999996,1.0,0.0034814221232134317,,0.012060299999999996,1.0,0.0034815087257538207,,0.01205999999999996,1.0,0.0034814221232134317,,0.40406315977223317,0.34857428361690523,0.40406315977223317,872.8700952615707,874.509794652996,0.005
forward,trace32.csv,872.39,3.999999999976245e-07,500000,,partial: calibration/probe/R0 terms unresolved,0.01205999999999996,1.0,0.0034814221232134317,,0.012060299999999996,1.0,0.0034815087257538207,,0.01205999999999996,1.0,0.0034814221232134317,,0.3080156234461053,0.34176674092310305,0.34176674092310305,871.5891865514694,872.9654752364021,0.01
forward,trace33.csv,870.74,3.999999999976245e-07,500000,,partial: calibration/probe/R0 terms unresolved,0.01205999999999996,1.0,0.0034814221232134317,,0.012060299999999996,1.0,0.0034815087257538207,,0.01205999999999996,1.0,0.0034814221232134317,,0.27143957266394886,0.2380497410525314,0.27143957266394886,870.1957446057361,871.292133152032,0.005
forward,trace34.csv,868.34,3.999999999976245e-07,500000,,partial: calibration/probe/R0 terms unresolved,0.01205999999999996,1.0,0.0034814221232134317,,0.012060299999999996,1.0,0.0034815087257538207,,0.01205999999999996,1.0,0.0034814221232134317,,0.2954731569351065,0.3090334484663301,0.3090334484663301,867.7717810074159,868.9665175881522,0.01
forward,trace35.csv,867.4,3.999999999976245e-07,500000,,partial: calibration/probe/R0 terms unresolved,0.01205999999999996,1.0,0.0034814221232134317,,0.012060299999999996,1.0,0.0034815087257538207,,0.01205999999999996,1.0,0.0034814221232134317,,0.2975187309629502,0.3083675285886211,0.3083675285886211,866.8348812861677,868.0489577103467,0.01
forward,trace36.csv,863.69,3.999999999976245e-07,500000,,partial: calibration/probe/R0 terms unresolved,0.01205999999999996,1.0,0.0034814221232134317,,0.012060299999999996,1.0,0.0034815087257538207,,0.01205999999999996,1.0,0.0034814221232134317,,0.2516858551380785,0.27487585477060084,0.27487585477060084,863.1758257076236,864.2662476728467,0.01
forward,trace37.csv,867.49,3.999999999976245e-07,500000,,partial: calibration/probe/R0 terms unresolved,0.014070000000000249,1.0,0.0040616591437490895,,0.014070350000000002,1.0,0.004061760180046127,,0.014070000000000027,1.0,0.004061659143749025,,0.23118580264033312,0.23925758121879862,0.23925758121879862,867.0200871211425,868.0012389764113,0.01
forward,trace38.csv,864.81,3.999999999976245e-07,500000,,partial: calibration/probe/R0 terms unresolved,0.014070000000000249,1.0,0.0040616591437490895,,0.014070350000000002,1.0,0.004061760180046127,,0.014070000000000027,1.0,0.004061659143749025,,0.22883358594446856,0.2137826647069607,0.22883358594446856,864.3950453356043,865.2822979455502,0.005
forward,trace39.csv,862.94,3.999999999976245e-07,500000,,partial: calibration/probe/R0 terms unresolved,0.014070000000000249,1.0,0.0040616591437490895,,0.014070350000000002,1.0,0.004061760180046127,,0.014070000000000027,1.0,0.004061659143749025,,0.19538148569880784,0.24336270525523498,0.24336270525523498,862.4266342518376,863.3614202762594,0.01
forward,trace40.csv,860.39,3.999999999976245e-07,500000,,partial: calibration/probe/R0 terms unresolved,0.016080000000000094,1.0,0.004641896164284618,,0.016080399999999995,1.0,0.004642011634338428,,0.016080399999999995,1.0,0.004642011634338428,,0.1908218111638502,0.17316133493060828,0.1908218111638502,860.0267429355206,860.7828054975827,0.005
forward,trace41.csv,854.29,3.999999999976245e-07,500000,,partial: calibration/probe/R0 terms unresolved,0.018090000000000273,1.0,0.005222133184820244,,0.018090455,1.0,0.005222264532006406,,0.01809039999999995,1.0,0.005222248654873989,,0.13493525200801887,0.11743796091434835,0.13493525200801887,854.0224409497341,854.5510348376595,0.005
forward,trace42.csv,852.85,3.999999999976245e-07,500000,,partial: calibration/probe/R0 terms unresolved,0.01809000000000016,1.0,0.0052221331848202115,,0.0180904552,1.0,0.0052222645897414335,,0.018090400000000062,1.0,0.005222248654874021,,0.1534054289619639,0.13289199145623407,0.1534054289619639,852.5708853238797,853.1423676804676,0.005
forward,trace43.csv,862.13,3.999999999976245e-07,500000,,partial: calibration/probe/R0 terms unresolved,0.020100499999999855,1.0,0.005802514542922995,,0.020100499999999997,1.0,0.0058025145429230355,,0.020100499999999966,1.0,0.005802514542923027,,0.1833368064172718,0.17732134382269119,0.1833368064172718,861.7936422194474,862.4840066672456,0.005
forward,trace44.csv,844.53,3.999999999976245e-07,500000,,partial: calibration/probe/R0 terms unresolved,0.022513000000000005,1.0,0.006498943305133024,,0.022512599999999994,1.0,0.006498827835079183,,0.022512599999999994,1.0,0.006498827835079183,,0.150855818729129,0.1324888425847546,0.150855818729129,844.2240253500039,844.8001561656096,0.005
forward,trace45.csv,840.53,3.999999999976245e-07,500000,,partial: calibration/probe/R0 terms unresolved,0.022513000000000005,1.0,0.006498943305133024,,0.022512599999999994,1.0,0.006498827835079183,,0.022512599999999994,1.0,0.006498827835079183,,0.17722098296638925,0.19004931351103052,0.19004931351103052,840.1474191167894,840.9094170876518,0.01
forward,trace46.csv,837.81,3.999999999976245e-07,500000,,partial: calibration/probe/R0 terms unresolved,0.022513000000000005,1.0,0.006498943305133024,,0.022512599999999994,1.0,0.006498827835079183,,0.022512599999999994,1.0,0.006498827835079183,,0.12760338355534073,0.1459495708663122,0.1459495708663122,837.532075000865,838.1274332609162,0.01
forward,trace47.csv,834.98,3.999999999976245e-07,500000,,partial: calibration/probe/R0 terms unresolved,0.022513000000000005,1.0,0.006498943305133024,,0.022512599999999994,1.0,0.006498827835079183,,0.022512599999999994,1.0,0.006498827835079183,,0.14113345468199523,0.16312943604337837,0.16312943604337837,834.6602063531762,835.2828817537682,0.01
forward,trace48.csv,830.85,3.999999999976245e-07,500000,,partial: calibration/probe/R0 terms unresolved,0.022513000000000005,1.0,0.006498943305133024,,0.022512599999999994,1.0,0.006498827835079183,,0.022512599999999994,1.0,0.006498827835079183,,0.11768538451284373,0.13096689376704526,0.13096689376704526,830.6133188479125,831.0875579860341,0.01
forward,trace49.csv,828.92,3.999999999976245e-07,500000,,partial: calibration/probe/R0 terms unresolved,0.022513000000000005,1.0,0.006498943305133024,,0.022512599999999994,1.0,0.006498827835079183,,0.022512599999999994,1.0,0.006498827835079183,,0.13064592328281058,0.11900535050462863,0.13064592328281058,828.6680948023788,829.174931257675,0.005
forward,trace50.csv,825.96,3.999999999976245e-07,500000,,partial: calibration/probe/R0 terms unresolved,0.022513000000000005,1.0,0.006498943305133024,,0.022512599999999994,1.0,0.006498827835079183,,0.022512599999999994,1.0,0.006498827835079183,,0.15452978879415574,0.1676646227101215,0.1676646227101215,825.6002241375181,826.2793422057368,0.01
forward,trace51.csv,818.55,3.999999999976245e-07,500000,,partial: calibration/probe/R0 terms unresolved,0.024120999999999837,1.0,0.006963132921561435,,0.024120599999999992,1.0,0.006963017451507641,,0.024120600000000048,1.0,0.006963017451507658,,0.12139867537218213,0.07608968271459357,0.12139867537218213,818.3302970221218,818.8093009462287,0.005
forward,trace52.csv,816.17,3.999999999976245e-07,500000,,partial: calibration/probe/R0 terms unresolved,0.024120999999999837,1.0,0.006963132921561435,,0.024120599999999992,1.0,0.006963017451507641,,0.024120600000000048,1.0,0.006963017451507658,,0.12168961296921671,0.10829076497233274,0.12168961296921671,815.9094242173319,816.3687141907875,0.005
forward,trace53.csv,810.33,3.999999999976245e-07,500000,,partial: calibration/probe/R0 terms unresolved,0.024120999999999837,1.0,0.006963132921561435,,0.024120599999999992,1.0,0.006963017451507641,,0.024120600000000048,1.0,0.006963017451507658,,0.12521951322619498,0.1332101337285826,0.1332101337285826,810.0669708702442,810.5534036324539,0.01
forward,trace54.csv,804.36,3.999999999976245e-07,500000,,partial: calibration/probe/R0 terms unresolved,0.024120999999999837,1.0,0.006963132921561435,,0.024120599999999992,1.0,0.006963017451507641,,0.024120600000000048,1.0,0.006963017451507658,,0.1158010981775598,0.10472013649753492,0.1158010981775598,804.1464828544578,804.5781984153368,0.005
forward,trace55.csv,800.72,3.999999999976245e-07,500000,,partial: calibration/probe/R0 terms unresolved,0.024120999999999837,1.0,0.006963132921561435,,0.024120599999999992,1.0,0.006963017451507641,,0.024120600000000048,1.0,0.006963017451507658,,0.13248490856688608,0.13832435550668454,0.13832435550668454,800.4840708619427,801.0165553519777,0.01
forward,trace56.csv,794.62,3.999999999976245e-07,500000,,partial: calibration/probe/R0 terms unresolved,0.024120999999999837,1.0,0.006963132921561435,,0.024120599999999992,1.0,0.006963017451507641,,0.024120600000000048,1.0,0.006963017451507658,,0.1529105387077847,0.14325711063249355,0.1529105387077847,794.2977792017128,794.913124032532,0.005
forward,trace57.csv,791.62,3.999999999976245e-07,500000,,partial: calibration/probe/R0 terms unresolved,0.024120999999999837,1.0,0.006963132921561435,,0.024120599999999992,1.0,0.006963017451507641,,0.024120600000000048,1.0,0.006963017451507658,,0.1183727404410173,0.11165139756341362,0.1183727404410173,791.3751276674783,791.8362736212036,0.005
forward,trace58.csv,787.77,3.999999999976245e-07,500000,,partial: calibration/probe/R0 terms unresolved,0.024120999999999837,1.0,0.006963132921561435,,0.024120599999999992,1.0,0.006963017451507641,,0.024120600000000048,1.0,0.006963017451507658,,0.11999900543441985,0.12617708722890308,0.12617708722890308,787.5323305009922,788.0191871350705,0.01
forward,trace59.csv,783.5,3.999999999976245e-07,500000,,partial: calibration/probe/R0 terms unresolved,0.024120999999999837,1.0,0.006963132921561435,,0.024120599999999992,1.0,0.006963017451507641,,0.024120600000000048,1.0,0.006963017451507658,,0.13399506321784388,0.11667348104478292,0.13399506321784388,783.2551268388568,783.7781185246505,0.005
forward,trace60.csv,780.09,3.999999999976245e-07,500000,,partial: calibration/probe/R0 terms unresolved,0.024120999999999837,1.0,0.006963132921561435,,0.024120599999999992,1.0,0.006963017451507641,,0.024120600000000048,1.0,0.006963017451507658,,0.131569767400794,0.13705963252672299,0.13705963252672299,779.8320135375433,780.3586221086595,0.01
forward,trace61.csv,779.78,3.999999999976245e-07,500000,,partial: calibration/probe/R0 terms unresolved,0.026532999999999696,1.0,0.007659417346204083,,0.026532699999999965,1.0,0.007659330743663782,,0.0265327,1.0,0.007659330743663792,,0.1339519532965857,0.11515001875758397,0.1339519532965857,779.4981208335983,780.0200461730318,0.005
forward,trace62.csv,773.79,3.999999999976245e-07,500000,,partial: calibration/probe/R0 terms unresolved,0.026532999999999696,1.0,0.007659417346204083,,0.026532699999999965,1.0,0.007659330743663782,,0.026532699999999992,1.0,0.00765933074366379,,0.13006128489420565,0.1308916682307603,0.1308916682307603,773.5458267725141,774.0551139527165,0.01
forward,trace63.csv,777.62,3.999999999976245e-07,500000,,partial: calibration/probe/R0 terms unresolved,0.026532999999999696,1.0,0.007659417346204083,,0.026532699999999965,1.0,0.007659330743663782,,0.0265327,1.0,0.007659330743663792,,0.1471974250336571,0.14023173214519175,0.1471974250336571,777.3345980313969,777.8985122374513,0.005
forward,trace64.csv,779.93,3.999999999976245e-07,500000,,partial: calibration/probe/R0 terms unresolved,0.026532999999999696,1.0,0.007659417346204083,,0.026532699999999965,1.0,0.007659330743663782,,0.0265327,1.0,0.007659330743663792,,0.15359641787468087,0.13768927121200017,0.15359641787468087,779.6042683729478,780.2488409123935,0.005
forward,trace65.csv,781.94,3.999999999976245e-07,500000,,partial: calibration/probe/R0 terms unresolved,0.026532999999999696,1.0,0.007659417346204083,,0.026532699999999965,1.0,0.007659330743663782,,0.026532699999999992,1.0,0.00765933074366379,,0.09909571354283044,0.09156432080499778,0.09909571354283044,781.7567158606606,782.1528871967266,0.005
forward,trace66.csv,783.01,3.999999999976245e-07,500000,,partial: calibration/probe/R0 terms unresolved,0.026532999999999696,1.0,0.007659417346204083,,0.026532699999999965,1.0,0.007659330743663782,,0.026532699999999992,1.0,0.00765933074366379,,0.1449184346490095,0.1700884337028039,0.1700884337028039,782.6883451890765,783.3537501601373,0.01
forward,trace67.csv,774.55,3.999999999976245e-07,500000,,partial: calibration/probe/R0 terms unresolved,0.026532999999999696,1.0,0.007659417346204083,,0.026532699999999965,1.0,0.007659330743663782,,0.026532699999999992,1.0,0.00765933074366379,,0.13983990501601418,0.13045090116173955,0.13983990501601418,774.2741337135619,774.8214870025711,0.005
forward,trace68.csv,773.58,3.999999999976245e-07,500000,,partial: calibration/probe/R0 terms unresolved,0.026532999999999696,1.0,0.007659417346204083,,0.026532699999999965,1.0,0.007659330743663782,,0.026532699999999992,1.0,0.00765933074366379,,0.13816526835407683,0.12036538461841195,0.13816526835407683,773.3109406818453,773.8583061759839,0.005
forward,trace69.csv,772.74,3.999999999976245e-07,500000,,partial: calibration/probe/R0 terms unresolved,0.026532999999999696,1.0,0.007659417346204083,,0.026532699999999965,1.0,0.007659330743663782,,0.026532699999999992,1.0,0.00765933074366379,,0.1744472248313534,0.1887164160488627,0.1887164160488627,772.3571797522693,773.0716489346626,0.01
forward,trace70.csv,771.84,3.999999999976245e-07,500000,,partial: calibration/probe/R0 terms unresolved,0.026532999999999696,1.0,0.007659417346204083,,0.026532699999999965,1.0,0.007659330743663782,,0.026532699999999992,1.0,0.00765933074366379,,0.1507552023915598,0.1566196440890534,0.1566196440890534,771.5071537877949,772.1159163820798,0.01
forward,trace71.csv,771.46,3.999999999976245e-07,500000,,partial: calibration/probe/R0 terms unresolved,0.026532999999999696,1.0,0.007659417346204083,,0.026532699999999965,1.0,0.007659330743663782,,0.026532699999999992,1.0,0.00765933074366379,,0.12175971443983974,0.14455059770702666,0.14455059770702666,771.1632979577462,771.7303160667349,0.01
forward,trace72.csv,770.49,3.999999999976245e-07,500000,,partial: calibration/probe/R0 terms unresolved,0.026532999999999696,1.0,0.007659417346204083,,0.026532699999999965,1.0,0.007659330743663782,,0.026532699999999992,1.0,0.00765933074366379,,0.1190300170158649,0.12771806681724027,0.12771806681724027,770.2489465452909,770.7302148254638,0.01
forward,trace73.csv,770.17,3.999999999976245e-07,500000,,partial: calibration/probe/R0 terms unresolved,0.026532999999999696,1.0,0.007659417346204083,,0.026532699999999965,1.0,0.007659330743663782,,0.026532699999999992,1.0,0.00765933074366379,,0.16539792807260786,0.17979144130814087,0.17979144130814087,769.8414114299469,770.533052925253,0.01
forward,trace74.csv,769.54,3.999999999976245e-07,500000,,partial: calibration/probe/R0 terms unresolved,0.026532999999999696,1.0,0.007659417346204083,,0.026532699999999965,1.0,0.007659330743663782,,0.026532699999999992,1.0,0.00765933074366379,,0.1691623477921214,0.18306571072106415,0.18306571072106415,769.1704163030277,769.900746622558,0.01
forward,trace75.csv,768.68,3.999999999976245e-07,500000,,partial: calibration/probe/R0 terms unresolved,0.026532999999999696,1.0,0.007659417346204083,,0.026532699999999965,1.0,0.007659330743663782,,0.026532699999999992,1.0,0.00765933074366379,,0.13934958180726698,0.16981224473690612,0.16981224473690612,768.3520144410837,768.980325981559,0.01
forward,trace76.csv,767.58,3.999999999976245e-07,500000,,partial: calibration/probe/R0 terms unresolved,0.026532999999999696,1.0,0.007659417346204083,,0.026532699999999965,1.0,0.007659330743663782,,0.026532699999999992,1.0,0.00765933074366379,,0.12925399532878026,0.12192161434938764,0.12925399532878026,767.3184996890283,767.8194523793345,0.005
forward,trace77.csv,766.42,3.999999999976245e-07,500000,,partial: calibration/probe/R0 terms unresolved,0.026532999999999696,1.0,0.007659417346204083,,0.026532699999999965,1.0,0.007659330743663782,,0.026532699999999992,1.0,0.00765933074366379,,0.1620284717219596,0.18172391711546582,0.18172391711546582,766.0522629016888,766.7570704576823,0.01
forward,trace78.csv,764.95,3.999999999976245e-07,500000,,partial: calibration/probe/R0 terms unresolved,0.026532999999999696,1.0,0.007659417346204083,,0.026532699999999965,1.0,0.007659330743663782,,0.026532699999999992,1.0,0.00765933074366379,,0.2175666327501197,0.21661834205948965,0.2175666327501197,764.5547894034836,765.3956670123947,0.005
forward,trace79.csv,764.17,3.999999999976245e-07,500000,,partial: calibration/probe/R0 terms unresolved,0.026532999999999696,1.0,0.007659417346204083,,0.026532699999999965,1.0,0.007659330743663782,,0.026532699999999992,1.0,0.00765933074366379,,0.11952531181404831,0.11070198008531652,0.11952531181404831,763.8800570047772,764.374046677439,0.005
forward,trace80.csv,762.18,3.999999999976245e-07,500000,,partial: calibration/probe/R0 terms unresolved,0.026532999999999696,1.0,0.007659417346204083,,0.026532699999999965,1.0,0.007659330743663782,,0.026532699999999992,1.0,0.00765933074366379,,0.1053973454839867,0.10924361653888202,0.10924361653888202,761.9736025206965,762.4005534066055,0.01
forward,trace81.csv,761.05,3.999999999976245e-07,500000,,partial: calibration/probe/R0 terms unresolved,0.026532999999999696,1.0,0.007659417346204083,,0.026532699999999965,1.0,0.007659330743663782,,0.026532699999999992,1.0,0.00765933074366379,,0.12958216223156407,0.15799973345557153,0.15799973345557153,760.747533997213,761.358536384793,0.01
forward,trace82.csv,760.17,3.999999999976245e-07,500000,,partial: calibration/probe/R0 terms unresolved,0.026532999999999696,1.0,0.007659417346204083,,0.026532699999999965,1.0,0.007659330743663782,,0.026532699999999992,1.0,0.00765933074366379,,0.15042796820898668,0.11765036024897745,0.15042796820898668,759.8717867340931,760.4782737024152,0.005
forward,trace83.csv,759.48,3.999999999976245e-07,500000,,partial: calibration/probe/R0 terms unresolved,0.026532999999999696,1.0,0.007659417346204083,,0.026532699999999965,1.0,0.007659330743663782,,0.026532699999999992,1.0,0.00765933074366379,,0.15335444492795214,0.11226855443642153,0.15335444492795214,759.1700711920541,759.7803666737713,0.005
forward,trace84.csv,757.98,3.999999999976245e-07,500000,,partial: calibration/probe/R0 terms unresolved,0.026532999999999696,1.0,0.007659417346204083,,0.026532699999999965,1.0,0.007659330743663782,,0.026532699999999992,1.0,0.00765933074366379,,0.16866708458803797,0.17369385324528006,0.17369385324528006,757.6598584892639,758.3235622299251,0.01
forward,trace85.csv,756.35,3.999999999976245e-07,500000,,partial: calibration/probe/R0 terms unresolved,0.026532999999999696,1.0,0.007659417346204083,,0.026532699999999965,1.0,0.007659330743663782,,0.026532699999999992,1.0,0.00765933074366379,,0.1393093536298157,0.16712908882129343,0.16712908882129343,756.0426290564263,756.6727760749454,0.01
forward,trace86.csv,754.07,3.999999999976245e-07,500000,,partial: calibration/probe/R0 terms unresolved,0.02653289999999986,1.0,0.007659388478690671,,0.026532699999999965,1.0,0.007659330743663782,,0.026532699999999992,1.0,0.00765933074366379,,0.12520668175341815,0.1171968434217511,0.12520668175341815,753.8439422068897,754.3373128379704,0.005
forward,trace87.csv,754.84,3.999999999976245e-07,500000,,partial: calibration/probe/R0 terms unresolved,0.026532999999999696,1.0,0.007659417346204083,,0.026532699999999965,1.0,0.007659330743663782,,0.026532699999999992,1.0,0.00765933074366379,,0.12637522065990606,0.09842725118696279,0.12637522065990606,754.6062855850363,755.0864123693723,0.005
forward,trace88.csv,754.6,3.999999999976245e-07,500000,,partial: calibration/probe/R0 terms unresolved,0.026532999999999696,1.0,0.007659417346204083,,0.026532699999999965,1.0,0.007659330743663782,,0.026532699999999992,1.0,0.00765933074366379,,0.13858173332319115,0.16303419183874487,0.16303419183874487,754.2895703689549,754.9286331250111,0.01
forward,trace89.csv,753.26,3.999999999976245e-07,500000,,partial: calibration/probe/R0 terms unresolved,0.026532999999999696,1.0,0.007659417346204083,,0.026532699999999965,1.0,0.007659330743663782,,0.026532699999999992,1.0,0.00765933074366379,,0.15768157744816105,0.15202505316148676,0.15768157744816105,752.9480985934005,753.5508387155686,0.005
forward,trace90.csv,752.57,3.999999999976245e-07,500000,,partial: calibration/probe/R0 terms unresolved,0.026532999999999696,1.0,0.007659417346204083,,0.026532699999999965,1.0,0.007659330743663782,,0.026532699999999992,1.0,0.00765933074366379,,0.12371242592087922,0.10563959213154267,0.12371242592087922,752.3488682571926,752.8214634842313,0.005
forward,trace91.csv,751.11,3.999999999976245e-07,500000,,partial: calibration/probe/R0 terms unresolved,0.026532999999999696,1.0,0.007659417346204083,,0.026532699999999965,1.0,0.007659330743663782,,0.026532699999999992,1.0,0.00765933074366379,,0.14385935151954787,0.1378467381564702,0.14385935151954787,750.8276982102516,751.3707562875387,0.005
forward,trace92.csv,749.48,3.999999999976245e-07,500000,,partial: calibration/probe/R0 terms unresolved,0.026532849999999886,1.0,0.007659374044933948,,0.026532699999999965,1.0,0.007659330743663782,,0.026532699999999992,1.0,0.00765933074366379,,0.14690306614881973,0.15959163290510245,0.15959163290510245,749.165479127021,749.7810882489898,0.01
forward,trace93.csv,748.96,3.999999999976245e-07,500000,,partial: calibration/probe/R0 terms unresolved,0.026532849999999886,1.0,0.007659374044933948,,0.026532699999999965,1.0,0.007659330743663782,,0.026532699999999992,1.0,0.00765933074366379,,0.15740750944377213,0.13548782703277387,0.15740750944377213,748.6578436062525,749.2707805768174,0.005
forward,trace94.csv,750.29,3.999999999976245e-07,500000,,partial: calibration/probe/R0 terms unresolved,0.026532849999999886,1.0,0.007659374044933948,,0.026532699999999965,1.0,0.007659330743663782,,0.026532699999999992,1.0,0.00765933074366379,,0.15566617678574418,0.16402955442347547,0.16402955442347547,749.9872574632843,750.603602426005,0.01
forward,trace95.csv,749.25,3.999999999976245e-07,500000,,partial: calibration/probe/R0 terms unresolved,0.026532849999999886,1.0,0.007659374044933948,,0.026532699999999965,1.0,0.007659330743663782,,0.026532699999999992,1.0,0.00765933074366379,,0.14523157093232728,0.14132466182878864,0.14523157093232728,748.9627646793621,749.50456489889,0.005
forward,trace96.csv,748.57,3.999999999976245e-07,500000,,partial: calibration/probe/R0 terms unresolved,0.026532849999999886,1.0,0.007659374044933948,,0.026532699999999965,1.0,0.007659330743663782,,0.026532699999999992,1.0,0.00765933074366379,,0.20786639614003105,0.15518927767264493,0.20786639614003105,748.18267293631,748.9669271540528,0.005
forward,trace97.csv,747.66,3.999999999976245e-07,500000,,partial: calibration/probe/R0 terms unresolved,0.026532849999999886,1.0,0.007659374044933948,,0.026532699999999965,1.0,0.007659330743663782,,0.026532699999999992,1.0,0.00765933074366379,,0.1933785998168324,0.1728763178283104,0.1933785998168324,747.3163692990681,748.0801464637192,0.005
forward,trace98.csv,746.83,3.999999999976245e-07,500000,,partial: calibration/probe/R0 terms unresolved,0.026532700000000076,1.0,0.007659330743663814,,0.026532699999999965,1.0,0.007659330743663782,,0.026532699999999992,1.0,0.00765933074366379,,0.1264158771368855,0.1715365617710548,0.1715365617710548,746.5362819123617,747.1794854705073,0.01
forward,trace99.csv,746.2,3.999999999976245e-07,500000,,partial: calibration/probe/R0 terms unresolved,0.026532700000000076,1.0,0.007659330743663814,,0.026532699999999965,1.0,0.007659330743663782,,0.026532699999999992,1.0,0.00765933074366379,,0.17176420328210168,0.17941676558866027,0.17941676558866027,745.8771807132282,746.5574344251481,0.01
forward,trace100.csv,744.64,3.999999999976245e-07,500000,,partial: calibration/probe/R0 terms unresolved,0.026532700000000076,1.0,0.007659330743663814,,0.026532699999999965,1.0,0.007659330743663782,,0.026532699999999965,1.0,0.007659330743663782,,0.18125484190206503,0.13503179841117355,0.18125484190206503,744.2976829533044,745.0090778020383,0.005
forward,trace101.csv,743.71,3.999999999976245e-07,500000,,partial: calibration/probe/R0 terms unresolved,0.026532700000000076,1.0,0.007659330743663814,,0.026532699999999965,1.0,0.007659330743663782,,0.026532699999999965,1.0,0.007659330743663782,,0.15273243209160806,0.16137712824133207,0.16137712824133207,743.4234775012332,744.0169440803211,0.01
forward,trace102.csv,743.31,3.999999999976245e-07,500000,,partial: calibration/probe/R0 terms unresolved,0.026532700000000076,1.0,0.007659330743663814,,0.026532699999999965,1.0,0.007659330743663782,,0.026532699999999965,1.0,0.007659330743663782,,0.1303809490197845,0.10662575074742969,0.1303809490197845,743.0494920752192,743.5575698736594,0.005
forward,trace103.csv,742.48,3.999999999976245e-07,500000,,partial: calibration/probe/R0 terms unresolved,0.026532700000000076,1.0,0.007659330743663814,,0.026532699999999965,1.0,0.007659330743663782,,0.026532699999999965,1.0,0.007659330743663782,,0.14605499099036937,0.14528649279278683,0.14605499099036937,742.199969800287,742.7580871559442,0.005
forward,trace104.csv,741.82,3.999999999976245e-07,500000,,partial: calibration/probe/R0 terms unresolved,0.026532700000000076,1.0,0.007659330743663814,,0.026532699999999965,1.0,0.007659330743663782,,0.026532699999999965,1.0,0.007659330743663782,,0.16142269410373322,0.18603676952854356,0.18603676952854356,741.4581141046754,742.1512164946722,0.01
forward,trace105.csv,740.89,3.999999999976245e-07,500000,,partial: calibration/probe/R0 terms unresolved,0.026532700000000076,1.0,0.007659330743663814,,0.026532699999999965,1.0,0.007659330743663782,,0.026532699999999965,1.0,0.007659330743663782,,0.14386490360006962,0.14685171098591124,0.14685171098591124,740.6249708309167,741.1864854110114,0.01
forward,trace106.csv,740.0,3.999999999976245e-07,500000,,partial: calibration/probe/R0 terms unresolved,0.026532700000000076,1.0,0.007659330743663814,,0.026532699999999965,1.0,0.007659330743663782,,0.02653269999999998,1.0,0.007659330743663786,,0.13708079672069676,0.12157564181878011,0.13708079672069676,739.7342414123876,740.2540623046999,0.005
forward,trace107.csv,739.58,3.999999999976245e-07,500000,,partial: calibration/probe/R0 terms unresolved,0.026532700000000076,1.0,0.007659330743663814,,0.026532699999999965,1.0,0.007659330743663782,,0.02653269999999998,1.0,0.007659330743663786,,0.1439008344291394,0.15040983607955458,0.15040983607955458,739.3096003114312,739.8548938073609,0.01
forward,trace108.csv,738.84,3.999999999976245e-07,500000,,partial: calibration/probe/R0 terms unresolved,0.026532700000000076,1.0,0.007659330743663814,,0.026532699999999965,1.0,0.007659330743663782,,0.02653269999999998,1.0,0.007659330743663786,,0.18082110912240204,0.16081430716282122,0.18082110912240204,738.5215329529577,739.2153818811049,0.005
forward,trace109.csv,738.01,3.999999999976245e-07,500000,,partial: calibration/probe/R0 terms unresolved,0.026532700000000076,1.0,0.007659330743663814,,0.026532699999999965,1.0,0.007659330743663782,,0.026532699999999965,1.0,0.007659330743663782,,0.14563038625814545,0.16518012537758478,0.16518012537758478,737.6766107535209,738.3094396276499,0.01
forward,trace110.csv,736.92,3.999999999976245e-07,500000,,partial: calibration/probe/R0 terms unresolved,0.026532700000000076,1.0,0.007659330743663814,,0.026532699999999965,1.0,0.007659330743663782,,0.02653269999999998,1.0,0.007659330743663786,,0.12063736847175653,0.11506302732487186,0.12063736847175653,736.6541402404338,737.1330656172863,0.005
forward,trace111.csv,736.75,3.999999999976245e-07,500000,,partial: calibration/probe/R0 terms unresolved,0.026532700000000076,1.0,0.007659330743663814,,0.026532699999999965,1.0,0.007659330743663782,,0.026532699999999965,1.0,0.007659330743663782,,0.14052002911059652,0.12819978131098803,0.14052002911059652,736.5054524043655,737.059698839131,0.005
forward,trace112.csv,735.97,3.999999999976245e-07,500000,,partial: calibration/probe/R0 terms unresolved,0.026532700000000076,1.0,0.007659330743663814,,0.026532699999999965,1.0,0.007659330743663782,,0.026532699999999965,1.0,0.007659330743663782,,0.19221137195647572,0.19965171573649615,0.19965171573649615,735.5906912708483,736.3886172086694,0.01
forward,trace113.csv,734.9,3.999999999976245e-07,500000,,partial: calibration/probe/R0 terms unresolved,0.026532700000000076,1.0,0.007659330743663814,,0.026532699999999965,1.0,0.007659330743663782,,0.026532699999999965,1.0,0.007659330743663782,,0.16444279032503709,0.1618997478396477,0.16444279032503709,734.5680715359916,735.2070423552109,0.005
forward,trace114.csv,734.53,3.999999999976245e-07,500000,,partial: calibration/probe/R0 terms unresolved,0.026532700000000076,1.0,0.007659330743663814,,0.026532699999999965,1.0,0.007659330743663782,,0.026532699999999965,1.0,0.007659330743663782,,0.12540377284791643,0.11404872017160575,0.12540377284791643,734.3083601813041,734.7810699187,0.005
forward,trace115.csv,734.02,3.999999999976245e-07,500000,,partial: calibration/probe/R0 terms unresolved,0.026532700000000076,1.0,0.007659330743663814,,0.026532699999999965,1.0,0.007659330743663782,,0.026532699999999965,1.0,0.007659330743663782,,0.12778007040249795,0.15188693592660812,0.15188693592660812,733.7491893054097,734.3226280072116,0.01
forward,trace116.csv,733.43,3.999999999976245e-07,500000,,partial: calibration/probe/R0 terms unresolved,0.026532700000000076,1.0,0.007659330743663814,,0.026532699999999965,1.0,0.007659330743663782,,0.026532699999999965,1.0,0.007659330743663782,,0.16161451022839193,0.13137711304172053,0.16161451022839193,733.0966614680932,733.7581976541047,0.005
forward,trace117.csv,733.08,3.999999999976245e-07,500000,,partial: calibration/probe/R0 terms unresolved,0.026532700000000076,1.0,0.007659330743663814,,0.026532699999999965,1.0,0.007659330743663782,,0.026532699999999965,1.0,0.007659330743663782,,0.13981453466397212,0.15997160182389622,0.15997160182389622,732.7849371249854,733.3909649159054,0.01
forward,trace118.csv,731.81,3.999999999976245e-07,500000,,partial: calibration/probe/R0 terms unresolved,0.026532700000000076,1.0,0.007659330743663814,,0.026532699999999965,1.0,0.007659330743663782,,0.026532699999999965,1.0,0.007659330743663782,,0.14414385976005697,0.15207123988393292,0.15207123988393292,731.5424993107314,732.133508542503,0.01
forward,trace119.csv,731.0,3.999999999976245e-07,500000,,partial: calibration/probe/R0 terms unresolved,0.026532700000000076,1.0,0.007659330743663814,,0.026532699999999965,1.0,0.007659330743663782,,0.026532699999999965,1.0,0.007659330743663782,,0.17082710974544624,0.16952980486920782,0.17082710974544624,730.6755990582151,731.3357866317602,0.005
forward,trace120.csv,730.45,3.999999999976245e-07,500000,,partial: calibration/probe/R0 terms unresolved,0.026532700000000076,1.0,0.007659330743663814,,0.026532699999999965,1.0,0.007659330743663782,,0.026532699999999965,1.0,0.007659330743663782,,0.1586652175789507,0.14174296634095987,0.1586652175789507,730.1214283422631,730.7339739422384,0.005
forward,trace121.csv,729.48,3.999999999976245e-07,500000,,partial: calibration/probe/R0 terms unresolved,0.026532700000000076,1.0,0.007659330743663814,,0.026532699999999965,1.0,0.007659330743663782,,0.026532699999999965,1.0,0.007659330743663782,,0.15229855128838637,0.1464616629496752,0.15229855128838637,729.199477320884,729.7859597046539,0.005
forward,trace122.csv,728.18,3.999999999976245e-07,500000,,partial: calibration/probe/R0 terms unresolved,0.026532700000000076,1.0,0.007659330743663814,,0.026532699999999965,1.0,0.007659330743663782,,0.026532699999999965,1.0,0.007659330743663782,,0.18230715950076815,0.14621435975988933,0.18230715950076815,727.8135166565381,728.5073223404808,0.005
forward,trace123.csv,729.35,3.999999999976245e-07,500000,,partial: calibration/probe/R0 terms unresolved,0.026532700000000076,1.0,0.007659330743663814,,0.026532699999999965,1.0,0.007659330743663782,,0.026532699999999965,1.0,0.007659330743663782,,0.1915446739472534,0.20997821128611774,0.20997821128611774,728.9583329256279,729.7494493698866,0.01
forward,trace124.csv,729.11,3.999999999976245e-07,500000,,partial: calibration/probe/R0 terms unresolved,0.026532700000000076,1.0,0.007659330743663814,,0.026532699999999965,1.0,0.007659330743663782,,0.026532699999999965,1.0,0.007659330743663782,,0.1288531844227972,0.10190764882249266,0.1288531844227972,728.8646385596396,729.3451330318094,0.005
forward,trace125.csv,728.31,3.999999999976245e-07,500000,,partial: calibration/probe/R0 terms unresolved,0.026532700000000076,1.0,0.007659330743663814,,0.026532699999999965,1.0,0.007659330743663782,,0.026532699999999965,1.0,0.007659330743663782,,0.12557358028815135,0.10339228353277302,0.12557358028815135,728.0594816441027,728.5436824160715,0.005
forward,trace126.csv,727.62,3.999999999976245e-07,500000,,partial: calibration/probe/R0 terms unresolved,0.026532700000000076,1.0,0.007659330743663814,,0.026532699999999965,1.0,0.007659330743663782,,0.026532699999999965,1.0,0.007659330743663782,,0.15075519653873096,0.20444011241217583,0.20444011241217583,727.2270839614595,728.0368075731675,0.01
forward,trace127.csv,726.31,3.999999999976245e-07,500000,,partial: calibration/probe/R0 terms unresolved,0.026532700000000076,1.0,0.007659330743663814,,0.026532699999999965,1.0,0.007659330743663782,,0.026532699999999965,1.0,0.007659330743663782,,0.12936778176406227,0.110496098098192,0.12936778176406227,726.0471450087648,726.5579759434141,0.005
forward,trace128.csv,725.95,3.999999999976245e-07,500000,,partial: calibration/probe/R0 terms unresolved,0.026532700000000076,1.0,0.007659330743663814,,0.026532699999999965,1.0,0.007659330743663782,,0.026532699999999965,1.0,0.007659330743663782,,0.17888622163830442,0.19063327388154647,0.19063327388154647,725.5898885324461,726.2980594433669,0.01
forward,trace129.csv,725.28,3.999999999976245e-07,500000,,partial: calibration/probe/R0 terms unresolved,0.026532700000000076,1.0,0.007659330743663814,,0.026532699999999965,1.0,0.007659330743663782,,0.026532699999999965,1.0,0.007659330743663782,,0.14359976606569044,0.13346389588993873,0.14359976606569044,724.9812916392467,725.5314571916438,0.005
forward,trace130.csv,724.71,3.999999999976245e-07,500000,,partial: calibration/probe/R0 terms unresolved,0.026532700000000076,1.0,0.007659330743663814,,0.026532699999999965,1.0,0.007659330743663782,,0.026532699999999965,1.0,0.007659330743663782,,0.14803639971546576,0.1581405893765484,0.1581405893765484,724.3992723137566,725.0194595273362,0.01
forward,trace131.csv,724.94,3.999999999976245e-07,500000,,partial: calibration/probe/R0 terms unresolved,0.026532700000000076,1.0,0.007659330743663814,,0.026532699999999965,1.0,0.007659330743663782,,0.026532699999999965,1.0,0.007659330743663782,,0.10859528254759701,0.09853202445204913,0.10859528254759701,724.724902520664,725.1317746037722,0.005
forward,trace132.csv,724.7,3.999999999976245e-07,500000,,partial: calibration/probe/R0 terms unresolved,0.026532700000000076,1.0,0.007659330743663814,,0.026532699999999965,1.0,0.007659330743663782,,0.026532699999999965,1.0,0.007659330743663782,,0.12872153159553198,0.11164512195330657,0.12872153159553198,724.4278970890372,724.9475902907836,0.005
forward,trace133.csv,723.93,3.999999999976245e-07,500000,,partial: calibration/probe/R0 terms unresolved,0.026532700000000076,1.0,0.007659330743663814,,0.026532699999999965,1.0,0.007659330743663782,,0.026532699999999965,1.0,0.007659330743663782,,0.11548945357815901,0.09660235360231074,0.11548945357815901,723.7040704127494,724.1565357683899,0.005
forward,trace134.csv,723.5,3.999999999976245e-07,500000,,partial: calibration/probe/R0 terms unresolved,0.026532700000000076,1.0,0.007659330743663814,,0.026532699999999965,1.0,0.007659330743663782,,0.026532699999999965,1.0,0.007659330743663782,,0.17747782727631545,0.22277047064244757,0.22277047064244757,723.0447528699101,723.8805473309296,0.01
forward,trace135.csv,722.63,3.999999999976245e-07,500000,,partial: calibration/probe/R0 terms unresolved,0.026532700000000076,1.0,0.007659330743663814,,0.026532699999999965,1.0,0.007659330743663782,,0.026532699999999965,1.0,0.007659330743663782,,0.1828030410573198,0.14534143946404274,0.1828030410573198,722.2951640734539,723.011133541557,0.005
forward,trace136.csv,721.83,3.999999999976245e-07,500000,,partial: calibration/probe/R0 terms unresolved,0.026532700000000076,1.0,0.007659330743663814,,0.026532699999999965,1.0,0.007659330743663782,,0.026532699999999965,1.0,0.007659330743663782,,0.12277795465971975,0.13466853447680915,0.13466853447680915,721.5345618812987,722.0773303995142,0.01
forward,trace137.csv,721.14,3.999999999976245e-07,500000,,partial: calibration/probe/R0 terms unresolved,0.026532700000000076,1.0,0.007659330743663814,,0.026532699999999965,1.0,0.007659330743663782,,0.026532699999999965,1.0,0.007659330743663782,,0.15018720871161206,0.1298122166050726,0.15018720871161206,720.8667586218849,721.428702227025,0.005
forward,trace138.csv,720.03,3.999999999976245e-07,500000,,partial: calibration/probe/R0 terms unresolved,0.026532700000000048,1.0,0.007659330743663806,,0.026532699999999965,1.0,0.007659330743663782,,0.026532699999999965,1.0,0.007659330743663782,,0.18981357434374843,0.16697257769133653,0.18981357434374843,719.6463053578864,720.3505015668854,0.005
forward,trace139.csv,719.14,3.999999999976245e-07,500000,,partial: calibration/probe/R0 terms unresolved,0.02653270000000002,1.0,0.007659330743663798,,0.026532699999999965,1.0,0.007659330743663782,,0.026532699999999965,1.0,0.007659330743663782,,0.1464233850803399,0.1430430988739405,0.1464233850803399,718.862371322177,719.4233890964401,0.005
forward,trace140.csv,718.6,3.999999999976245e-07,500000,,partial: calibration/probe/R0 terms unresolved,0.02653270000000002,1.0,0.007659330743663798,,0.026532699999999965,1.0,0.007659330743663782,,0.026532699999999965,1.0,0.007659330743663782,,0.20727439280189103,0.19688572289052222,0.20727439280189103,718.1656386973078,719.0034836808808,0.005
forward,trace141.csv,717.2,3.999999999976245e-07,500000,,partial: calibration/probe/R0 terms unresolved,0.02653270000000002,1.0,0.007659330743663798,,0.026532699999999965,1.0,0.007659330743663782,,0.026532699999999965,1.0,0.007659330743663782,,0.15968139324704753,0.1260059875685869,0.15968139324704753,716.873961755508,717.4883364307992,0.005
forward,trace142.csv,717.02,3.999999999976245e-07,500000,,partial: calibration/probe/R0 terms unresolved,0.02653270000000002,1.0,0.007659330743663798,,0.026532699999999965,1.0,0.007659330743663782,,0.026532699999999965,1.0,0.007659330743663782,,0.17262677713762048,0.17661526145372897,0.17661526145372897,716.7334622505799,717.4154153424304,0.01
forward,trace143.csv,715.81,3.999999999976245e-07,500000,,partial: calibration/probe/R0 terms unresolved,0.02653270000000002,1.0,0.007659330743663798,,0.02653268099999998,1.0,0.007659325258836229,,0.026532699999999965,1.0,0.007659330743663782,,0.11817803222671965,0.14682910767579058,0.14682910767579058,715.5125823250376,716.0925915276645,0.01
forward,trace144.csv,715.45,3.999999999976245e-07,500000,,partial: calibration/probe/R0 terms unresolved,0.02653270000000002,1.0,0.007659330743663798,,0.026532699999999965,1.0,0.007659330743663782,,0.026532699999999965,1.0,0.007659330743663782,,0.2130228992692131,0.13948849289453832,0.2130228992692131,715.0260390324057,715.8497412054446,0.005
forward,trace145.csv,714.52,3.999999999976245e-07,500000,,partial: calibration/probe/R0 terms unresolved,0.02653270000000002,1.0,0.007659330743663798,,0.026532699999999965,1.0,0.007659330743663782,,0.026532699999999965,1.0,0.007659330743663782,,0.16160934233454652,0.15936678456181888,0.16160934233454652,714.2052505721559,714.8302804409483,0.005
forward,trace146.csv,713.69,3.999999999976245e-07,500000,,partial: calibration/probe/R0 terms unresolved,0.02653270000000002,1.0,0.007659330743663798,,0.02653268099999998,1.0,0.007659325258836229,,0.026532699999999965,1.0,0.007659330743663782,,0.1741955212010677,0.15998588541514608,0.1741955212010677,713.3485552267543,714.0237147290902,0.005
forward,trace147.csv,713.58,3.999999999976245e-07,500000,,partial: calibration/probe/R0 terms unresolved,0.02653270000000002,1.0,0.007659330743663798,,0.02653268099999998,1.0,0.007659325258836229,,0.026532699999999965,1.0,0.007659330743663782,,0.20651011577611547,0.20422881767644127,0.20651011577611547,713.2022636789955,713.9755397135157,0.005
forward,trace148.csv,712.54,3.999999999976245e-07,500000,,partial: calibration/probe/R0 terms unresolved,0.02653270000000002,1.0,0.007659330743663798,,0.026532699999999965,1.0,0.007659330743663782,,0.026532699999999965,1.0,0.007659330743663782,,0.1357872824968799,0.153095942324919,0.153095942324919,712.2436973647293,712.8280456723726,0.01
forward,trace149.csv,712.06,3.999999999976245e-07,500000,,partial: calibration/probe/R0 terms unresolved,0.02653270000000002,1.0,0.007659330743663798,,0.02653268099999998,1.0,0.007659325258836229,,0.026532699999999965,1.0,0.007659330743663782,,0.1297872461801019,0.11396474143518835,0.1297872461801019,711.7860226307098,712.2855103846151,0.005
forward,trace150.csv,711.13,3.999999999976245e-07,500000,,partial: calibration/probe/R0 terms unresolved,0.02653270000000002,1.0,0.007659330743663798,,0.02653268099999998,1.0,0.007659325258836229,,0.026532699999999965,1.0,0.007659330743663782,,0.13623709103695383,0.1559959614963224,0.1559959614963224,710.835836292853,711.4074465602076,0.01
forward,trace151.csv,710.21,3.999999999976245e-07,500000,,partial: calibration/probe/R0 terms unresolved,0.02653270000000002,1.0,0.007659330743663798,,0.02653268099999998,1.0,0.007659325258836229,,0.026532699999999965,1.0,0.007659330743663782,,0.14475622553148138,0.17404669840746462,0.17404669840746462,709.9268505626335,710.5754147926086,0.01
forward,trace152.csv,709.28,3.999999999976245e-07,500000,,partial: calibration/probe/R0 terms unresolved,0.02653270000000002,1.0,0.007659330743663798,,0.02653268099999998,1.0,0.007659325258836229,,0.026532699999999965,1.0,0.007659330743663782,,0.1574095896950664,0.15141835158363087,0.1574095896950664,709.0087068842587,709.6176154838481,0.005
forward,trace153.csv,708.3,3.999999999976245e-07,500000,,partial: calibration/probe/R0 terms unresolved,0.02653270000000002,1.0,0.007659330743663798,,0.026532699999999965,1.0,0.007659330743663782,,0.026532699999999965,1.0,0.007659330743663782,,0.16208740358452353,0.11420559946394655,0.16208740358452353,707.9919339092723,708.6237622013274,0.005
forward,trace154.csv,707.91,3.999999999976245e-07,500000,,partial: calibration/probe/R0 terms unresolved,0.02653270000000002,1.0,0.007659330743663798,,0.02653268099999998,1.0,0.007659325258836229,,0.026532699999999965,1.0,0.007659330743663782,,0.21719997843314484,0.27198240105861976,0.27198240105861976,707.4258043143942,708.4532143113314,0.01
forward,trace155.csv,706.36,3.999999999976245e-07,500000,,partial: calibration/probe/R0 terms unresolved,0.02653270000000002,1.0,0.007659330743663798,,0.02653268099999998,1.0,0.007659325258836229,,0.026532699999999965,1.0,0.007659330743663782,,0.15103032456016147,0.14533875354217723,0.15103032456016147,706.0426487053513,706.6417631784568,0.005
forward,trace156.csv,705.6,3.999999999976245e-07,500000,,partial: calibration/probe/R0 terms unresolved,0.02653270000000002,1.0,0.007659330743663798,,0.02653268099999998,1.0,0.007659325258836229,,0.026532699999999965,1.0,0.007659330743663782,,0.15988782993612247,0.15263227562171308,0.15988782993612247,705.2969447548563,705.8972224451082,0.005
forward,trace157.csv,705.2,3.999999999976245e-07,500000,,partial: calibration/probe/R0 terms unresolved,0.02653270000000002,1.0,0.007659330743663798,,0.02653268099999998,1.0,0.007659325258836229,,0.026532699999999965,1.0,0.007659330743663782,,0.14041771232670372,0.13878835009759516,0.14041771232670372,704.9307978256736,705.4844829819045,0.005
forward,trace158.csv,704.84,3.999999999976245e-07,500000,,partial: calibration/probe/R0 terms unresolved,0.02653270000000002,1.0,0.007659330743663798,,0.026532699999999965,1.0,0.007659330743663782,,0.026532699999999965,1.0,0.007659330743663782,,0.1781116319847748,0.15260849061467843,0.1781116319847748,704.5002014167111,705.1722109547912,0.005
forward,trace159.csv,704.08,3.999999999976245e-07,500000,,partial: calibration/probe/R0 terms unresolved,0.02653270000000002,1.0,0.007659330743663798,,0.02653268099999998,1.0,0.007659325258836229,,0.026532699999999965,1.0,0.007659330743663782,,0.1732214326203601,0.1680587433957577,0.1732214326203601,703.755580314031,704.4056763260087,0.005
forward,trace160.csv,703.52,3.999999999976245e-07,500000,,partial: calibration/probe/R0 terms unresolved,0.02653270000000002,1.0,0.007659330743663798,,0.026532699999999965,1.0,0.007659330743663782,,0.026532699999999965,1.0,0.007659330743663782,,0.19309830263937153,0.15583340068483295,0.19309830263937153,703.165823036487,703.8897832182239,0.005
forward,trace161.csv,702.56,3.999999999976245e-07,500000,,partial: calibration/probe/R0 terms unresolved,0.02653270000000002,1.0,0.007659330743663798,,0.026532699999999965,1.0,0.007659330743663782,,0.026532699999999965,1.0,0.007659330743663782,,0.15425783228744763,0.15439597371317576,0.15439597371317576,702.2593434975416,702.8646276343286,0.01
forward,trace162.csv,701.51,3.999999999976245e-07,500000,,partial: calibration/probe/R0 terms unresolved,0.02653270000000002,1.0,0.007659330743663798,,0.026532699999999965,1.0,0.007659330743663782,,0.026532699999999965,1.0,0.007659330743663782,,0.16309978234253808,0.1608573659650463,0.16309978234253808,701.1933036364736,701.8573898557676,0.005
forward,trace163.csv,703.36,3.999999999976245e-07,500000,,partial: calibration/probe/R0 terms unresolved,0.026532699999999992,1.0,0.00765933074366379,,0.026532699999999965,1.0,0.007659330743663782,,0.026532699999999965,1.0,0.007659330743663782,,0.17385718946331202,0.15778701193186426,0.17385718946331202,703.0536047580955,703.6957482193458,0.005
forward,trace164.csv,699.74,3.999999999976245e-07,500000,,partial: calibration/probe/R0 terms unresolved,0.026532699999999992,1.0,0.00765933074366379,,0.026532699999999965,1.0,0.007659330743663782,,0.026532699999999965,1.0,0.007659330743663782,,0.18038324482505227,0.23532018753685546,0.23532018753685546,699.3098409538,700.2203295387502,0.01
forward,trace165.csv,698.31,3.999999999976245e-07,500000,,partial: calibration/probe/R0 terms unresolved,0.026532699999999992,1.0,0.00765933074366379,,0.026532699999999965,1.0,0.007659330743663782,,0.026532699999999965,1.0,0.007659330743663782,,0.1535979585483501,0.16198632526302637,0.16198632526302637,697.9795959842475,698.6270429954978,0.01
forward,trace166.csv,697.3,3.999999999976245e-07,500000,,partial: calibration/probe/R0 terms unresolved,0.026532699999999992,1.0,0.00765933074366379,,0.026532699999999965,1.0,0.007659330743663782,,0.026532699999999965,1.0,0.007659330743663782,,0.1662060762771963,0.19137654691676106,0.19137654691676106,696.9239291264562,697.6796170186286,0.01
forward,trace167.csv,698.83,3.999999999976245e-07,500000,,partial: calibration/probe/R0 terms unresolved,0.026532699999999992,1.0,0.00765933074366379,,0.026532699999999965,1.0,0.007659330743663782,,0.026532699999999965,1.0,0.007659330743663782,,0.2132042374893955,0.20760336659668083,0.2132042374893955,698.4109071573082,699.2360868186,0.005
forward,trace168.csv,698.04,3.999999999976245e-07,500000,,partial: calibration/probe/R0 terms unresolved,0.026532699999999992,1.0,0.00765933074366379,,0.026532699999999965,1.0,0.007659330743663782,,0.026532699999999965,1.0,0.007659330743663782,,0.23973480836957733,0.2698939284789651,0.2698939284789651,697.5070089584221,698.5703677641903,0.01
forward,trace169.csv,697.52,3.999999999976245e-07,500000,,partial: calibration/probe/R0 terms unresolved,0.026532699999999992,1.0,0.00765933074366379,,0.026532699999999965,1.0,0.007659330743663782,,0.026532699999999965,1.0,0.007659330743663782,,0.20784827159093522,0.2012393553581757,0.20784827159093522,697.117175109057,697.9364023643619,0.005
forward,trace170.csv,695.96,3.999999999976245e-07,500000,,partial: calibration/probe/R0 terms unresolved,0.026532699999999992,1.0,0.00765933074366379,,0.026532699999999965,1.0,0.007659330743663782,,0.026532699999999965,1.0,0.007659330743663782,,0.1965718855885572,0.23527377480931005,0.23527377480931005,695.5121396650516,696.4019045091791,0.01
forward,trace171.csv,694.8,3.999999999976245e-07,500000,,partial: calibration/probe/R0 terms unresolved,0.026532699999999992,1.0,0.00765933074366379,,0.026532699999999965,1.0,0.007659330743663782,,0.026532699999999965,1.0,0.007659330743663782,,0.15506618350518195,0.14888749934044526,0.15506618350518195,694.5131132439362,695.118153447051,0.005
forward,trace172.csv,693.34,3.999999999976245e-07,500000,,partial: calibration/probe/R0 terms unresolved,0.026532699999999992,1.0,0.00765933074366379,,0.026532699999999965,1.0,0.007659330743663782,,0.026532699999999965,1.0,0.007659330743663782,,0.23163167010024055,0.22772715448392766,0.23163167010024055,692.8575681287944,693.7120885345465,0.005
forward,trace173.csv,693.74,3.999999999976245e-07,500000,,partial: calibration/probe/R0 terms unresolved,0.026532699999999992,1.0,0.00765933074366379,,0.026532699999999965,1.0,0.007659330743663782,,0.026532699999999965,1.0,0.007659330743663782,,0.16730914561565532,0.20439239031276543,0.20439239031276543,693.3266796823967,694.1370930140562,0.01
forward,trace174.csv,692.29,3.999999999976245e-07,500000,,partial: calibration/probe/R0 terms unresolved,0.026532699999999992,1.0,0.00765933074366379,,0.026532699999999965,1.0,0.007659330743663782,,0.026532699999999965,1.0,0.007659330743663782,,0.18797108133804277,0.14703349504164825,0.18797108133804277,691.9367668138808,692.642727241334,0.005
forward,trace175.csv,691.23,3.999999999976245e-07,500000,,partial: calibration/probe/R0 terms unresolved,0.026532699999999992,1.0,0.00765933074366379,,0.026532699999999965,1.0,0.007659330743663782,,0.026532699999999965,1.0,0.007659330743663782,,0.19931389147566825,0.2042254652258984,0.2042254652258984,690.8302995949779,691.6453291776797,0.01
forward,trace176.csv,690.5,3.999999999976245e-07,500000,,partial: calibration/probe/R0 terms unresolved,0.026532699999999992,1.0,0.00765933074366379,,0.026532699999999965,1.0,0.007659330743663782,,0.026532699999999965,1.0,0.007659330743663782,,0.1937059878634288,0.16065113145770454,0.1937059878634288,690.1009575834846,690.8885883206515,0.005
forward,trace177.csv,689.42,3.999999999976245e-07,500000,,partial: calibration/probe/R0 terms unresolved,0.026532699999999992,1.0,0.00765933074366379,,0.026532699999999965,1.0,0.007659330743663782,,0.026532699999999965,1.0,0.007659330743663782,,0.18096398521343887,0.1859809232406712,0.1859809232406712,689.060121813846,689.7881443623933,0.01
forward,trace178.csv,688.89,3.999999999976245e-07,500000,,partial: calibration/probe/R0 terms unresolved,0.026532699999999992,1.0,0.00765933074366379,,0.026532699999999965,1.0,0.007659330743663782,,0.026532699999999965,1.0,0.007659330743663782,,0.16239497594785507,0.17994705632981106,0.17994705632981106,688.5412408340377,689.21635848302,0.01
forward,trace179.csv,688.0,3.999999999976245e-07,500000,,partial: calibration/probe/R0 terms unresolved,0.026532699999999992,1.0,0.00765933074366379,,0.026532699999999965,1.0,0.007659330743663782,,0.026532699999999965,1.0,0.007659330743663782,,0.18020773750261712,0.19258570870006417,0.19258570870006417,687.6358763714396,688.3591828951502,0.01
forward,trace180.csv,688.25,3.999999999976245e-07,500000,,partial: calibration/probe/R0 terms unresolved,0.026532699999999992,1.0,0.00765933074366379,,0.026532699999999965,1.0,0.007659330743663782,,0.026532699999999965,1.0,0.007659330743663782,,0.1597553400950302,0.15999870296245083,0.15999870296245083,687.9617962202061,688.5973681295134,0.01
forward,trace181.csv,687.05,3.999999999976245e-07,500000,,partial: calibration/probe/R0 terms unresolved,0.026532699999999992,1.0,0.00765933074366379,,0.026532699999999965,1.0,0.007659330743663782,,0.026532699999999965,1.0,0.007659330743663782,,0.18481374805924933,0.13406187936069652,0.18481374805924933,686.6993454086686,687.3981034965817,0.005
forward,trace182.csv,686.7,3.999999999976245e-07,500000,,partial: calibration/probe/R0 terms unresolved,0.026532699999999992,1.0,0.00765933074366379,,0.026532699999999965,1.0,0.007659330743663782,,0.026532699999999965,1.0,0.007659330743663782,,0.20286026679961824,0.19997017456686633,0.20286026679961824,686.3038474800906,687.0888306034407,0.005
forward,trace183.csv,686.19,3.999999999976245e-07,500000,,partial: calibration/probe/R0 terms unresolved,0.026532699999999992,1.0,0.00765933074366379,,0.026532699999999965,1.0,0.007659330743663782,,0.026532699999999965,1.0,0.007659330743663782,,0.20392566253163413,0.20914918921369946,0.20914918921369946,685.8039913199025,686.6149980364197,0.01
forward,trace184.csv,684.4,3.999999999976245e-07,500000,,partial: calibration/probe/R0 terms unresolved,0.026532699999999992,1.0,0.00765933074366379,,0.026532699999999965,1.0,0.007659330743663782,,0.026532699999999965,1.0,0.007659330743663782,,0.16713739213315243,0.17832830493897905,0.17832830493897905,684.0440154072545,684.7458965523272,0.01
forward,trace185.csv,683.78,3.999999999976245e-07,500000,,partial: calibration/probe/R0 terms unresolved,0.026532699999999992,1.0,0.00765933074366379,,0.026532699999999965,1.0,0.007659330743663782,,0.026532699999999965,1.0,0.007659330743663782,,0.21272163606704061,0.20421947007479108,0.21272163606704061,683.4118284845867,684.2048349710515,0.005
forward,trace186.csv,682.74,3.999999999976245e-07,500000,,partial: calibration/probe/R0 terms unresolved,0.026532699999999992,1.0,0.00765933074366379,,0.026532699999999965,1.0,0.007659330743663782,,0.026532699999999965,1.0,0.007659330743663782,,0.18139254444120628,0.18793995050393764,0.18793995050393764,682.3622495479257,683.0908060143902,0.01
forward,trace187.csv,682.32,3.999999999976245e-07,500000,,partial: calibration/probe/R0 terms unresolved,0.026532699999999992,1.0,0.00765933074366379,,0.026532699999999965,1.0,0.007659330743663782,,0.026532699999999965,1.0,0.007659330743663782,,0.1870305969177364,0.17724711668980137,0.1870305969177364,681.9890394664261,682.690190349783,0.005
forward,trace188.csv,681.25,3.999999999976245e-07,500000,,partial: calibration/probe/R0 terms unresolved,0.026532699999999992,1.0,0.00765933074366379,,0.02653268099999998,1.0,0.007659325258836229,,0.026532699999999965,1.0,0.007659330743663782,,0.21261808749759695,0.16538846203241322,0.21261808749759695,680.8694219111029,681.6435555069605,0.005
forward,trace189.csv,680.73,3.999999999976245e-07,500000,,partial: calibration/probe/R0 terms unresolved,0.026532699999999992,1.0,0.00765933074366379,,0.026532699999999965,1.0,0.007659330743663782,,0.026532699999999965,1.0,0.007659330743663782,,0.18844135213367075,0.13987875798716803,0.18844135213367075,680.3582457901275,681.0754361030664,0.005
forward,trace190.csv,680.07,3.999999999976245e-07,500000,,partial: calibration/probe/R0 terms unresolved,0.026532699999999992,1.0,0.00765933074366379,,0.026532699999999965,1.0,0.007659330743663782,,0.026532699999999965,1.0,0.007659330743663782,,0.18054652268487953,0.205428906041062,0.205428906041062,679.6829673828067,680.4862532083464,0.01
forward,trace191.csv,679.17,3.999999999976245e-07,500000,,partial: calibration/probe/R0 terms unresolved,0.026532699999999992,1.0,0.00765933074366379,,0.026532699999999965,1.0,0.007659330743663782,,0.026532699999999965,1.0,0.007659330743663782,,0.1654531971743177,0.15401444456014798,0.1654531971743177,678.8330893180062,679.461252635528,0.005
forward,trace192.csv,678.46,3.999999999976245e-07,500000,,partial: calibration/probe/R0 terms unresolved,0.026532699999999992,1.0,0.00765933074366379,,0.02653268099999998,1.0,0.007659325258836229,,0.026532699999999965,1.0,0.007659330743663782,,0.21569118727122566,0.23716858061541812,0.23716858061541812,678.0067466384393,678.9054201456022,0.01
forward,trace193.csv,677.93,3.999999999976245e-07,500000,,partial: calibration/probe/R0 terms unresolved,0.026532699999999992,1.0,0.00765933074366379,,0.02653268099999998,1.0,0.007659325258836229,,0.026532699999999965,1.0,0.007659330743663782,,0.21828044662831103,0.24950855164622812,0.24950855164622812,677.4422369125159,678.3945289894709,0.01
forward,trace194.csv,677.35,3.999999999976245e-07,500000,,partial: calibration/probe/R0 terms unresolved,0.026532699999999992,1.0,0.00765933074366379,,0.02653268099999998,1.0,0.007659325258836229,,0.026532699999999965,1.0,0.007659330743663782,,0.22091678020613487,0.2031177911609489,0.22091678020613487,676.8852225685015,677.8000689520353,0.005
forward,trace195.csv,676.74,3.999999999976245e-07,500000,,partial: calibration/probe/R0 terms unresolved,0.026532699999999992,1.0,0.00765933074366379,,0.02653268099999998,1.0,0.007659325258836229,,0.026532699999999965,1.0,0.007659330743663782,,0.20576484955955374,0.16554494893034744,0.20576484955955374,676.3252379241998,677.1132125293484,0.005
forward,trace196.csv,675.97,3.999999999976245e-07,500000,,partial: calibration/probe/R0 terms unresolved,0.026532699999999992,1.0,0.00765933074366379,,0.02653268099999998,1.0,0.007659325258836229,,0.026532699999999965,1.0,0.007659330743663782,,0.2253542446810502,0.18197949178628203,0.2253542446810502,675.5363335739052,676.3831223742014,0.005
forward,trace197.csv,675.69,3.999999999976245e-07,500000,,partial: calibration/probe/R0 terms unresolved,0.026532699999999992,1.0,0.00765933074366379,,0.02653268099999998,1.0,0.007659325258836229,,0.026532699999999965,1.0,0.007659330743663782,,0.21380468001222486,0.19126719979337986,0.21380468001222486,675.2884390022759,676.0996296475204,0.005
forward,trace198.csv,674.13,3.999999999976245e-07,500000,,partial: calibration/probe/R0 terms unresolved,0.026532699999999992,1.0,0.00765933074366379,,0.026532699999999965,1.0,0.007659330743663782,,0.026532699999999965,1.0,0.007659330743663782,,0.2503494456499866,0.19734793119006303,0.2503494456499866,673.6832779209942,674.6207367225568,0.005
forward,trace199.csv,673.81,3.999999999976245e-07,500000,,partial: calibration/probe/R0 terms unresolved,0.026532699999999992,1.0,0.00765933074366379,,0.026532699999999965,1.0,0.007659330743663782,,0.026532699999999965,1.0,0.007659330743663782,,0.2062807071870394,0.2430360870413572,0.2430360870413572,673.3536230380087,674.3282385222543,0.01
forward,trace200.csv,673.1,3.999999999976245e-07,500000,,partial: calibration/probe/R0 terms unresolved,0.026532699999999992,1.0,0.00765933074366379,,0.026532699999999965,1.0,0.007659330743663782,,0.026532699999999965,1.0,0.007659330743663782,,0.22813267235026416,0.2512693319280338,0.2512693319280338,672.610684104624,673.5857786085357,0.01
forward,trace201.csv,671.68,3.999999999976245e-07,500000,,partial: calibration/probe/R0 terms unresolved,0.02653269999999998,1.0,0.007659330743663786,,0.026532699999999965,1.0,0.007659330743663782,,0.026532699999999965,1.0,0.007659330743663782,,0.22888400350473637,0.26202273309897783,0.26202273309897783,671.1603075736798,672.1880705040045,0.01
forward,trace202.csv,670.89,3.999999999976245e-07,500000,,partial: calibration/probe/R0 terms unresolved,0.02653269999999998,1.0,0.007659330743663786,,0.026532699999999965,1.0,0.007659330743663782,,0.026532699999999965,1.0,0.007659330743663782,,0.2207114886857777,0.22500726259912485,0.22500726259912485,670.4403751015192,671.3099823034474,0.01
forward,trace203.csv,670.18,3.999999999976245e-07,500000,,partial: calibration/probe/R0 terms unresolved,0.02653269999999998,1.0,0.007659330743663786,,0.026532699999999965,1.0,0.007659330743663782,,0.026532699999999965,1.0,0.007659330743663782,,0.20082491159372412,0.2149796875963775,0.2149796875963775,669.7797589243455,670.5678420450192,0.01
forward,trace204.csv,667.98,3.999999999976245e-07,500000,,partial: calibration/probe/R0 terms unresolved,0.03618100000000002,1.0,0.010444555044774931,,0.036180900000000016,1.0,0.01044452617726147,,0.03618096,1.0,0.010444543497769541,,0.23807147575720328,0.2434337017398061,0.2434337017398061,667.3968801994345,668.3853522601974,0.01
forward,trace205.csv,667.64,3.999999999976245e-07,500000,,partial: calibration/probe/R0 terms unresolved,0.03618100000000002,1.0,0.010444555044774931,,0.036180900000000016,1.0,0.01044452617726147,,0.03618096,1.0,0.010444543497769541,,0.3102421755895398,0.27585538591523046,0.3102421755895398,666.881687560001,668.1316884720823,0.005
forward,trace206.csv,668.34,3.999999999976245e-07,500000,,partial: calibration/probe/R0 terms unresolved,0.03618100000000002,1.0,0.010444555044774931,,0.036180900000000016,1.0,0.01044452617726147,,0.03618096,1.0,0.010444543497769541,,0.3009032174780798,0.2967728526140489,0.3009032174780798,667.772982304299,668.9861432316844,0.005
forward,trace207.csv,667.63,3.999999999976245e-07,500000,,partial: calibration/probe/R0 terms unresolved,0.03618100000000002,1.0,0.010444555044774931,,0.036180900000000016,1.0,0.01044452617726147,,0.03618096,1.0,0.010444543497769541,,0.3217521774893742,0.3081026026049257,0.3217521774893742,667.0344704508432,668.2722157341634,0.005
forward,trace208.csv,667.63,3.999999999976245e-07,500000,,partial: calibration/probe/R0 terms unresolved,0.03618100000000002,1.0,0.010444555044774931,,0.036180900000000016,1.0,0.01044452617726147,,0.03618096,1.0,0.010444543497769541,,0.3290024016349833,0.2859887765874322,0.3290024016349833,666.9644405112543,668.1810324644224,0.005
forward,trace209.csv,667.45,1.000000000001e-06,500000,,partial: calibration/probe/R0 terms unresolved,0.03618100000000002,1.0,0.010444555044774931,,0.036180900000000016,1.0,0.01044452617726147,,0.03618096,1.0,0.010444543497769541,,0.14761438257057027,0.1471143280101523,0.14761438257057027,667.1482196705182,667.7365730869318,0.005
forward,trace210.csv,666.96,1.000000000001e-06,500000,,partial: calibration/probe/R0 terms unresolved,0.03618100000000002,1.0,0.010444555044774931,,0.036180900000000016,1.0,0.01044452617726147,,0.03618096,1.0,0.010444543497769541,,0.15653835577311362,0.1407911542010608,0.15653835577311362,666.6713282802543,667.2750782185824,0.005
forward,trace211.csv,666.99,1.000000000001e-06,500000,,partial: calibration/probe/R0 terms unresolved,0.03618100000000002,1.0,0.010444555044774931,,0.036180900000000016,1.0,0.01044452617726147,,0.03618096,1.0,0.010444543497769541,,0.17424796540623136,0.17184203798644773,0.17424796540623136,666.6630485537944,667.3294045133755,0.005
forward,trace212.csv,666.85,1.000000000001e-06,500000,,partial: calibration/probe/R0 terms unresolved,0.03618100000000002,1.0,0.010444555044774931,,0.036180900000000016,1.0,0.01044452617726147,,0.03618096,1.0,0.010444543497769541,,0.17235313027449167,0.17214866268435433,0.17235313027449167,666.50675639803,667.1677186919501,0.005
forward,trace213.csv,666.2,1.000000000001e-06,500000,,partial: calibration/probe/R0 terms unresolved,0.03618100000000002,1.0,0.010444555044774931,,0.036180900000000016,1.0,0.01044452617726147,,0.03618096,1.0,0.010444543497769541,,0.15669111529961713,0.1501775909006469,0.15669111529961713,665.8835977367665,666.4992573073779,0.005
forward,trace214.csv,665.82,1.000000000001e-06,500000,,partial: calibration/probe/R0 terms unresolved,0.03618100000000002,1.0,0.010444555044774931,,0.036180900000000016,1.0,0.01044452617726147,,0.03618096,1.0,0.010444543497769541,,0.1758387185618666,0.1916143435573426,0.1916143435573426,665.4311278895402,666.1614200381675,0.01
forward,trace215.csv,665.57,1.000000000001e-06,500000,,partial: calibration/probe/R0 terms unresolved,0.03618100000000002,1.0,0.010444555044774931,,0.036180900000000016,1.0,0.01044452617726147,,0.03618096,1.0,0.010444543497769541,,0.18846125414518558,0.20929596304728917,0.20929596304728917,665.1173408864296,665.9505739715278,0.01
forward,trace216.csv,665.02,1.000000000001e-06,500000,,partial: calibration/probe/R0 terms unresolved,0.03618100000000002,1.0,0.010444555044774931,,0.036180900000000016,1.0,0.01044452617726147,,0.0361809799999999,1.0,0.010444549271272204,,0.16215811622217507,0.16781739116100705,0.16781739116100705,664.6989778013075,665.3494666969034,0.01
forward,trace217.csv,663.91,1.000000000001e-06,500000,,partial: calibration/probe/R0 terms unresolved,0.03618100000000002,1.0,0.010444555044774931,,0.036180900000000016,1.0,0.01044452617726147,,0.03618096,1.0,0.010444543497769541,,0.18854790524159964,0.19516731707312554,0.19516731707312554,663.5510254135133,664.2846309455226,0.01
forward,trace218.csv,663.05,1.000000000001e-06,500000,,partial: calibration/probe/R0 terms unresolved,0.03618100000000002,1.0,0.010444555044774931,,0.036180900000000016,1.0,0.01044452617726147,,0.0361809799999999,1.0,0.010444549271272204,,0.20326224002344953,0.21159926488915126,0.21159926488915126,662.6201134321573,663.4019845724853,0.01
forward,trace219.csv,661.8,1.000000000001e-06,500000,,partial: calibration/probe/R0 terms unresolved,0.03618100000000002,1.0,0.010444555044774931,,0.036180900000000016,1.0,0.01044452617726147,,0.03618096,1.0,0.010444543497769541,,0.18845127259710917,0.19395030429087146,0.19395030429087146,661.431181162353,662.1611093218698,0.01
forward,trace220.csv,661.67,1.000000000001e-06,500000,,partial: calibration/probe/R0 terms unresolved,0.03618100000000002,1.0,0.010444555044774931,,0.036180900000000016,1.0,0.01044452617726147,,0.0361809799999999,1.0,0.010444549271272204,,0.1978699152227621,0.2010843721763282,0.2010843721763282,661.2810207611046,662.0624739528495,0.01
forward,trace221.csv,660.45,1.000000000001e-06,500000,,partial: calibration/probe/R0 terms unresolved,0.03618100000000002,1.0,0.010444555044774931,,0.036180900000000016,1.0,0.01044452617726147,,0.0361809799999999,1.0,0.010444549271272204,,0.19076381272560192,0.19878383001778127,0.19878383001778127,660.0514519990601,660.8365320113998,0.01
forward,trace222.csv,659.37,1.000000000001e-06,500000,,partial: calibration/probe/R0 terms unresolved,0.03618100000000002,1.0,0.010444555044774931,,0.036180900000000016,1.0,0.01044452617726147,,0.03618096,1.0,0.010444543497769541,,0.21174262027742696,0.17166819884565857,0.21174262027742696,658.9670466642978,659.7631608868186,0.005
forward,trace223.csv,659.28,1.000000000001e-06,500000,,partial: calibration/probe/R0 terms unresolved,0.03618100000000002,1.0,0.010444555044774931,,0.036180900000000016,1.0,0.01044452617726147,,0.03618096,1.0,0.010444543497769541,,0.19578186772206524,0.1924245088224866,0.19578186772206524,658.9065982622141,659.6537836343451,0.005
forward,trace224.csv,657.88,1.000000000001e-06,500000,,partial: calibration/probe/R0 terms unresolved,0.03618100000000002,1.0,0.010444555044774931,,0.036180900000000016,1.0,0.01044452617726147,,0.03618096,1.0,0.010444543497769541,,0.18971663705220027,0.18311411103162015,0.18971663705220027,657.4909827785309,658.24219432964,0.005
forward,trace225.csv,656.28,1.000000000001e-06,500000,,partial: calibration/probe/R0 terms unresolved,0.03618100000000002,1.0,0.010444555044774931,,0.036180900000000016,1.0,0.01044452617726147,,0.03618096,1.0,0.010444543497769541,,0.19505918698219032,0.18733062432878286,0.19505918698219032,655.9098062087348,656.6722531742129,0.005
forward,trace226.csv,655.05,1.000000000001e-06,500000,,partial: calibration/probe/R0 terms unresolved,0.03618100000000002,1.0,0.010444555044774931,,0.036180900000000016,1.0,0.01044452617726147,,0.03618096,1.0,0.010444543497769541,,0.19088846271303214,0.18420567934169294,0.19088846271303214,654.7361649237702,655.4704877442515,0.005
forward,trace227.csv,653.58,1.000000000001e-06,500000,,partial: calibration/probe/R0 terms unresolved,0.03618100000000002,1.0,0.010444555044774931,,0.036180900000000016,1.0,0.01044452617726147,,0.03618096,1.0,0.010444543497769541,,0.2048460480275669,0.1784887916766711,0.2048460480275669,653.1581877036878,653.9790593777777,0.005
forward,trace228.csv,652.37,1.000000000001e-06,500000,,partial: calibration/probe/R0 terms unresolved,0.03618100000000002,1.0,0.010444555044774931,,0.036180900000000016,1.0,0.01044452617726147,,0.036180939999999995,1.0,0.010444537724266848,,0.190023112482672,0.1841677924600604,0.190023112482672,652.0217003390053,652.7482295690136,0.005
forward,trace229.csv,650.26,1.000000000001e-06,500000,,partial: calibration/probe/R0 terms unresolved,0.03618100000000002,1.0,0.010444555044774931,,0.036180900000000016,1.0,0.01044452617726147,,0.03618092,1.0,0.010444531950764157,,0.2072159027781908,0.24815116515635857,0.24815116515635857,649.780942998167,650.7248731361192,0.01
forward,trace230.csv,648.01,1.000000000001e-06,500000,,partial: calibration/probe/R0 terms unresolved,0.03618100000000002,1.0,0.010444555044774931,,0.036180900000000016,1.0,0.01044452617726147,,0.03618092,1.0,0.010444531950764157,,0.20227099030518417,0.19281898589744476,0.20227099030518417,647.6440592788703,648.4492112304898,0.005
forward,trace231.csv,645.4,1.000000000001e-06,500000,,partial: calibration/probe/R0 terms unresolved,0.03618100000000002,1.0,0.010444555044774931,,0.036180900000000016,1.0,0.01044452617726147,,0.03618092,1.0,0.010444531950764157,,0.22072739505489633,0.2025591624383333,0.22072739505489633,644.983673734516,645.8175562564442,0.005
forward,trace232.csv,642.9,1.000000000001e-06,500000,,partial: calibration/probe/R0 terms unresolved,0.03618100000000002,1.0,0.010444555044774931,,0.036180900000000016,1.0,0.01044452617726147,,0.03618092,1.0,0.010444531950764157,,0.19508198484528722,0.2068214072929259,0.2068214072929259,642.4959656213778,643.2956378712789,0.01
forward,trace233.csv,640.14,1.000000000001e-06,500000,,partial: calibration/probe/R0 terms unresolved,0.03618100000000002,1.0,0.010444555044774931,,0.036180900000000016,1.0,0.01044452617726147,,0.0361809195,1.0,0.01044453180642659,,0.22142214323810866,0.17340438927433424,0.22142214323810866,639.6675327162146,640.5349259692795,0.005
forward,trace234.csv,638.69,1.000000000001e-06,500000,,partial: calibration/probe/R0 terms unresolved,0.03618100000000002,1.0,0.010444555044774931,,0.036180900000000016,1.0,0.01044452617726147,,0.0361809195,1.0,0.01044453180642659,,0.18842801690828342,0.1779004491607188,0.18842801690828342,638.320531324826,639.0593522970835,0.005
forward,trace235.csv,637.11,1.000000000001e-06,500000,,partial: calibration/probe/R0 terms unresolved,0.03618100000000002,1.0,0.010444555044774931,,0.036180900000000016,1.0,0.01044452617726147,,0.0361809195,1.0,0.01044453180642659,,0.19150133663388427,0.18934454571976608,0.19150133663388427,636.7644938367489,637.5204083345756,0.005
forward,trace236.csv,636.17,1.000000000001e-06,500000,,partial: calibration/probe/R0 terms unresolved,0.03618100000000002,1.0,0.010444555044774931,,0.036180900000000016,1.0,0.01044452617726147,,0.036180919,1.0,0.010444531662089022,,0.17783476639519727,0.19916396221993427,0.19916396221993427,635.7341714999937,636.4944760785615,0.01
forward,trace237.csv,632.56,1.000000000001e-06,500000,,partial: calibration/probe/R0 terms unresolved,0.03618100000000002,1.0,0.010444555044774931,,0.036180900000000016,1.0,0.01044452617726147,,0.036180919,1.0,0.010444531662089022,,0.22419701323545166,0.21051754253616559,0.22419701323545166,632.1114799915333,632.9597095342895,0.005
forward,trace238.csv,627.73,1.000000000001e-06,500000,,partial: calibration/probe/R0 terms unresolved,0.03618100000000002,1.0,0.010444555044774931,,0.036180900000000016,1.0,0.01044452617726147,,0.036180919,1.0,0.010444531662089022,,0.22414750106341924,0.1862291283334246,0.22414750106341924,627.3038676324596,628.1715206116822,0.005
forward,trace239.csv,626.45,1.000000000001e-06,500000,,partial: calibration/probe/R0 terms unresolved,0.03618100000000002,1.0,0.010444555044774931,,0.036180900000000016,1.0,0.01044452617726147,,0.036180911,1.0,0.010444529352687948,,0.19873092506349851,0.21834541409300076,0.21834541409300076,626.0276180929268,626.8729019192369,0.01
forward,trace240.csv,623.95,1.000000000001e-06,500000,,partial: calibration/probe/R0 terms unresolved,0.03618100000000002,1.0,0.010444555044774931,,0.036180900000000016,1.0,0.01044452617726147,,0.036180911,1.0,0.010444529352687948,,0.19741660684189694,0.1880485769273554,0.19741660684189694,623.5562668135547,624.3202194598754,0.005
forward,trace241.csv,621.51,1.000000000001e-06,500000,,partial: calibration/probe/R0 terms unresolved,0.03618100000000002,1.0,0.010444555044774931,,0.036180900000000016,1.0,0.01044452617726147,,0.036180911,1.0,0.010444529352687948,,0.20303319135826134,0.23985508068504147,0.23985508068504147,621.0294823183347,621.9606322413338,0.01
forward,trace242.csv,616.85,1.000000000001e-06,500000,,partial: calibration/probe/R0 terms unresolved,0.03618100000000002,1.0,0.010444555044774931,,0.036180900000000016,1.0,0.01044452617726147,,0.0361809105,1.0,0.01044452920835038,,0.19125293599260804,0.1525437085242501,0.19125293599260804,616.5068532839884,617.2469665770827,0.005
forward,trace243.csv,613.82,1.000000000001e-06,500000,,partial: calibration/probe/R0 terms unresolved,0.03618100000000002,1.0,0.010444555044774931,,0.036180900000000016,1.0,0.01044452617726147,,0.036180910000000004,1.0,0.010444529064012813,,0.20060988093315552,0.19755590589717226,0.20060988093315552,613.4264664543927,614.2156142847449,0.005
forward,trace244.csv,610.32,1.000000000001e-06,500000,,partial: calibration/probe/R0 terms unresolved,0.03618100000000002,1.0,0.010444555044774931,,0.036180900000000016,1.0,0.01044452617726147,,0.036180910000000004,1.0,0.010444529064012813,,0.15709938515303584,0.16442239412617937,0.16442239412617937,610.022608792678,610.679559095918,0.01
forward,trace245.csv,606.81,1.000000000001e-06,500000,,partial: calibration/probe/R0 terms unresolved,0.03618100000000002,1.0,0.010444555044774931,,0.036180900000000016,1.0,0.01044452617726147,,0.03618090500000004,1.0,0.010444527620637151,,0.21143843715865832,0.19671551937162343,0.21143843715865832,606.4070735102753,607.2160897513658,0.005
forward,trace246.csv,602.83,1.000000000001e-06,500000,,partial: calibration/probe/R0 terms unresolved,0.03618100000000002,1.0,0.010444555044774931,,0.036180900000000016,1.0,0.01044452617726147,,0.03618090500000004,1.0,0.010444527620637151,,0.21212464074394224,0.18799556852133564,0.21212464074394224,602.4765964433532,603.2669207889339,0.005
forward,trace247.csv,601.28,1.000000000001e-06,500000,,partial: calibration/probe/R0 terms unresolved,0.03618100000000002,1.0,0.010444555044774931,,0.036180900000000016,1.0,0.01044452617726147,,0.03618090000000007,1.0,0.010444526177261486,,0.19834787127913336,0.18886959280816684,0.19834787127913336,600.8945762718325,601.676613793443,0.005
forward,trace248.csv,597.84,1.000000000001e-06,500000,,partial: calibration/probe/R0 terms unresolved,0.03618100000000002,1.0,0.010444555044774931,,0.036180900000000016,1.0,0.01044452617726147,,0.03618090000000007,1.0,0.010444526177261486,,0.20742661202734938,0.22007560353013697,0.22007560353013697,597.3947967704132,598.2615329673963,0.01
forward,trace249.csv,594.41,1.000000000001e-06,500000,,partial: calibration/probe/R0 terms unresolved,0.03618100000000002,1.0,0.010444555044774931,,0.036180900000000016,1.0,0.01044452617726147,,0.03618090000000007,1.0,0.010444526177261486,,0.22479106104099134,0.24032630591861243,0.24032630591861243,593.9571735089442,594.8838747864504,0.01
forward,trace250.csv,591.32,1.000000000001e-06,500000,,partial: calibration/probe/R0 terms unresolved,0.03618100000000002,1.0,0.010444555044774931,,0.036180900000000016,1.0,0.01044452617726147,,0.03618090000000007,1.0,0.010444526177261486,,0.20691530485184756,0.18589531484223326,0.20691530485184756,590.9397677789773,591.7253081851832,0.005
forward,trace251.csv,589.56,1.000000000001e-06,500000,,partial: calibration/probe/R0 terms unresolved,0.03618100000000002,1.0,0.010444555044774931,,0.036180900000000016,1.0,0.01044452617726147,,0.03618090000000007,1.0,0.010444526177261486,,0.20975309407324474,0.20360674361653422,0.20975309407324474,589.1075468013894,589.9867788954892,0.005
forward,trace252.csv,587.25,1.000000000001e-06,500000,,partial: calibration/probe/R0 terms unresolved,0.03618100000000002,1.0,0.010444555044774931,,0.036180900000000016,1.0,0.01044452617726147,,0.03618090000000007,1.0,0.010444526177261486,,0.22762592450358557,0.21591445794685116,0.22762592450358557,586.8153216811512,587.6839522406138,0.005
forward,trace253.csv,584.11,1.000000000001e-06,500000,,partial: calibration/probe/R0 terms unresolved,0.03618100000000002,1.0,0.010444555044774931,,0.036180900000000016,1.0,0.01044452617726147,,0.03618090000000007,1.0,0.010444526177261486,,0.22754376371159837,0.221345953217117,0.22754376371159837,583.6721073717393,584.5301910995553,0.005
forward,trace254.csv,582.06,1.000000000001e-06,500000,,partial: calibration/probe/R0 terms unresolved,0.03618100000000002,1.0,0.010444555044774931,,0.036180900000000016,1.0,0.01044452617726147,,0.03618090000000007,1.0,0.010444526177261486,,0.24284036519017263,0.2594048662029391,0.2594048662029391,581.6184943863519,582.6474533618284,0.01
forward,trace255.csv,579.6,1.000000000001e-06,500000,,partial: calibration/probe/R0 terms unresolved,0.03618100000000002,1.0,0.010444555044774931,,0.036180900000000016,1.0,0.01044452617726147,,0.03618090000000007,1.0,0.010444526177261486,,0.20529802588101012,0.18794883443450766,0.20529802588101012,579.1914276783,579.9810858945564,0.005
forward,trace256.csv,577.1,1.000000000001e-06,500000,,partial: calibration/probe/R0 terms unresolved,0.03618100000000002,1.0,0.010444555044774931,,0.036180900000000016,1.0,0.01044452617726147,,0.03618090000000007,1.0,0.010444526177261486,,0.2421752618163068,0.24756653660569852,0.24756653660569852,576.589388373785,577.5347976243312,0.01
forward,trace257.csv,575.47,1.000000000001e-06,500000,,partial: calibration/probe/R0 terms unresolved,0.03618100000000002,1.0,0.010444555044774931,,0.036180900000000016,1.0,0.01044452617726147,,0.03618090000000007,1.0,0.010444526177261486,,0.24048400761204353,0.23780432316327793,0.24048400761204353,574.9667555056235,575.92192603277,0.005
forward,trace258.csv,571.89,1.000000000001e-06,500000,,partial: calibration/probe/R0 terms unresolved,0.03618100000000002,1.0,0.010444555044774931,,0.036180900000000016,1.0,0.01044452617726147,,0.03618090000000007,1.0,0.010444526177261486,,0.26316492673523273,0.25818847446297954,0.26316492673523273,571.3679416968617,572.3645226142094,0.005
forward,trace259.csv,569.32,1.000000000001e-06,500000,,partial: calibration/probe/R0 terms unresolved,0.03618100000000002,1.0,0.010444555044774931,,0.036180900000000016,1.0,0.01044452617726147,,0.03618090000000007,1.0,0.010444526177261486,,0.24191939038604554,0.26443601370142955,0.26443601370142955,568.8172383110239,569.8327552618451,0.01
forward,trace260.csv,567.59,1.000000000001e-06,500000,,partial: calibration/probe/R0 terms unresolved,0.03618100000000002,1.0,0.010444555044774931,,0.036180900000000016,1.0,0.01044452617726147,,0.03618090000000007,1.0,0.010444526177261486,,0.24516525526165203,0.2169330248660009,0.24516525526165203,567.1257398765296,568.0598726524511,0.005
forward,trace261.csv,563.95,1.000000000001e-06,500000,,partial: calibration/probe/R0 terms unresolved,0.03618100000000002,1.0,0.010444555044774931,,0.036180900000000016,1.0,0.01044452617726147,,0.03618090000000007,1.0,0.010444526177261486,,0.2637212188910834,0.24635681952026053,0.2637212188910834,563.3952966939527,564.4586117748106,0.005
forward,trace262.csv,562.24,1.000000000001e-06,500000,,partial: calibration/probe/R0 terms unresolved,0.03618100000000002,1.0,0.010444555044774931,,0.036180900000000016,1.0,0.01044452617726147,,0.03618090000000007,1.0,0.010444526177261486,,0.3046764726438549,0.2984199010964122,0.3046764726438549,561.690972413012,562.8230304489924,0.005
forward,trace263.csv,559.98,1.000000000001e-06,500000,,partial: calibration/probe/R0 terms unresolved,0.03618100000000002,1.0,0.010444555044774931,,0.036180900000000016,1.0,0.01044452617726147,,0.03618090000000007,1.0,0.010444526177261486,,0.27511713124519116,0.26764607126581236,0.27511713124519116,559.4318082789472,560.4842827502179,0.005
forward,trace264.csv,559.08,1.000000000001e-06,500000,,partial: calibration/probe/R0 terms unresolved,0.03618100000000002,1.0,0.010444555044774931,,0.036180900000000016,1.0,0.01044452617726147,,0.03618090000000007,1.0,0.010444526177261486,,0.232756681269392,0.22711561702669264,0.232756681269392,558.6031686514569,559.5100331339894,0.005
forward,trace265.csv,557.89,1.000000000001e-06,500000,,partial: calibration/probe/R0 terms unresolved,0.03618100000000002,1.0,0.010444555044774931,,0.036180900000000016,1.0,0.01044452617726147,,0.03618090000000007,1.0,0.010444526177261486,,0.26985965005037404,0.26918846262752577,0.26985965005037404,557.3458113595011,558.403666203232,0.005
forward,trace266.csv,555.99,1.000000000001e-06,500000,,partial: calibration/probe/R0 terms unresolved,0.03618100000000002,1.0,0.010444555044774931,,0.036180900000000016,1.0,0.01044452617726147,,0.03618090000000007,1.0,0.010444526177261486,,0.25019311409927036,0.2672339849214312,0.2672339849214312,555.4695284525486,556.5025082009954,0.01
forward,trace267.csv,554.45,1.000000000001e-06,500000,,partial: calibration/probe/R0 terms unresolved,0.03618100000000002,1.0,0.010444555044774931,,0.036180900000000016,1.0,0.01044452617726147,,0.03618090000000007,1.0,0.010444526177261486,,0.23976696019420762,0.2489543412738247,0.2489543412738247,553.9488740244022,554.9256309634687,0.01
forward,trace268.csv,553.38,1.000000000001e-06,500000,,partial: calibration/probe/R0 terms unresolved,0.036181000000000005,1.0,0.010444555044774926,,0.036180900000000016,1.0,0.01044452617726147,,0.03618090000000007,1.0,0.010444526177261486,,0.2524450968934595,0.2481830970455636,0.2524450968934595,552.9008116517483,553.9125811722217,0.005
forward,trace269.csv,551.2,1.000000000001e-06,500000,,partial: calibration/probe/R0 terms unresolved,0.036181000000000005,1.0,0.010444555044774926,,0.036180900000000016,1.0,0.01044452617726147,,0.03618090000000007,1.0,0.010444526177261486,,0.2228740919889821,0.23540542747517837,0.23540542747517837,550.7619159350952,551.651061452852,0.01
forward,trace270.csv,549.34,1.000000000001e-06,500000,,partial: calibration/probe/R0 terms unresolved,0.03618099999999999,1.0,0.010444555044774923,,0.036180900000000016,1.0,0.01044452617726147,,0.03618090000000007,1.0,0.010444526177261486,,0.2558281694187901,0.2599628955654637,0.2599628955654637,548.8638352899312,549.8598891615384,0.01
forward,trace271.csv,546.39,1.000000000001e-06,500000,,partial: calibration/probe/R0 terms unresolved,0.03618099999999998,1.0,0.01044455504477492,,0.036180900000000016,1.0,0.01044452617726147,,0.03618090000000007,1.0,0.010444526177261486,,0.2501755994963859,0.2629684524344637,0.2629684524344637,545.899016780158,546.9152503916224,0.01
forward,trace272.csv,544.13,1.000000000001e-06,500000,,partial: calibration/probe/R0 terms unresolved,0.03618099999999998,1.0,0.01044455504477492,,0.036180900000000016,1.0,0.01044452617726147,,0.03618090000000007,1.0,0.010444526177261486,,0.27204472791136625,0.25698598090647523,0.27204472791136625,543.5660989394792,544.6352686562262,0.005
forward,trace273.csv,541.68,1.000000000001e-06,500000,,partial: calibration/probe/R0 terms unresolved,0.03618099999999996,1.0,0.010444555044774914,,0.036180900000000016,1.0,0.01044452617726147,,0.03618090000000007,1.0,0.010444526177261486,,0.27200783142848123,0.24779915916596293,0.27200783142848123,541.131098072378,542.2170045598618,0.005
forward,trace274.csv,540.58,1.000000000001e-06,500000,,partial: calibration/probe/R0 terms unresolved,0.03618099999999996,1.0,0.010444555044774914,,0.036180900000000016,1.0,0.01044452617726147,,0.03618090000000007,1.0,0.010444526177261486,,0.26472952862935223,0.2567127320530668,0.26472952862935223,540.0175680036131,541.0542359876517,0.005
forward,trace275.csv,540.8,1.000000000001e-06,500000,,partial: calibration/probe/R0 terms unresolved,0.03618099999999996,1.0,0.010444555044774914,,0.036180900000000016,1.0,0.01044452617726147,,0.03618090000000007,1.0,0.010444526177261486,,0.23847362573988187,0.2530942632565879,0.2530942632565879,540.310254947533,541.2353183765314,0.01
forward,trace276.csv,538.92,1.000000000001e-06,500000,,partial: calibration/probe/R0 terms unresolved,0.03618099999999998,1.0,0.01044455504477492,,0.036180900000000016,1.0,0.01044452617726147,,0.03618090000000007,1.0,0.010444526177261486,,0.2743803649006429,0.25273605433749696,0.2743803649006429,538.4110074728461,539.4483234857901,0.005
forward,trace277.csv,536.71,1.000000000001e-06,500000,,partial: calibration/probe/R0 terms unresolved,0.03618099999999998,1.0,0.01044455504477492,,0.036180900000000016,1.0,0.01044452617726147,,0.03618090000000007,1.0,0.010444526177261486,,0.26001623302445986,0.2614159679451844,0.2614159679451844,536.1849772518736,537.1843940149786,0.01
forward,trace278.csv,535.46,1.000000000001e-06,500000,,partial: calibration/probe/R0 terms unresolved,0.03618099999999996,1.0,0.010444555044774914,,0.036180900000000016,1.0,0.01044452617726147,,0.03618090000000007,1.0,0.010444526177261486,,0.24805950519530973,0.2882905495573026,0.2882905495573026,534.960818806562,536.0524254314463,0.01
forward,trace279.csv,534.06,1.000000000001e-06,500000,,partial: calibration/probe/R0 terms unresolved,0.03618099999999996,1.0,0.010444555044774914,,0.036180900000000016,1.0,0.01044452617726147,,0.03618090000000007,1.0,0.010444526177261486,,0.3012151779258106,0.27167141324599386,0.3012151779258106,533.4877454387048,534.6675082272308,0.005
forward,trace280.csv,533.31,1.000000000001e-06,500000,,partial: calibration/probe/R0 terms unresolved,0.03618099999999996,1.0,0.010444555044774914,,0.036180900000000016,1.0,0.01044452617726147,,0.03618090000000007,1.0,0.010444526177261486,,0.23174375782216766,0.22534162537238567,0.23174375782216766,532.8648512912708,533.7589640493412,0.005
forward,trace281.csv,532.33,1.000000000001e-06,500000,,partial: calibration/probe/R0 terms unresolved,0.03618099999999996,1.0,0.010444555044774914,,0.036180900000000016,1.0,0.01044452617726147,,0.03618090000000007,1.0,0.010444526177261486,,0.2882328742536613,0.30083309852287443,0.30083309852287443,531.7708055314082,532.9227654858313,0.01
forward,trace282.csv,530.55,1.000000000001e-06,500000,,partial: calibration/probe/R0 terms unresolved,0.03618099999999996,1.0,0.010444555044774914,,0.036180900000000016,1.0,0.01044452617726147,,0.03618090000000007,1.0,0.010444526177261486,,0.2350864525207836,0.24399231161462898,0.24399231161462898,530.112994727433,531.0405736737807,0.01
forward,trace283.csv,529.45,1.000000000001e-06,500000,,partial: calibration/probe/R0 terms unresolved,0.03618099999999988,1.0,0.010444555044774892,,0.036180900000000016,1.0,0.01044452617726147,,0.03618090000000007,1.0,0.010444526177261486,,0.24017090111548423,0.2445577634776722,0.2445577634776722,528.9875144213604,529.9702877262962,0.01
forward,trace284.csv,530.31,1.000000000001e-06,500000,,partial: calibration/probe/R0 terms unresolved,0.03618099999999988,1.0,0.010444555044774892,,0.036180900000000016,1.0,0.01044452617726147,,0.03618090000000007,1.0,0.010444526177261486,,0.2537237686182068,0.24402335610345408,0.2537237686182068,529.8170100624764,530.7960093588797,0.005
forward,trace285.csv,529.19,1.000000000001e-06,500000,,partial: calibration/probe/R0 terms unresolved,0.03618099999999988,1.0,0.010444555044774892,,0.036180900000000016,1.0,0.01044452617726147,,0.03618090000000007,1.0,0.010444526177261486,,0.2326321960144973,0.2636691754209649,0.2636691754209649,528.6781418168767,529.6676901012256,0.01
forward,trace286.csv,526.25,1.000000000001e-06,500000,,partial: calibration/probe/R0 terms unresolved,0.0361809999999998,1.0,0.010444555044774867,,0.036180900000000016,1.0,0.01044452617726147,,0.03618090000000007,1.0,0.010444526177261486,,0.2889616011883832,0.2713106177551126,0.2889616011883832,525.6763432259328,526.7793861894845,0.005
forward,trace287.csv,524.72,1.000000000001e-06,500000,,partial: calibration/probe/R0 terms unresolved,0.0361809999999998,1.0,0.010444555044774867,,0.036180900000000016,1.0,0.01044452617726147,,0.03618090000000007,1.0,0.010444526177261486,,0.22215484242165823,0.2385771207721259,0.2385771207721259,524.2665208244622,525.1913912869018,0.01
forward,trace288.csv,521.8,1.000000000001e-06,500000,,partial: calibration/probe/R0 terms unresolved,0.0361809999999998,1.0,0.010444555044774867,,0.036180900000000016,1.0,0.01044452617726147,,0.03618090000000007,1.0,0.010444526177261486,,0.2429519112762639,0.23656048370080313,0.2429519112762639,521.3109051010077,522.2672651884858,0.005
forward,trace289.csv,518.39,1.000000000001e-06,500000,,partial: calibration/probe/R0 terms unresolved,0.0361809999999998,1.0,0.010444555044774867,,0.036180900000000016,1.0,0.01044452617726147,,0.03618090000000007,1.0,0.010444526177261486,,0.2732252328671802,0.2989546216574992,0.2989546216574992,517.8094108585767,519.0000420932333,0.01
forward,trace290.csv,515.73,1.000000000001e-06,500000,,partial: calibration/probe/R0 terms unresolved,0.0361809999999998,1.0,0.010444555044774867,,0.036180900000000016,1.0,0.01044452617726147,,0.03618090000000007,1.0,0.010444526177261486,,0.2668471114578707,0.2638973102837231,0.2668471114578707,515.1558569017224,516.2388226918583,0.005
forward,trace291.csv,514.54,1.000000000001e-06,500000,,partial: calibration/probe/R0 terms unresolved,0.0361809999999998,1.0,0.010444555044774867,,0.036180900000000016,1.0,0.01044452617726147,,0.03618090000000007,1.0,0.010444526177261486,,0.2697743343725781,0.2923628645852582,0.2923628645852582,514.007978627649,515.1355784686178,0.01
forward,trace292.csv,513.38,1.000000000001e-06,500000,,partial: calibration/probe/R0 terms unresolved,0.0361809999999998,1.0,0.010444555044774867,,0.036180900000000016,1.0,0.01044452617726147,,0.03618090000000007,1.0,0.010444526177261486,,0.26891642560954937,0.2837220307329505,0.2837220307329505,512.8305087725331,513.9331657606259,0.01
forward,trace293.csv,512.51,1.000000000001e-06,500000,,partial: calibration/probe/R0 terms unresolved,0.0361809999999998,1.0,0.010444555044774867,,0.036180900000000016,1.0,0.01044452617726147,,0.03618090000000007,1.0,0.010444526177261486,,0.28900958659752823,0.25625692701910685,0.28900958659752823,511.9737294178925,513.0921278358145,0.005
forward,trace294.csv,510.58,1.000000000001e-06,500000,,partial: calibration/probe/R0 terms unresolved,0.0361809999999998,1.0,0.010444555044774867,,0.036180900000000016,1.0,0.01044452617726147,,0.03618090000000007,1.0,0.010444526177261486,,0.30991673972247047,0.30999132391238227,0.30999132391238227,509.95921154381824,511.2099285999577,0.01
forward,trace295.csv,508.99,1.000000000001e-06,500000,,partial: calibration/probe/R0 terms unresolved,0.0361809999999998,1.0,0.010444555044774867,,0.036180900000000016,1.0,0.01044452617726147,,0.03618090000000007,1.0,0.010444526177261486,,0.2908952346266531,0.31156380134968625,0.31156380134968625,508.3783787066554,509.6084604461387,0.01
forward,trace296.csv,507.55,1.000000000001e-06,500000,,partial: calibration/probe/R0 terms unresolved,0.0361809999999998,1.0,0.010444555044774867,,0.036180900000000016,1.0,0.01044452617726147,,0.03618090000000007,1.0,0.010444526177261486,,0.3359351732804972,0.3374764496689036,0.3374764496689036,506.81284557502715,508.15120952327305,0.01
forward,trace297.csv,506.07,1.000000000001e-06,500000,,partial: calibration/probe/R0 terms unresolved,0.0361809999999998,1.0,0.010444555044774867,,0.036180900000000016,1.0,0.01044452617726147,,0.03618090000000007,1.0,0.010444526177261486,,0.28084191731012226,0.25567349486810165,0.28084191731012226,505.50438761718806,506.67087166885824,0.005
forward,trace298.csv,505.02,1.000000000001e-06,500000,,partial: calibration/probe/R0 terms unresolved,0.0361809999999998,1.0,0.010444555044774867,,0.036180900000000016,1.0,0.01044452617726147,,0.03618090000000007,1.0,0.010444526177261486,,0.2585196582075847,0.2258439841174966,0.2585196582075847,504.4998907542124,505.49713032689044,0.005
forward,trace299.csv,503.25,1.000000000001e-06,500000,,partial: calibration/probe/R0 terms unresolved,0.0361809999999998,1.0,0.010444555044774867,,0.036180900000000016,1.0,0.01044452617726147,,0.03618090000000007,1.0,0.010444526177261486,,0.24339660601341115,0.25081752247063693,0.25081752247063693,502.78160762289536,503.7681728339892,0.01
forward,trace300.csv,501.68,1.000000000001e-06,500000,,partial: calibration/probe/R0 terms unresolved,0.0361809999999998,1.0,0.010444555044774867,,0.036180900000000016,1.0,0.01044452617726147,,0.03618090000000007,1.0,0.010444526177261486,,0.2592746435008492,0.24076929448926018,0.2592746435008492,501.1594248662057,502.14874143511213,0.005
forward,trace301.csv,500.62,1.000000000001e-06,500000,,partial: calibration/probe/R0 terms unresolved,0.0361809999999998,1.0,0.010444555044774867,,0.036180900000000016,1.0,0.01044452617726147,,0.03618090000000007,1.0,0.010444526177261486,,0.25926202674801174,0.22567140487872073,0.25926202674801174,500.089156491933,501.10246371026943,0.005
forward,trace302.csv,499.0,1.000000000001e-06,500000,,partial: calibration/probe/R0 terms unresolved,0.0361809999999998,1.0,0.010444555044774867,,0.036180900000000016,1.0,0.01044452617726147,,0.03618090000000007,1.0,0.010444526177261486,,0.30686061043026386,0.26190757634950557,0.30686061043026386,498.4007798942908,499.52191663042686,0.005
forward,trace303.csv,495.13,1.000000000001e-06,500000,,partial: calibration/probe/R0 terms unresolved,0.0361809999999998,1.0,0.010444555044774867,,0.036180900000000016,1.0,0.01044452617726147,,0.03618090000000007,1.0,0.010444526177261486,,0.30528464770895325,0.2909230039686859,0.30528464770895325,494.54761420779505,495.7605331590377,0.005
forward,trace304.csv,492.64,1.000000000001e-06,500000,,partial: calibration/probe/R0 terms unresolved,0.0361809999999998,1.0,0.010444555044774867,,0.036180900000000016,1.0,0.01044452617726147,,0.03618090000000007,1.0,0.010444526177261486,,0.2693440479783939,0.2856158368732,0.2856158368732,492.1282463311223,493.1752077367983,0.01
forward,trace305.csv,492.7,1.000000000001e-06,500000,,partial: calibration/probe/R0 terms unresolved,0.0361809999999998,1.0,0.010444555044774867,,0.036180900000000016,1.0,0.01044452617726147,,0.03618090000000007,1.0,0.010444526177261486,,0.29672482347797835,0.3072921255400769,0.3072921255400769,492.07495531229955,493.33932037877463,0.01
forward,trace306.csv,492.93,1.000000000001e-06,500000,,partial: calibration/probe/R0 terms unresolved,0.0361809799999999,1.0,0.010444549271272204,,0.036180900000000016,1.0,0.01044452617726147,,0.036180900000000044,1.0,0.010444526177261479,,0.28010982005318674,0.2895995859018857,0.2895995859018857,492.3534292412494,493.44763736631376,0.01
forward,trace307.csv,491.58,1.000000000001e-06,500000,,partial: calibration/probe/R0 terms unresolved,0.0361809999999998,1.0,0.010444555044774867,,0.036180900000000016,1.0,0.01044452617726147,,0.03618090000000007,1.0,0.010444526177261486,,0.2809894862016924,0.24557115186481276,0.2809894862016924,491.08507562530826,492.16397585616505,0.005
forward,trace308.csv,489.62,1.000000000001e-06,500000,,partial: calibration/probe/R0 terms unresolved,0.03618090500000004,1.0,0.010444527620637151,,0.036180900000000016,1.0,0.01044452617726147,,0.036180900000000016,1.0,0.01044452617726147,,0.2981728407856462,0.27700036541678535,0.2981728407856462,489.05580048640013,490.2605003754203,0.005
forward,trace309.csv,490.62,1.000000000001e-06,500000,,partial: calibration/probe/R0 terms unresolved,0.0361809799999999,1.0,0.010444549271272204,,0.036180900000000016,1.0,0.01044452617726147,,0.036180900000000044,1.0,0.010444526177261479,,0.2781781091185037,0.2544165758567226,0.2781781091185037,490.07481376587793,491.17100693316974,0.005
forward,trace310.csv,489.98,1.000000000001e-06,500000,,partial: calibration/probe/R0 terms unresolved,0.0361809999999998,1.0,0.010444555044774867,,0.036180900000000016,1.0,0.01044452617726147,,0.036180900000000044,1.0,0.010444526177261479,,0.25648708225656613,0.26260717853404003,0.26260717853404003,489.4982604166197,490.5129258653092,0.01
forward,trace311.csv,488.07,1.000000000001e-06,500000,,partial: calibration/probe/R0 terms unresolved,0.0361809999999998,1.0,0.010444555044774867,,0.036180900000000016,1.0,0.01044452617726147,,0.036180900000000044,1.0,0.010444526177261479,,0.27522824912481736,0.23639157405934283,0.27522824912481736,487.4827872198134,488.55902146280505,0.005
forward,trace312.csv,486.76,1.000000000001e-06,500000,,partial: calibration/probe/R0 terms unresolved,0.0361809999999998,1.0,0.010444555044774867,,0.036180900000000016,1.0,0.01044452617726147,,0.036180900000000044,1.0,0.010444526177261479,,0.30402927662586704,0.30530932278808415,0.30530932278808415,486.11605576637857,487.3398933012007,0.01
forward,trace313.csv,484.37,1.000000000001e-06,500000,,partial: calibration/probe/R0 terms unresolved,0.0361809999999998,1.0,0.010444555044774867,,0.036180900000000016,1.0,0.01044452617726147,,0.036180900000000044,1.0,0.010444526177261479,,0.29095221401992216,0.30978960790611537,0.30978960790611537,483.74703227162826,484.9947864869529,0.01
forward,trace314.csv,481.54,1.000000000001e-06,500000,,partial: calibration/probe/R0 terms unresolved,0.0361809799999999,1.0,0.010444549271272204,,0.036180900000000016,1.0,0.01044452617726147,,0.036180900000000016,1.0,0.01044452617726147,,0.2914461782329335,0.2856501137495287,0.2914461782329335,480.9872234007898,482.0516034298119,0.005
forward,trace315.csv,478.28,1.000000000001e-06,500000,,partial: calibration/probe/R0 terms unresolved,0.03618096,1.0,0.010444543497769541,,0.036180900000000016,1.0,0.01044452617726147,,0.036180900000000016,1.0,0.01044452617726147,,0.2815317255035321,0.21830053304410293,0.2815317255035321,477.74460790276123,478.8853688208325,0.005
forward,trace316.csv,476.35,1.000000000001e-06,500000,,partial: calibration/probe/R0 terms unresolved,0.03618096,1.0,0.010444543497769541,,0.036180900000000016,1.0,0.01044452617726147,,0.036180900000000016,1.0,0.01044452617726147,,0.2999556137344615,0.34005451751279114,0.34005451751279114,475.75314113654633,477.0390007867581,0.01
forward,trace317.csv,473.55,1.000000000001e-06,500000,,partial: calibration/probe/R0 terms unresolved,0.036180939999999995,1.0,0.010444537724266848,,0.036180900000000016,1.0,0.01044452617726147,,0.036180900000000016,1.0,0.01044452617726147,,0.2720992941765509,0.25434569002451013,0.2720992941765509,473.0485637939775,474.06265126685093,0.005
forward,trace318.csv,471.72,1.000000000001e-06,500000,,partial: calibration/probe/R0 terms unresolved,0.03618092,1.0,0.010444531950764157,,0.036180900000000016,1.0,0.01044452617726147,,0.036180900000000016,1.0,0.01044452617726147,,0.29973829828480303,0.3087217079442312,0.3087217079442312,471.17657565704883,472.3371469201135,0.01
forward,trace319.csv,470.31,1.000000000001e-06,500000,,partial: calibration/probe/R0 terms unresolved,0.03618092,1.0,0.010444531950764157,,0.036180900000000016,1.0,0.01044452617726147,,0.036180900000000016,1.0,0.01044452617726147,,0.30698462919868735,0.2734446152198198,0.30698462919868735,469.7262014879205,470.98537910887444,0.005
forward,trace320.csv,468.43,1.000000000001e-06,500000,,partial: calibration/probe/R0 terms unresolved,0.03618092,1.0,0.010444531950764157,,0.036180900000000016,1.0,0.01044452617726147,,0.036180900000000016,1.0,0.01044452617726147,,0.28420588072112024,0.26905545949779924,0.28420588072112024,467.88532460458237,469.01085476728406,0.005
forward,trace321.csv,467.22,1.000000000001e-06,500000,,partial: calibration/probe/R0 terms unresolved,0.03618092,1.0,0.010444531950764157,,0.036180900000000016,1.0,0.01044452617726147,,0.036180900000000016,1.0,0.01044452617726147,,0.2532236457054745,0.2519753513824436,0.2532236457054745,466.69317612031534,467.67492316150407,0.005
forward,trace322.csv,465.08,1.000000000001e-06,500000,,partial: calibration/probe/R0 terms unresolved,0.036180919,1.0,0.010444531662089022,,0.036180900000000016,1.0,0.01044452617726147,,0.036180900000000016,1.0,0.01044452617726147,,0.3162275428871175,0.28454979550171927,0.3162275428871175,464.5053135813169,465.68893877437165,0.005
forward,trace323.csv,463.91,1.000000000001e-06,500000,,partial: calibration/probe/R0 terms unresolved,0.036180919,1.0,0.010444531662089022,,0.036180900000000016,1.0,0.01044452617726147,,0.036180900000000016,1.0,0.01044452617726147,,0.28468659927341633,0.2948167647373474,0.2948167647373474,463.3714733509182,464.51639231160175,0.01
forward,trace324.csv,463.85,1.000000000001e-06,500000,,partial: calibration/probe/R0 terms unresolved,0.036180919,1.0,0.010444531662089022,,0.036180900000000016,1.0,0.01044452617726147,,0.036180900000000016,1.0,0.01044452617726147,,0.2620879121846738,0.2785530585187849,0.2785530585187849,463.2608273030031,464.38604305048517,0.01
forward,trace325.csv,461.25,1.000000000001e-06,500000,,partial: calibration/probe/R0 terms unresolved,0.036180919,1.0,0.010444531662089022,,0.036180900000000016,1.0,0.01044452617726147,,0.036180900000000016,1.0,0.01044452617726147,,0.299005866910914,0.30988141219019394,0.30988141219019394,460.6347476340883,461.81820800701433,0.01
forward,trace326.csv,459.21,1.000000000001e-06,500000,,partial: calibration/probe/R0 terms unresolved,0.036180919,1.0,0.010444531662089022,,0.036180900000000016,1.0,0.01044452617726147,,0.036180900000000016,1.0,0.01044452617726147,,0.3168823697650959,0.3135004352907563,0.3168823697650959,458.67529596816405,459.79711714382876,0.005
forward,trace327.csv,457.83,1.000000000001e-06,500000,,partial: calibration/probe/R0 terms unresolved,0.036180915,1.0,0.010444530507388486,,0.036180900000000016,1.0,0.01044452617726147,,0.036180900000000016,1.0,0.01044452617726147,,0.28879763654906543,0.28223888954130294,0.28879763654906543,457.31992729606253,458.4153862603563,0.005
forward,trace328.csv,456.59,1.000000000001e-06,500000,,partial: calibration/probe/R0 terms unresolved,0.036180915,1.0,0.010444530507388486,,0.036180900000000016,1.0,0.01044452617726147,,0.036180900000000016,1.0,0.01044452617726147,,0.3133691766840973,0.31618924638183493,0.31618924638183493,455.9371145857479,457.22665176822994,0.01
forward,trace329.csv,455.63,1.000000000001e-06,500000,,partial: calibration/probe/R0 terms unresolved,0.036180915,1.0,0.010444530507388486,,0.036180900000000016,1.0,0.01044452617726147,,0.036180900000000016,1.0,0.01044452617726147,,0.3020863709146426,0.2726333719810442,0.3020863709146426,455.0825787007671,456.2451539730706,0.005
forward,trace330.csv,466.88,1.000000000001e-06,500000,,partial: calibration/probe/R0 terms unresolved,0.022512599999999994,1.0,0.006498827835079183,,0.022512569999999996,1.0,0.006498819174825146,,0.022512599999999994,1.0,0.006498827835079183,,0.20025565681402452,0.1878406672310777,0.20025565681402452,466.5013216929282,467.2570190705052,0.005
forward,trace331.csv,465.98,1.000000000001e-06,500000,,partial: calibration/probe/R0 terms unresolved,0.022512599999999994,1.0,0.006498827835079183,,0.022512568999999996,1.0,0.006498818886150011,,0.022512599999999994,1.0,0.006498827835079183,,0.2160978983996643,0.23055911970255277,0.23055911970255277,465.5514280432197,466.437980765373,0.01
forward,trace332.csv,464.55,1.000000000001e-06,500000,,partial: calibration/probe/R0 terms unresolved,0.022512599999999994,1.0,0.006498827835079183,,0.022512568999999996,1.0,0.006498818886150011,,0.022512599999999994,1.0,0.006498827835079183,,0.2240792960154531,0.2082296148953417,0.2240792960154531,464.1144513983223,464.9775325654428,0.005
forward,trace333.csv,459.09,1.000000000001e-06,500000,,partial: calibration/probe/R0 terms unresolved,0.022512599999999994,1.0,0.006498827835079183,,0.022512568,1.0,0.006498818597474878,,0.022512599999999994,1.0,0.006498827835079183,,0.22568518433115442,0.2373322934856995,0.2373322934856995,458.6243000287263,459.5854535779229,0.01
forward,trace334.csv,460.66,1.000000000001e-06,500000,,partial: calibration/probe/R0 terms unresolved,0.022512599999999994,1.0,0.006498827835079183,,0.022512568,1.0,0.006498818597474878,,0.022512599999999994,1.0,0.006498827835079183,,0.21902923739661173,0.21328170759357473,0.21902923739661173,460.25401605711767,461.08443428736075,0.005
forward,trace335.csv,458.79,1.000000000001e-06,500000,,partial: calibration/probe/R0 terms unresolved,0.022512599999999994,1.0,0.006498827835079183,,0.022512568,1.0,0.006498818597474878,,0.022512599999999994,1.0,0.006498827835079183,,0.21331695144531168,0.21233250553571187,0.21331695144531168,458.340683845004,459.1612843788201,0.005
forward,trace336.csv,457.06,1.000000000001e-06,500000,,partial: calibration/probe/R0 terms unresolved,0.022512599999999994,1.0,0.006498827835079183,,0.022512568,1.0,0.006498818597474878,,0.022512599999999994,1.0,0.006498827835079183,,0.21529990309016062,0.20185304155819564,0.21529990309016062,456.6362674841405,457.4366995687277,0.005
forward,trace337.csv,456.59,1.000000000001e-06,500000,,partial: calibration/probe/R0 terms unresolved,0.022512599999999994,1.0,0.006498827835079183,,0.022512568,1.0,0.006498818597474878,,0.022512599999999994,1.0,0.006498827835079183,,0.2750871555303813,0.2590964731222833,0.2750871555303813,456.03634186245165,457.09650831862274,0.005
forward,trace338.csv,455.02,1.000000000001e-06,500000,,partial: calibration/probe/R0 terms unresolved,0.022512599999999994,1.0,0.006498827835079183,,0.022512568,1.0,0.006498818597474878,,0.022512599999999994,1.0,0.006498827835079183,,0.25906941261735106,0.2507254180537731,0.25906941261735106,454.542593676084,455.5136023612142,0.005
forward,trace339.csv,454.39,1.000000000001e-06,500000,,partial: calibration/probe/R0 terms unresolved,0.022512599999999994,1.0,0.006498827835079183,,0.022512568,1.0,0.006498818597474878,,0.022512599999999994,1.0,0.006498827835079183,,0.25571178159140834,0.26130866108301437,0.26130866108301437,453.81735051757056,454.8652473004283,0.01
forward,trace340.csv,452.66,1.000000000001e-06,500000,,partial: calibration/probe/R0 terms unresolved,0.022512599999999994,1.0,0.006498827835079183,,0.022512568999999996,1.0,0.006498818886150011,,0.022512599999999994,1.0,0.006498827835079183,,0.24066272491136256,0.21599972808326068,0.24066272491136256,452.1655243898953,453.1396004224988,0.005
forward,trace341.csv,449.6,1.000000000001e-06,500000,,partial: calibration/probe/R0 terms unresolved,0.022512599999999994,1.0,0.006498827835079183,,0.022512568999999996,1.0,0.006498818886150011,,0.022512599999999994,1.0,0.006498827835079183,,0.2516461029015904,0.2644681388385456,0.2644681388385456,449.08865236879376,450.11869346348533,0.01
forward,trace342.csv,450.2,1.000000000001e-06,500000,,partial: calibration/probe/R0 terms unresolved,0.022512599999999994,1.0,0.006498827835079183,,0.022512568999999996,1.0,0.006498818886150011,,0.022512599999999994,1.0,0.006498827835079183,,0.2630386298531154,0.2397857478174124,0.2630386298531154,449.6601742024473,450.7195979441374,0.005
forward,trace343.csv,448.44,1.000000000001e-06,500000,,partial: calibration/probe/R0 terms unresolved,0.022512599999999994,1.0,0.006498827835079183,,0.022512569999999996,1.0,0.006498819174825146,,0.022512599999999994,1.0,0.006498827835079183,,0.23890171662296933,0.27251502648428133,0.27251502648428133,447.90566238448145,448.9310371507368,0.01
forward,trace344.csv,448.86,1.000000000001e-06,500000,,partial: calibration/probe/R0 terms unresolved,0.022512599999999994,1.0,0.006498827835079183,,0.022512569999999996,1.0,0.006498819174825146,,0.022512599999999994,1.0,0.006498827835079183,,0.3039628177999837,0.2986308172722195,0.3039628177999837,448.242444336877,449.49320683034136,0.005
forward,trace345.csv,446.5,1.000000000001e-06,500000,,partial: calibration/probe/R0 terms unresolved,0.022512599999999994,1.0,0.006498827835079183,,0.022512569999999996,1.0,0.006498819174825146,,0.022512599999999994,1.0,0.006498827835079183,,0.24429196608663997,0.24978594673237597,0.24978594673237597,446.0531362776575,446.99191744404067,0.01
forward,trace346.csv,445.5,1.000000000001e-06,500000,,partial: calibration/probe/R0 terms unresolved,0.022512599999999994,1.0,0.006498827835079183,,0.022512569999999996,1.0,0.006498819174825146,,0.022512599999999994,1.0,0.006498827835079183,,0.28094256519146704,0.21808665483238465,0.28094256519146704,444.94049976235084,446.0542180540808,0.005
forward,trace347.csv,443.7,1.000000000001e-06,500000,,partial: calibration/probe/R0 terms unresolved,0.022512599999999994,1.0,0.006498827835079183,,0.022512568999999996,1.0,0.006498818886150011,,0.022512599999999994,1.0,0.006498827835079183,,0.2467038725224048,0.2654488063723644,0.2654488063723644,443.17848195873756,444.20000451052795,0.01
forward,trace348.csv,442.72,1.000000000001e-06,500000,,partial: calibration/probe/R0 terms unresolved,0.022512599999999994,1.0,0.006498827835079183,,0.022512569999999996,1.0,0.006498819174825146,,0.022512599999999994,1.0,0.006498827835079183,,0.26486974874921,0.2890306381056047,0.2890306381056047,442.14917527771576,443.28868128511175,0.01
forward,trace349.csv,442.39,1.000000000001e-06,500000,,partial: calibration/probe/R0 terms unresolved,0.022512599999999994,1.0,0.006498827835079183,,0.022512569999999996,1.0,0.006498819174825146,,0.022512599999999994,1.0,0.006498827835079183,,0.23075244651637475,0.21907289698156926,0.23075244651637475,441.9435255714386,442.8510920364763,0.005
forward,trace350.csv,440.15,1.000000000001e-06,500000,,partial: calibration/probe/R0 terms unresolved,0.022512599999999994,1.0,0.006498827835079183,,0.022512569999999996,1.0,0.006498819174825146,,0.022512599999999994,1.0,0.006498827835079183,,0.24633682648983832,0.24195181753934963,0.24633682648983832,439.68578705524544,440.6410955875809,0.005
forward,trace351.csv,438.94,1.000000000001e-06,500000,,partial: calibration/probe/R0 terms unresolved,0.022512599999999994,1.0,0.006498827835079183,,0.022512569999999996,1.0,0.006498819174825146,,0.022512599999999994,1.0,0.006498827835079183,,0.25230619876172017,0.24896204233256844,0.25230619876172017,438.45005688009724,439.4559259114774,0.005
forward,trace352.csv,437.57,1.000000000001e-06,500000,,partial: calibration/probe/R0 terms unresolved,0.022512599999999994,1.0,0.006498827835079183,,0.022512569999999996,1.0,0.006498819174825146,,0.022512599999999994,1.0,0.006498827835079183,,0.32420375331325957,0.3053147637756533,0.32420375331325957,436.90769275772834,438.1424564430387,0.005
forward,trace353.csv,435.71,1.000000000001e-06,500000,,partial: calibration/probe/R0 terms unresolved,0.022512599999999994,1.0,0.006498827835079183,,0.022512569999999996,1.0,0.006498819174825146,,0.022512599999999994,1.0,0.006498827835079183,,0.26558612700424494,0.30776756207060463,0.30776756207060463,435.11254682020484,436.3397490027049,0.01
forward,trace354.csv,433.52,1.000000000001e-06,500000,,partial: calibration/probe/R0 terms unresolved,0.022512599999999994,1.0,0.006498827835079183,,0.022512569999999996,1.0,0.006498819174825146,,0.022512599999999994,1.0,0.006498827835079183,,0.25467269776244295,0.2753678045140778,0.2753678045140778,433.0053734695265,434.05005853150874,0.01
forward,trace355.csv,432.75,1.000000000001e-06,500000,,partial: calibration/probe/R0 terms unresolved,0.022512599999999994,1.0,0.006498827835079183,,0.022512568,1.0,0.006498818597474878,,0.022512599999999994,1.0,0.006498827835079183,,0.22308350222085221,0.23774529617222795,0.23774529617222795,432.2900000702306,433.19161878251276,0.01
forward,trace356.csv,432.28,1.000000000001e-06,500000,,partial: calibration/probe/R0 terms unresolved,0.022512599999999994,1.0,0.006498827835079183,,0.022512568,1.0,0.006498818597474878,,0.022512599999999994,1.0,0.006498827835079183,,0.27818721969491494,0.33962378220146866,0.33962378220146866,431.6344117786647,432.956284686141,0.01
forward,trace357.csv,429.5,1.000000000001e-06,500000,,partial: calibration/probe/R0 terms unresolved,0.022512599999999994,1.0,0.006498827835079183,,0.022512568999999996,1.0,0.006498818886150011,,0.022512599999999994,1.0,0.006498827835079183,,0.29906433416132056,0.2921360840718709,0.29906433416132056,428.9023324655894,430.0443633513058,0.005
forward,trace358.csv,427.39,1.000000000001e-06,500000,,partial: calibration/probe/R0 terms unresolved,0.022512599999999994,1.0,0.006498827835079183,,0.022512568,1.0,0.006498818597474878,,0.022512599999999994,1.0,0.006498827835079183,,0.2539744818521946,0.250980363697134,0.2539744818521946,426.8731126585385,427.878378247052,0.005
forward,trace359.csv,423.41,1.000000000001e-06,500000,,partial: calibration/probe/R0 terms unresolved,0.022512599999999994,1.0,0.006498827835079183,,0.022512568,1.0,0.006498818597474878,,0.022512599999999994,1.0,0.006498827835079183,,0.2635368101304643,0.23251081788645586,0.2635368101304643,422.93242815046807,423.905390186893,0.005
forward,trace360.csv,420.85,1.000000000001e-06,500000,,partial: calibration/probe/R0 terms unresolved,0.022512599999999994,1.0,0.006498827835079183,,0.022512568,1.0,0.006498818597474878,,0.022512599999999994,1.0,0.006498827835079183,,0.25864494657880366,0.2649609499618586,0.2649609499618586,420.3715261972747,421.34579235640854,0.01
forward,trace361.csv,418.8,1.000000000001e-06,500000,,partial: calibration/probe/R0 terms unresolved,0.022512599999999994,1.0,0.006498827835079183,,0.022512568,1.0,0.006498818597474878,,0.022512599999999994,1.0,0.006498827835079183,,0.2655018111342438,0.26332993434183466,0.2655018111342438,418.3076487744241,419.3209970433238,0.005
forward,trace362.csv,415.6,1.000000000001e-06,500000,,partial: calibration/probe/R0 terms unresolved,0.022512599999999994,1.0,0.006498827835079183,,0.022512568,1.0,0.006498818597474878,,0.022512599999999994,1.0,0.006498827835079183,,0.22232300341887307,0.2035243187845205,0.22232300341887307,415.16591161480096,416.0170906406279,0.005
forward,trace363.csv,412.78,1.000000000001e-06,500000,,partial: calibration/probe/R0 terms unresolved,0.022512599999999994,1.0,0.006498827835079183,,0.022512568,1.0,0.006498818597474878,,0.022512599999999994,1.0,0.006498827835079183,,0.25763183951507573,0.25373417950282656,0.25763183951507573,412.29602747288544,413.27424562506513,0.005
forward,trace364.csv,408.98,1.000000000001e-06,500000,,partial: calibration/probe/R0 terms unresolved,0.022512599999999994,1.0,0.006498827835079183,,0.022512568,1.0,0.006498818597474878,,0.022512599999999994,1.0,0.006498827835079183,,0.24298834598273902,0.20763028620562277,0.24298834598273902,408.4728202548656,409.3954445620313,0.005
forward,trace365.csv,405.89,1.000000000001e-06,500000,,partial: calibration/probe/R0 terms unresolved,0.022512599999999994,1.0,0.006498827835079183,,0.022512568,1.0,0.006498818597474878,,0.022512599999999994,1.0,0.006498827835079183,,0.30053272841330203,0.2904144004217745,0.30053272841330203,405.28718168936484,406.3987061474393,0.005
forward,trace366.csv,400.89,1.000000000001e-06,500000,,partial: calibration/probe/R0 terms unresolved,0.022512599999999994,1.0,0.006498827835079183,,0.022512565,1.0,0.0064988177314494735,,0.022512599999999994,1.0,0.006498827835079183,,0.30654502796095234,0.32797412437288803,0.32797412437288803,400.27169554217477,401.61154310195246,0.01
forward,trace367.csv,399.99,1.000000000001e-06,500000,,partial: calibration/probe/R0 terms unresolved,0.022512599999999994,1.0,0.006498827835079183,,0.022512565,1.0,0.0064988177314494735,,0.022512599999999994,1.0,0.006498827835079183,,0.2458010897301028,0.24156965119366897,0.2458010897301028,399.48754939668095,400.47665306676,0.005
forward,trace368.csv,397.48,1.000000000001e-06,500000,,partial: calibration/probe/R0 terms unresolved,0.022512599999999994,1.0,0.006498827835079183,,0.022512565,1.0,0.0064988177314494735,,0.022512599999999994,1.0,0.006498827835079183,,0.2630653836830386,0.26343434871326105,0.26343434871326105,396.93815857565346,397.936099622921,0.01
forward,trace369.csv,394.47,1.000000000001e-06,500000,,partial: calibration/probe/R0 terms unresolved,0.022512599999999994,1.0,0.006498827835079183,,0.022512565,1.0,0.0064988177314494735,,0.022512599999999994,1.0,0.006498827835079183,,0.31167116897606345,0.3330770408175551,0.3330770408175551,393.8114522090658,395.08525870069633,0.01
forward,trace370.csv,391.43,1.000000000001e-06,500000,,partial: calibration/probe/R0 terms unresolved,0.022512599999999994,1.0,0.006498827835079183,,0.022512568,1.0,0.006498818597474878,,0.022512599999999994,1.0,0.006498827835079183,,0.2805589153453805,0.2793714271129429,0.2805589153453805,390.9584696512123,391.9819203190591,0.005
forward,trace371.csv,387.98,1.000000000001e-06,500000,,partial: calibration/probe/R0 terms unresolved,0.022512599999999994,1.0,0.006498827835079183,,0.022512568,1.0,0.006498818597474878,,0.022512599999999994,1.0,0.006498827835079183,,0.3445518791392183,0.3683202236136059,0.3683202236136059,387.21992953484033,388.66083464400407,0.01
forward,trace372.csv,386.84,1.000000000001e-06,500000,,partial: calibration/probe/R0 terms unresolved,0.022512599999999994,1.0,0.006498827835079183,,0.022512568,1.0,0.006498818597474878,,0.022512599999999994,1.0,0.006498827835079183,,0.31283801948357104,0.2944571839934566,0.31283801948357104,386.21642368923904,387.4541282935398,0.005
forward,trace373.csv,386.4,1.000000000001e-06,500000,,partial: calibration/probe/R0 terms unresolved,0.022512599999999994,1.0,0.006498827835079183,,0.022512568,1.0,0.006498818597474878,,0.022512599999999994,1.0,0.006498827835079183,,0.3459194642906456,0.36177962839462624,0.36177962839462624,385.715736119846,387.077694305492,0.01
forward,trace374.csv,384.95,1.000000000001e-06,500000,,partial: calibration/probe/R0 terms unresolved,0.022512599999999994,1.0,0.006498827835079183,,0.022512568,1.0,0.006498818597474878,,0.022512599999999994,1.0,0.006498827835079183,,0.42682931305495453,0.34793002137161877,0.42682931305495453,384.0763048738155,385.76354061463473,0.005
forward,trace375.csv,383.03,1.000000000001e-06,500000,,partial: calibration/probe/R0 terms unresolved,0.022512599999999994,1.0,0.006498827835079183,,0.022512565,1.0,0.0064988177314494735,,0.022512599999999994,1.0,0.006498827835079183,,0.3299893589708786,0.33022014104582953,0.33022014104582953,382.3591656998642,383.6595157560985,0.01
forward,trace376.csv,380.79,1.000000000001e-06,500000,,partial: calibration/probe/R0 terms unresolved,0.022512599999999994,1.0,0.006498827835079183,,0.022512565,1.0,0.0064988177314494735,,0.022512599999999994,1.0,0.006498827835079183,,0.2652314402461602,0.25165909618654836,0.2652314402461602,380.28230496208494,381.3272492577763,0.005
forward,trace377.csv,378.01,1.000000000001e-06,500000,,partial: calibration/probe/R0 terms unresolved,0.022512599999999994,1.0,0.006498827835079183,,0.022512562,1.0,0.00649881686542407,,0.022512599999999994,1.0,0.006498827835079183,,0.3859336152421515,0.3548686330383803,0.3859336152421515,377.2627117960291,378.7396018942322,0.005
forward,trace378.csv,377.6,1.000000000001e-06,500000,,partial: calibration/probe/R0 terms unresolved,0.022512599999999994,1.0,0.006498827835079183,,0.022512562,1.0,0.00649881686542407,,0.022512599999999994,1.0,0.006498827835079183,,0.3411788166568026,0.3459708335678956,0.3459708335678956,376.95380019937875,378.240808429017,0.01
forward,trace379.csv,375.79,1.000000000001e-06,500000,,partial: calibration/probe/R0 terms unresolved,0.022512599999999994,1.0,0.006498827835079183,,0.022512562,1.0,0.00649881686542407,,0.022512599999999994,1.0,0.006498827835079183,,0.2834305329985967,0.31866013057784764,0.31866013057784764,375.1750705622404,376.3767295892841,0.01
forward,trace380.csv,374.1,1.000000000001e-06,500000,,partial: calibration/probe/R0 terms unresolved,0.022512599999999994,1.0,0.006498827835079183,,0.022512562,1.0,0.00649881686542407,,0.022512599999999994,1.0,0.006498827835079183,,0.31045842282727665,0.3030264667333311,0.31045842282727665,373.53357927762863,374.72268177199237,0.005
forward,trace381.csv,373.37,1.000000000001e-06,500000,,partial: calibration/probe/R0 terms unresolved,0.022512599999999994,1.0,0.006498827835079183,,0.022512562,1.0,0.00649881686542407,,0.022512599999999994,1.0,0.006498827835079183,,0.31654495730986076,0.33994187533507086,0.33994187533507086,372.6616406176587,374.0888878157024,0.01
forward,trace382.csv,371.68,1.000000000001e-06,500000,,partial: calibration/probe/R0 terms unresolved,0.022512599999999994,1.0,0.006498827835079183,,0.022512562,1.0,0.00649881686542407,,0.022512599999999994,1.0,0.006498827835079183,,0.3435424962802976,0.30991125248870255,0.3435424962802976,371.0097953097513,372.3773623559909,0.005
forward,trace383.csv,370.14,1.000000000001e-06,500000,,partial: calibration/probe/R0 terms unresolved,0.022512599999999994,1.0,0.006498827835079183,,0.022512562,1.0,0.00649881686542407,,0.022512599999999994,1.0,0.006498827835079183,,0.3453017238850019,0.361441073789683,0.361441073789683,369.4738822024544,370.81536567152375,0.01
forward,trace384.csv,369.29,1.000000000001e-06,500000,,partial: calibration/probe/R0 terms unresolved,0.022512599999999994,1.0,0.006498827835079183,,0.022512562,1.0,0.00649881686542407,,0.022512599999999994,1.0,0.006498827835079183,,0.3784162035053167,0.3956171224744205,0.3956171224744205,368.5205018930028,370.07317621436476,0.01
forward,trace385.csv,367.02,1.000000000001e-06,500000,,partial: calibration/probe/R0 terms unresolved,0.022512599999999994,1.0,0.006498827835079183,,0.022512562,1.0,0.00649881686542407,,0.022512599999999994,1.0,0.006498827835079183,,0.3839840060449287,0.3269439303097997,0.3839840060449287,366.2765089589155,367.7032583294143,0.005
forward,trace386.csv,364.02,1.000000000001e-06,500000,,partial: calibration/probe/R0 terms unresolved,0.022512599999999994,1.0,0.006498827835079183,,0.022512565,1.0,0.0064988177314494735,,0.022512599999999994,1.0,0.006498827835079183,,0.4463407431164432,0.4839918126460234,0.4839918126460234,363.02241784051944,364.8896003553977,0.01
forward,trace387.csv,362.79,1.000000000001e-06,500000,,partial: calibration/probe/R0 terms unresolved,0.022512599999999994,1.0,0.006498827835079183,,0.022512565,1.0,0.0064988177314494735,,0.022512599999999994,1.0,0.006498827835079183,,0.25216206406617675,0.2512908197519802,0.25216206406617675,362.2504570485765,363.25863129190645,0.005
forward,trace388.csv,360.78,1.000000000001e-06,500000,,partial: calibration/probe/R0 terms unresolved,0.022512599999999994,1.0,0.006498827835079183,,0.022512562,1.0,0.00649881686542407,,0.022512599999999994,1.0,0.006498827835079183,,0.37551953084560036,0.40956884531264126,0.40956884531264126,359.95902883286925,361.5532481171036,0.01
forward,trace389.csv,358.93,1.000000000001e-06,500000,,partial: calibration/probe/R0 terms unresolved,0.022512599999999994,1.0,0.006498827835079183,,0.022512562,1.0,0.00649881686542407,,0.022512599999999994,1.0,0.006498827835079183,,0.32165826113081875,0.3335373722006675,0.3335373722006675,358.22842444434974,359.5177553695813,0.01
forward,trace390.csv,357.12,1.000000000001e-06,500000,,partial: calibration/probe/R0 terms unresolved,0.022512599999999994,1.0,0.006498827835079183,,0.022512562,1.0,0.00649881686542407,,0.022512599999999994,1.0,0.006498827835079183,,0.3537224512910897,0.38984306738424135,0.38984306738424135,356.3448066223822,357.8840866791437,0.01
forward,trace391.csv,354.34,1.000000000001e-06,500000,,partial: calibration/probe/R0 terms unresolved,0.022512599999999994,1.0,0.006498827835079183,,0.022512562,1.0,0.00649881686542407,,0.022512599999999994,1.0,0.006498827835079183,,0.28430178971351333,0.27621203836813263,0.28430178971351333,353.8118883958273,354.8663485872104,0.005
forward,trace392.csv,352.7,1.000000000001e-06,500000,,partial: calibration/probe/R0 terms unresolved,0.022512599999999994,1.0,0.006498827835079183,,0.022512562,1.0,0.00649881686542407,,0.022512599999999994,1.0,0.006498827835079183,,0.31605455727353576,0.3501763633655117,0.3501763633655117,352.00138375866123,353.36566582203903,0.01
forward,trace393.csv,350.07,1.000000000001e-06,500000,,partial: calibration/probe/R0 terms unresolved,0.022512599999999994,1.0,0.006498827835079183,,0.022512561,1.0,0.006498816576748936,,0.022512599999999994,1.0,0.006498827835079183,,0.3641900844779964,0.41486629681791554,0.41486629681791554,349.28822307495557,350.8186177356735,0.01
forward,trace394.csv,348.69,1.000000000001e-06,500000,,partial: calibration/probe/R0 terms unresolved,0.022512599999999994,1.0,0.006498827835079183,,0.022512561,1.0,0.006498816576748936,,0.022512599999999994,1.0,0.006498827835079183,,0.4121573969316179,0.4545912640050144,0.4545912640050144,347.8540959676849,349.6036257345205,0.01
forward,trace395.csv,347.07,1.000000000001e-06,500000,,partial: calibration/probe/R0 terms unresolved,0.022512599999999994,1.0,0.006498827835079183,,0.022512561,1.0,0.006498816576748936,,0.022512599999999994,1.0,0.006498827835079183,,0.2757426854860363,0.28174919822705896,0.28174919822705896,346.5424177598386,347.62586643696557,0.01
forward,trace396.csv,345.6,1.000000000001e-06,500000,,partial: calibration/probe/R0 terms unresolved,0.022512599999999994,1.0,0.006498827835079183,,0.022512561,1.0,0.006498816576748936,,0.022512599999999994,1.0,0.006498827835079183,,0.23758489793347726,0.26064981368781287,0.26064981368781287,345.09653271199795,346.1203758882774,0.01
forward,trace397.csv,343.06,1.000000000001e-06,500000,,partial: calibration/probe/R0 terms unresolved,0.022512599999999994,1.0,0.006498827835079183,,0.022512561,1.0,0.006498816576748936,,0.022512599999999994,1.0,0.006498827835079183,,0.33870536911929167,0.3312164531308998,0.33870536911929167,342.40892389950835,343.7118213901693,0.005
forward,trace398.csv,340.38,1.000000000001e-06,500000,,partial: calibration/probe/R0 terms unresolved,0.022512599999999994,1.0,0.006498827835079183,,0.022512561,1.0,0.006498816576748936,,0.022512599999999994,1.0,0.006498827835079183,,0.3496774519619228,0.3353466414054569,0.3496774519619228,339.6728062695613,341.0300660365821,0.005
forward,trace399.csv,338.6,1.000000000001e-06,500000,,partial: calibration/probe/R0 terms unresolved,0.022512599999999994,1.0,0.006498827835079183,,0.022512561,1.0,0.006498816576748936,,0.022512599999999994,1.0,0.006498827835079183,,0.29810709192659923,0.31829823359715587,0.31829823359715587,337.964235312099,339.21256355051537,0.01
forward,trace400.csv,334.08,1.000000000001e-06,500000,,partial: calibration/probe/R0 terms unresolved,0.022512599999999994,1.0,0.006498827835079183,,0.02251256,1.0,0.006498816288073801,,0.022512599999999994,1.0,0.006498827835079183,,0.3674835073838302,0.34863235966502115,0.3674835073838302,333.2601886507813,334.76036020801183,0.005
forward,trace401.csv,331.51,1.000000000001e-06,500000,,partial: calibration/probe/R0 terms unresolved,0.022512599999999994,1.0,0.006498827835079183,,0.02251256,1.0,0.006498816288073801,,0.022512599999999994,1.0,0.006498827835079183,,0.3320662985885035,0.3375512411597093,0.3375512411597093,330.96332660748993,332.2552183078702,0.01
forward,trace402.csv,327.83,1.000000000001e-06,500000,,partial: calibration/probe/R0 terms unresolved,0.022512599999999994,1.0,0.006498827835079183,,0.022512561,1.0,0.006498816576748936,,0.022512599999999994,1.0,0.006498827835079183,,0.4034797512846214,0.3562058301747372,0.4034797512846214,327.03903994600415,328.6501173490754,0.005
forward,trace403.csv,327.91,1.000000000001e-06,500000,,partial: calibration/probe/R0 terms unresolved,0.022512599999999994,1.0,0.006498827835079183,,0.02251256,1.0,0.006498816288073801,,0.022512599999999994,1.0,0.006498827835079183,,0.305955359798981,0.32588576322534163,0.32588576322534163,327.22643512881126,328.4910697264341,0.01
forward,trace404.csv,317.72,1.000000000001e-06,500000,,partial: calibration/probe/R0 terms unresolved,0.022512599999999994,1.0,0.006498827835079183,,0.02251256,1.0,0.006498816288073801,,0.022512599999999994,1.0,0.006498827835079183,,0.3640284623889303,0.40476797748036686,0.40476797748036686,316.96305530314953,318.4989670266407,0.01
forward,trace405.csv,314.71,1.000000000001e-06,500000,,partial: calibration/probe/R0 terms unresolved,0.022512599999999994,1.0,0.006498827835079183,,0.02251256,1.0,0.006498816288073801,,0.022512599999999994,1.0,0.006498827835079183,,0.3197909028643036,0.2761559510145873,0.3197909028643036,314.0693088128978,315.3070185788678,0.005
forward,trace406.csv,314.04,1.000000000001e-06,500000,,partial: calibration/probe/R0 terms unresolved,0.08040200000000003,1.0,0.023210058171692156,,0.08040199999999997,1.0,0.02321005817169214,,0.080402,1.0,0.02321005817169215,,0.04615336522781783,0.04699792891327612,0.04699792891327612,313.9424431791968,314.12093133551764,0.01
forward,trace407.csv,290.39,1.000000000001e-06,500000,,partial: calibration/probe/R0 terms unresolved,0.08040200000000003,1.0,0.023210058171692156,,0.08040199999999997,1.0,0.02321005817169214,,0.080402,1.0,0.02321005817169215,,0.05346344147893679,0.055558399184384516,0.055558399184384516,290.2700972366825,290.5075102245673,0.01
forward,trace408.csv,274.35,1.000000000001e-06,500000,,partial: calibration/probe/R0 terms unresolved,0.08040200000000003,1.0,0.023210058171692156,,0.08040199999999997,1.0,0.02321005817169214,,0.08040200000000002,1.0,0.023210058171692152,,0.04180402672697804,0.04268872370488665,0.04268872370488665,274.2715625396233,274.43634870556934,0.01
forward,trace409.csv,249.45,1.000000000001e-06,500000,,partial: calibration/probe/R0 terms unresolved,0.08040200000000003,1.0,0.023210058171692156,,0.08040199999999997,1.0,0.02321005817169214,,0.080402,1.0,0.02321005817169215,,0.0509380777153831,0.05338722944470082,0.05338722944470082,249.35013642560887,249.55526168329428,0.01
forward,trace410.csv,220.33,1.000000000001e-06,500000,,partial: calibration/probe/R0 terms unresolved,0.08040200000000003,1.0,0.023210058171692156,,0.08040199999999997,1.0,0.02321005817169214,,0.080402,1.0,0.02321005817169215,,0.05244367242492774,0.04823520582122251,0.05244367242492774,220.24584984476232,220.4348769388372,0.005
forward,trace411.csv,190.97,1.000000000001e-06,500000,,partial: calibration/probe/R0 terms unresolved,0.08040200000000003,1.0,0.023210058171692156,,0.08040199999999997,1.0,0.02321005817169214,,0.080402,1.0,0.02321005817169215,,0.046235814879776155,0.04399251399892845,0.046235814879776155,190.88782917618127,191.0663717350861,0.005
forward,trace412.csv,172.17,1.000000000001e-06,500000,,partial: calibration/probe/R0 terms unresolved,0.08040200000000003,1.0,0.023210058171692156,,0.08040199999999997,1.0,0.02321005817169214,,0.08040200000000003,1.0,0.023210058171692156,,0.045455954580042555,0.038955029871034726,0.045455954580042555,172.0787676077012,172.25376648971488,0.005
forward,trace413.csv,148.92,1.000000000001e-06,500000,,partial: calibration/probe/R0 terms unresolved,0.08040200000000003,1.0,0.023210058171692156,,0.08040199999999997,1.0,0.02321005817169214,,0.08040200000000003,1.0,0.023210058171692156,,0.046771941054208184,0.05161825644800156,0.05161825644800156,148.82262160660724,149.0124163660723,0.01
forward,trace414.csv,121.48,1.000000000001e-06,500000,,partial: calibration/probe/R0 terms unresolved,0.08040200000000003,1.0,0.023210058171692156,,0.08040199999999997,1.0,0.02321005817169214,,0.08040200000000003,1.0,0.023210058171692156,,0.04416176309870499,0.04493987717985501,0.04493987717985501,121.39585946198709,121.5668386893729,0.01
forward,trace415.csv,91.89,1.000000000001e-06,500000,,partial: calibration/probe/R0 terms unresolved,0.08040200000000003,1.0,0.023210058171692156,,0.08040199999999997,1.0,0.02321005817169214,,0.08040200000000003,1.0,0.023210058171692156,,0.036139910462402454,0.03919562323634495,0.03919562323634495,91.81347834474022,91.95590524036957,0.01
forward,trace416.csv,62.13,1.000000000001e-06,500000,,partial: calibration/probe/R0 terms unresolved,0.08040200000000003,1.0,0.023210058171692156,,0.08040199999999997,1.0,0.02321005817169214,,0.08040200000000003,1.0,0.023210058171692156,,0.043674380460692386,0.04485067593453875,0.04485067593453875,62.05699454342878,62.21542536537133,0.01
forward,trace417.csv,37.41,1.000000000001e-06,500000,,partial: calibration/probe/R0 terms unresolved,0.08040200000000003,1.0,0.023210058171692156,,0.08040199999999997,1.0,0.02321005817169214,,0.08040200000000003,1.0,0.023210058171692156,,0.04981870503443033,0.0495862113730176,0.04981870503443033,37.31418922367147,37.50738079776529,0.005
forward,trace418.csv,3.66,1.000000000001e-06,500000,,partial: calibration/probe/R0 terms unresolved,0.08040200000000003,1.0,0.023210058171692156,,0.08040199999999997,1.0,0.02321005817169214,,0.08040200000000003,1.0,0.023210058171692156,,0.04791772486306641,0.046447643176954524,0.04791772486306641,3.5656240360186215,3.7548696275142484,0.005
